_MEMBER_MyList,_LogP_MyList,GO,_PATTERN_,_RANK_,GiniIndex,Category,CategoryID,Description,PARENT_GO,LogP,Enrichment,Z-score,#TotalGeneInLibrary,#GeneInGO,#GeneInHitList,#GeneInGOAndHitList,%InGO,STDV %InGO,GeneID,Hits,Log(q-value),EvidenceCutoff
1,-7.1,C0085207,M1,1,0,DisGeNET,35,Gestational Diabetes,,-7.1,7.4,8.2,30284,649,76,12,16,4.2,290|1545|1591|3484|5465|5743|6654|7412|7433|9518|80201|80274,ANPEP|CYP1B1|CYP24A1|IGFBP1|PPARA|PTGS2|SOS1|VCAM1|VIPR1|GDF15|HKDC1|SCUBE1,-3.2,0
1,-6.8,C1304119,M1,1,0,DisGeNET,35,Chronic stable plaque psoriasis,,-6.8,2.4e+02,27,30284,5,76,3,3.9,2.2,1543|1545|54658,CYP1A1|CYP1B1|UGT1A1,-3,0
1,-6.5,C4529962,M1,1,0,DisGeNET,35,Fatty Liver Disease,,-6.5,6.5,7.5,30284,741,76,12,16,4.2,290|3032|5465|5743|7412|8605|8856|8878|9518|11093|25987|51703,ANPEP|HADHB|PPARA|PTGS2|VCAM1|PLA2G4C|NR1I2|SQSTM1|GDF15|ADAMTS13|TSKU|ACSL5,-2.9,0
1,-6.1,C0019158,M1,1,0,DisGeNET,35,Hepatitis,,-6.1,6.7,7.4,30284,655,76,11,14,4,1545|5465|5743|7412|7433|8856|8878|9518|25976|54658|80201,CYP1B1|PPARA|PTGS2|VCAM1|VIPR1|NR1I2|SQSTM1|GDF15|TIPARP|UGT1A1|HKDC1,-2.7,0
1,-6,C0596321,M1,1,0,DisGeNET,35,Chemical Carcinogenesis,,-6,28,11,30284,71,76,5,6.6,2.8,1543|1545|5465|5743|8856,CYP1A1|CYP1B1|PPARA|PTGS2|NR1I2,-2.6,0
1,-6,C0008370,M1,1,0,DisGeNET,35,Cholestasis,,-6,8.5,7.8,30284,420,76,9,12,3.7,290|3032|5465|6581|7412|8856|9962|11093|54658,ANPEP|HADHB|PPARA|SLC22A3|VCAM1|NR1I2|SLC23A2|ADAMTS13|UGT1A1,-2.6,0
1,-5.5,C0020473,M1,1,0,DisGeNET,35,Hyperlipidemia,,-5.5,7.6,7.2,30284,472,76,9,12,3.7,290|1543|5465|5743|7412|8856|8878|51703|64838,ANPEP|CYP1A1|PPARA|PTGS2|VCAM1|NR1I2|SQSTM1|ACSL5|FNDC4,-2.2,0
1,-5.5,C1704272,M1,1,0,DisGeNET,35,Benign Prostatic Hyperplasia,,-5.5,5.7,6.6,30284,770,76,11,14,4,1543|1545|5465|5743|6581|7433|8856|8878|9518|54658|120224,CYP1A1|CYP1B1|PPARA|PTGS2|SLC22A3|VIPR1|NR1I2|SQSTM1|GDF15|UGT1A1|TMEM45B,-2.2,0
1,-5.3,C0149521,M1,1,0,DisGeNET,35,"Pancreatitis, Chronic",,-5.3,8.4,7.3,30284,379,76,8,11,3.5,1543|1591|2069|4586|5743|7032|9518|54658,CYP1A1|CYP24A1|EREG|MUC5AC|PTGS2|TFF2|GDF15|UGT1A1,-2.1,0
1,-5.2,C0032584,M1,1,0,DisGeNET,35,polyps,,-5.2,8.2,7.2,30284,390,76,8,11,3.5,1591|2069|4586|5743|6581|7032|7412|8878,CYP24A1|EREG|MUC5AC|PTGS2|SLC22A3|TFF2|VCAM1|SQSTM1,-2,0
1,-5.2,C0242216,M1,1,0,DisGeNET,35,Biliary calculi,,-5.2,33,11,30284,48,76,4,5.3,2.6,290|4586|11015|54658,ANPEP|MUC5AC|KDELR3|UGT1A1,-2,0
1,-5.1,C0878500,M1,1,0,DisGeNET,35,Intraepithelial Neoplasia,,-5.1,13,8.1,30284,186,76,6,7.9,3.1,360|2069|4586|5743|7053|8140,AQP3|EREG|MUC5AC|PTGS2|TGM3|SLC7A5,-2,0
1,-5.1,C0376618,M1,1,0,DisGeNET,35,Endotoxemia,,-5.1,7.9,7,30284,401,76,8,11,3.5,2069|3484|5743|7412|7433|8856|8878|11093,EREG|IGFBP1|PTGS2|VCAM1|VIPR1|NR1I2|SQSTM1|ADAMTS13,-2,0
1,-5.1,C0338106,M1,1,0,DisGeNET,35,Adenocarcinoma of colon,,-5.1,7.9,7,30284,406,76,8,11,3.5,290|1543|4586|5465|5743|8856|54658|102724428,ANPEP|CYP1A1|MUC5AC|PPARA|PTGS2|NR1I2|UGT1A1|LOC102724428,-2,0
1,-5.1,C0334233,M1,1,0,DisGeNET,35,Pleomorphic carcinoma,,-5.1,75,15,30284,16,76,3,3.9,2.2,1543|6520|8140,CYP1A1|SLC3A2|SLC7A5,-2,0
1,-5,C1963943,M1,1,0,DisGeNET,35,Atherothrombosis,,-5,17,8.8,30284,115,76,5,6.6,2.8,5743|6520|7412|8856|9518,PTGS2|SLC3A2|VCAM1|NR1I2|GDF15,-1.9,0
1,-4.9,C0202236,M1,1,0,DisGeNET,35,Triglycerides measurement,,-4.9,6.4,6.5,30284,563,76,9,12,3.7,1543|4862|6581|7412|8605|23042|23764|51291|54658,CYP1A1|NPAS2|SLC22A3|VCAM1|PLA2G4C|PDXDC1|MAFF|GMIP|UGT1A1,-1.9,0
1,-4.9,C0524910,M1,1,0,DisGeNET,35,"Hepatitis C, Chronic",,-4.9,7.4,6.7,30284,430,76,8,11,3.5,1543|1591|4938|5465|5743|7433|8856|54658,CYP1A1|CYP24A1|OAS1|PPARA|PTGS2|VIPR1|NR1I2|UGT1A1,-1.9,0
1,-4.6,C0007107,M1,1,0,DisGeNET,35,Malignant neoplasm of larynx,,-4.6,8,6.6,30284,349,76,7,9.2,3.3,1543|1545|5743|6520|8140|8878|54658,CYP1A1|CYP1B1|PTGS2|SLC3A2|SLC7A5|SQSTM1|UGT1A1,-1.6,0
1,-4.5,C4733092,M1,1,0,DisGeNET,35,estrogen receptor-negative breast cancer,,-4.5,7.8,6.5,30284,356,76,7,9.2,3.3,1543|1545|1591|5743|51703|54658|399665,CYP1A1|CYP1B1|CYP24A1|PTGS2|ACSL5|UGT1A1|EEIG1,-1.5,0
1,-4.5,C0023532,M1,1,0,DisGeNET,35,"Leukoplakia, Oral",,-4.5,14,7.7,30284,144,76,5,6.6,2.8,1543|1545|5743|7053|102724428,CYP1A1|CYP1B1|PTGS2|TGM3|LOC102724428,-1.5,0
1,-4.5,C1859807,M1,1,0,DisGeNET,35,"AMYOTROPHIC LATERAL SCLEROSIS 2, JUVENILE (disorder)",,-4.5,48,12,30284,25,76,3,3.9,2.2,6654|8878|259173,SOS1|SQSTM1|ALS2CL,-1.5,0
1,-4.5,C0011603,M1,1,0,DisGeNET,35,Dermatitis,,-4.5,6.4,6.1,30284,496,76,8,11,3.5,2069|2838|5465|5743|7053|7412|8140|8856,EREG|GPR15|PPARA|PTGS2|TGM3|VCAM1|SLC7A5|NR1I2,-1.5,0
1,-4.4,C0037286,M1,1,0,DisGeNET,35,Skin Neoplasms,,-4.4,7.7,6.4,30284,363,76,7,9.2,3.3,360|2069|5743|6654|7412|8856|8878,AQP3|EREG|PTGS2|SOS1|VCAM1|NR1I2|SQSTM1,-1.5,0
1,-4.4,C0740457,M1,1,0,DisGeNET,35,Malignant neoplasm of kidney,,-4.4,5.4,5.8,30284,664,76,9,12,3.7,1543|1545|4862|5743|6520|6581|8856|8878|80274,CYP1A1|CYP1B1|NPAS2|PTGS2|SLC3A2|SLC22A3|NR1I2|SQSTM1|SCUBE1,-1.5,0
1,-4.3,C1527390,M1,1,0,DisGeNET,35,"Neoplasms, Intracranial",,-4.3,13,7.4,30284,157,76,5,6.6,2.8,1545|4938|5465|5743|9518,CYP1B1|OAS1|PPARA|PTGS2|GDF15,-1.4,0
1,-4.3,C3875321,M1,1,0,DisGeNET,35,Inflammatory dermatosis,,-4.3,7.3,6.2,30284,382,76,7,9.2,3.3,2069|5465|5743|7053|7412|8140|8856,EREG|PPARA|PTGS2|TGM3|VCAM1|SLC7A5|NR1I2,-1.4,0
1,-4.3,C0031099,M1,1,0,DisGeNET,35,Periodontitis,,-4.3,5.3,5.7,30284,679,76,9,12,3.7,290|360|1543|1545|5465|5743|7412|8856|8878,ANPEP|AQP3|CYP1A1|CYP1B1|PPARA|PTGS2|VCAM1|NR1I2|SQSTM1,-1.4,0
1,-4.3,C0014170,M1,1,0,DisGeNET,35,Endometrial Neoplasms,,-4.3,9.2,6.6,30284,261,76,6,7.9,3.1,1543|1545|3484|5743|8856|54658,CYP1A1|CYP1B1|IGFBP1|PTGS2|NR1I2|UGT1A1,-1.4,0
1,-4.3,C0155490,M1,1,0,DisGeNET,35,Middle Ear Cholesteatoma,,-4.3,41,11,30284,29,76,3,3.9,2.2,2069|5743|6581,EREG|PTGS2|SLC22A3,-1.4,0
1,-4.2,C0860207,M1,1,0,DisGeNET,35,Drug-Induced Liver Disease,,-4.2,5.9,5.8,30284,537,76,8,11,3.5,1543|4938|5465|5743|8856|9615|54658|84913,CYP1A1|OAS1|PPARA|PTGS2|NR1I2|GDA|UGT1A1|ATOH8,-1.4,0
1,-4.2,C4551686,M1,1,0,DisGeNET,35,Malignant neoplasm of soft tissue,,-4.2,5.1,5.5,30284,699,76,9,12,3.7,4862|5743|6550|7433|9424|9518|54658|57491|102724428,NPAS2|PTGS2|SLC9A3|VIPR1|KCNK6|GDF15|UGT1A1|AHRR|LOC102724428,-1.4,0
1,-4.2,C0024115,M1,1,0,DisGeNET,35,Lung diseases,,-4.2,5.1,5.5,30284,700,76,9,12,3.7,1543|2069|4586|5465|5743|6550|7032|8856|57491,CYP1A1|EREG|MUC5AC|PPARA|PTGS2|SLC9A3|TFF2|NR1I2|AHRR,-1.4,0
1,-4.2,C0013221,M1,1,0,DisGeNET,35,Drug toxicity,,-4.2,19,8.2,30284,86,76,4,5.3,2.6,3484|5465|5743|54658,IGFBP1|PPARA|PTGS2|UGT1A1,-1.4,0
1,-4.2,C0041755,M1,1,0,DisGeNET,35,Adverse reaction to drug,,-4.2,18,8.1,30284,87,76,4,5.3,2.6,3484|5465|5743|54658,IGFBP1|PPARA|PTGS2|UGT1A1,-1.4,0
1,-4.2,C1519689,M1,1,0,DisGeNET,35,Tumor Promotion,,-4.2,12,7,30284,170,76,5,6.6,2.8,1543|2069|5743|6520|8856,CYP1A1|EREG|PTGS2|SLC3A2|NR1I2,-1.4,0
1,-4.1,C0023267,M1,1,0,DisGeNET,35,Fibroid Tumor,,-4.1,6.8,5.9,30284,413,76,7,9.2,3.3,1543|1545|3484|5743|6520|8140|8878,CYP1A1|CYP1B1|IGFBP1|PTGS2|SLC3A2|SLC7A5|SQSTM1,-1.3,0
1,-4.1,C0018552,M1,1,0,DisGeNET,35,Hamartoma,,-4.1,18,7.9,30284,91,76,4,5.3,2.6,1543|2069|3910|5743,CYP1A1|EREG|LAMA4|PTGS2,-1.3,0
1,-4.1,C0740277,M1,1,0,DisGeNET,35,Bile duct carcinoma,,-4.1,18,7.9,30284,91,76,4,5.3,2.6,1543|5743|8140|8856,CYP1A1|PTGS2|SLC7A5|NR1I2,-1.3,0
1,-4.1,C0266929,M1,1,0,DisGeNET,35,Chronic Periodontitis,,-4.1,8.3,6.3,30284,287,76,6,7.9,3.1,360|5743|7053|7412|8856|9962,AQP3|PTGS2|TGM3|VCAM1|NR1I2|SLC23A2,-1.3,0
1,-4,C0042133,M1,1,0,DisGeNET,35,Uterine Fibroids,,-4,5.6,5.6,30284,569,76,8,11,3.5,1543|1545|1591|3484|5743|6520|8140|8878,CYP1A1|CYP1B1|CYP24A1|IGFBP1|PTGS2|SLC3A2|SLC7A5|SQSTM1,-1.3,0
1,-4,C0024305,M1,1,0,DisGeNET,35,"Lymphoma, Non-Hodgkin",,-4,4.9,5.4,30284,733,76,9,12,3.7,290|1543|1545|1591|4862|5743|7412|7433|9962,ANPEP|CYP1A1|CYP1B1|CYP24A1|NPAS2|PTGS2|VCAM1|VIPR1|SLC23A2,-1.3,0
1,-4,C0332840,M1,1,0,DisGeNET,35,Amputated structure (morphologic abnormality),,-4,17,7.8,30284,94,76,4,5.3,2.6,5743|8856|9518|11093,PTGS2|NR1I2|GDF15|ADAMTS13,-1.3,0
1,-4,C0278488,M1,1,0,DisGeNET,35,Carcinoma breast stage IV,,-4,5.6,5.5,30284,573,76,8,11,3.5,1543|5743|6520|6581|7412|8856|8878|54658,CYP1A1|PTGS2|SLC3A2|SLC22A3|VCAM1|NR1I2|SQSTM1|UGT1A1,-1.3,0
1,-4,C0017185,M1,1,0,DisGeNET,35,Gastrointestinal Neoplasms,,-4,11,6.8,30284,182,76,5,6.6,2.8,4586|5743|7433|8856|9518,MUC5AC|PTGS2|VIPR1|NR1I2|GDF15,-1.3,0
1,-4,C0154251,M1,1,0,DisGeNET,35,Lipid Metabolism Disorders,,-4,17,7.7,30284,95,76,4,5.3,2.6,1545|3032|5465|8856,CYP1B1|HADHB|PPARA|NR1I2,-1.3,0
1,-4,C4552766,M1,1,0,DisGeNET,35,Miscarriage,,-4,6.5,5.8,30284,426,76,7,9.2,3.3,1543|1545|1591|3484|3910|7412|11093,CYP1A1|CYP1B1|CYP24A1|IGFBP1|LAMA4|VCAM1|ADAMTS13,-1.3,0
1,-4,C0011175,M1,1,0,DisGeNET,35,Dehydration,,-4,8.1,6.2,30284,295,76,6,7.9,3.1,360|1591|4586|8856|25987|54658,AQP3|CYP24A1|MUC5AC|NR1I2|TSKU|UGT1A1,-1.3,0
1,-4,C0022665,M1,1,0,DisGeNET,35,Kidney Neoplasm,,-4,8.1,6.2,30284,295,76,6,7.9,3.1,290|1543|1545|5743|7412|80274,ANPEP|CYP1A1|CYP1B1|PTGS2|VCAM1|SCUBE1,-1.3,0
1,-4,C0011615,M1,1,0,DisGeNET,35,"Dermatitis, Atopic",,-4,4.8,5.3,30284,750,76,9,12,3.7,360|1543|1591|5465|5743|7053|7412|8856|79152,AQP3|CYP1A1|CYP24A1|PPARA|PTGS2|TGM3|VCAM1|NR1I2|FA2H,-1.3,0
1,-4,C0262401,M1,1,0,DisGeNET,35,Carcinoma of ampulla of Vater,,-4,32,9.6,30284,37,76,3,3.9,2.2,1543|4586|5743,CYP1A1|MUC5AC|PTGS2,-1.3,0
1,-3.9,C0000786,M1,1,0,DisGeNET,35,Spontaneous abortion,,-3.9,11,6.6,30284,188,76,5,6.6,2.8,1543|1545|1591|3484|3910,CYP1A1|CYP1B1|CYP24A1|IGFBP1|LAMA4,-1.3,0
1,-3.9,C0153381,M1,1,0,DisGeNET,35,Malignant neoplasm of mouth,,-3.9,4.7,5.2,30284,756,76,9,12,3.7,360|1543|1545|1591|5465|5743|8878|9518|57491,AQP3|CYP1A1|CYP1B1|CYP24A1|PPARA|PTGS2|SQSTM1|GDF15|AHRR,-1.3,0
1,-3.9,C0948089,M1,1,0,DisGeNET,35,Acute Coronary Syndrome,,-3.9,6.4,5.7,30284,439,76,7,9.2,3.3,1543|5465|5743|7412|9518|9962|51703,CYP1A1|PPARA|PTGS2|VCAM1|GDF15|SLC23A2|ACSL5,-1.3,0
1,-3.9,C0948780,M1,1,0,DisGeNET,35,Rhinosinusitis,,-3.9,31,9.4,30284,38,76,3,3.9,2.2,4586|5743|8856,MUC5AC|PTGS2|NR1I2,-1.3,0
1,-3.9,C0271650,M1,1,0,DisGeNET,35,Impaired glucose tolerance,,-3.9,5.3,5.4,30284,596,76,8,11,3.5,290|1545|3484|5465|7412|8856|9518|64838,ANPEP|CYP1B1|IGFBP1|PPARA|VCAM1|NR1I2|GDF15|FNDC4,-1.3,0
1,-3.9,C0023531,M1,1,0,DisGeNET,35,Leukoplakia,,-3.9,16,7.4,30284,102,76,4,5.3,2.6,1543|5743|7053|102724428,CYP1A1|PTGS2|TGM3|LOC102724428,-1.3,0
1,-3.9,C0341439,M1,1,0,DisGeNET,35,Chronic liver disease,,-3.9,10,6.5,30284,196,76,5,6.6,2.8,1543|3484|7412|9518|54658,CYP1A1|IGFBP1|VCAM1|GDF15|UGT1A1,-1.3,0
1,-3.8,C0035242,M1,1,0,DisGeNET,35,Respiratory Tract Diseases,,-3.8,10,6.4,30284,198,76,5,6.6,2.8,1545|4586|5743|6581|54658,CYP1B1|MUC5AC|PTGS2|SLC22A3|UGT1A1,-1.2,0
1,-3.8,C0595989,M1,1,0,DisGeNET,35,Carcinoma of larynx,,-3.8,6.1,5.5,30284,456,76,7,9.2,3.3,1543|1545|5743|6520|8140|8878|54658,CYP1A1|CYP1B1|PTGS2|SLC3A2|SLC7A5|SQSTM1|UGT1A1,-1.2,0
1,-3.8,C1704436,M1,1,0,DisGeNET,35,Peripheral Arterial Diseases,,-3.8,7.5,5.8,30284,319,76,6,7.9,3.1,5743|7412|8856|9518|11093|54658,PTGS2|VCAM1|NR1I2|GDF15|ADAMTS13|UGT1A1,-1.2,0
1,-3.8,C1333001,M1,1,0,DisGeNET,35,Childhood Renal Cell Carcinoma,,-3.8,15,7.2,30284,107,76,4,5.3,2.6,1543|1545|6520|80274,CYP1A1|CYP1B1|SLC3A2|SCUBE1,-1.2,0
1,-3.8,C0004623,M1,1,0,DisGeNET,35,Bacterial Infections,,-3.8,5.2,5.3,30284,616,76,8,11,3.5,4586|4938|5465|5743|6520|8140|8856|11093,MUC5AC|OAS1|PPARA|PTGS2|SLC3A2|SLC7A5|NR1I2|ADAMTS13,-1.2,0
1,-3.8,C0000822,M1,1,0,DisGeNET,35,"Abortion, Tubal",,-3.8,15,7.1,30284,109,76,4,5.3,2.6,1543|1591|3484|3910,CYP1A1|CYP24A1|IGFBP1|LAMA4,-1.2,0
1,-3.8,C3830362,M1,1,0,DisGeNET,35,Early Pregnancy Loss,,-3.8,15,7.1,30284,109,76,4,5.3,2.6,1543|1591|3484|3910,CYP1A1|CYP24A1|IGFBP1|LAMA4,-1.2,0
1,-3.7,C0035204,M1,1,0,DisGeNET,35,Respiration Disorders,,-3.7,9.6,6.2,30284,208,76,5,6.6,2.8,2069|4586|5743|6581|54658,EREG|MUC5AC|PTGS2|SLC22A3|UGT1A1,-1.2,0
1,-3.7,C0021831,M1,1,0,DisGeNET,35,Intestinal Diseases,,-3.7,9.5,6.2,30284,209,76,5,6.6,2.8,4586|5465|5743|6550|8856,MUC5AC|PPARA|PTGS2|SLC9A3|NR1I2,-1.2,0
1,-3.7,C0002152,M1,1,0,DisGeNET,35,Alloxan Diabetes,,-3.7,14,7,30284,112,76,4,5.3,2.6,1543|5465|5743|6550,CYP1A1|PPARA|PTGS2|SLC9A3,-1.2,0
1,-3.7,C0038433,M1,1,0,DisGeNET,35,Streptozotocin Diabetes,,-3.7,14,7,30284,112,76,4,5.3,2.6,1543|5465|5743|6550,CYP1A1|PPARA|PTGS2|SLC9A3,-1.2,0
1,-3.7,C0004763,M1,1,0,DisGeNET,35,Barrett Esophagus,,-3.7,5.8,5.3,30284,478,76,7,9.2,3.3,290|4586|5743|7032|7412|8856|9518,ANPEP|MUC5AC|PTGS2|TFF2|VCAM1|NR1I2|GDF15,-1.2,0
1,-3.6,C1443924,M1,1,0,DisGeNET,35,Severe diarrhea,,-3.6,25,8.4,30284,47,76,3,3.9,2.2,360|6550|54658,AQP3|SLC9A3|UGT1A1,-1.1,0
1,-3.6,C3714514,M1,1,0,DisGeNET,35,Infection,,-3.6,5.7,5.2,30284,491,76,7,9.2,3.3,290|4938|5465|5743|7032|7412|7433,ANPEP|OAS1|PPARA|PTGS2|TFF2|VCAM1|VIPR1,-1.1,0
1,-3.6,C0020476,M1,1,0,DisGeNET,35,Hyperlipoproteinemias,,-3.6,24,8.2,30284,49,76,3,3.9,2.2,5465|7412|84699,PPARA|VCAM1|CREB3L3,-1.1,0
1,-3.6,C2216702,M1,1,0,DisGeNET,35,malignant neoplasm of breast staging,,-3.6,24,8.2,30284,49,76,3,3.9,2.2,1917|5743|7412,EEF1A2|PTGS2|VCAM1,-1.1,0
1,-3.6,C2316810,M1,1,0,DisGeNET,35,Chronic kidney disease stage 5,,-3.6,4.8,5,30284,665,76,8,11,3.5,1543|1591|3484|5465|5743|6550|7477|11093,CYP1A1|CYP24A1|IGFBP1|PPARA|PTGS2|SLC9A3|WNT7B|ADAMTS13,-1.1,0
1,-3.5,C0236734,M1,1,0,DisGeNET,35,Caffeine related disorders,,-3.5,6.7,5.4,30284,359,76,6,7.9,3.1,1543|1917|5743|8856|8878|54658,CYP1A1|EEF1A2|PTGS2|NR1I2|SQSTM1|UGT1A1,-1,0
1,-3.5,C0007820,M1,1,0,DisGeNET,35,Cerebrovascular Disorders,,-3.5,8.6,5.8,30284,233,76,5,6.6,2.8,5743|7412|9518|11093|54658,PTGS2|VCAM1|GDF15|ADAMTS13|UGT1A1,-1,0
1,-3.5,C0025568,M1,1,0,DisGeNET,35,Metaplasia,,-3.5,23,8,30284,52,76,3,3.9,2.2,5743|9518|51703,PTGS2|GDF15|ACSL5,-1,0
1,-3.5,C0022672,M1,1,0,DisGeNET,35,Acute Kidney Tubular Necrosis,,-3.5,23,7.9,30284,53,76,3,3.9,2.2,5465|5743|6550,PPARA|PTGS2|SLC9A3,-1,0
1,-3.4,C0022346,M1,1,0,DisGeNET,35,Icterus,,-3.4,8.3,5.7,30284,241,76,5,6.6,2.8,1543|6581|8856|11093|54658,CYP1A1|SLC22A3|NR1I2|ADAMTS13|UGT1A1,-0.96,0
1,-3.4,C0349204,M1,1,0,DisGeNET,35,Nonorganic psychosis,,-3.4,6.4,5.2,30284,376,76,6,7.9,3.1,1917|6581|7412|8140|8856|9518,EEF1A2|SLC22A3|VCAM1|SLC7A5|NR1I2|GDF15,-0.95,0
1,-3.4,C0022602,M1,1,0,DisGeNET,35,Actinic keratosis,,-3.4,12,6.3,30284,136,76,4,5.3,2.6,360|1591|5465|5743,AQP3|CYP24A1|PPARA|PTGS2,-0.94,0
1,-3.4,C0038358,M1,1,0,DisGeNET,35,Gastric ulcer,,-3.4,12,6.3,30284,136,76,4,5.3,2.6,4586|5743|7032|7412,MUC5AC|PTGS2|TFF2|VCAM1,-0.94,0
1,-3.4,C0598608,M1,1,0,DisGeNET,35,Hyperhomocysteinemia,,-3.4,8.1,5.6,30284,246,76,5,6.6,2.8,1543|5465|5743|7412|8878,CYP1A1|PPARA|PTGS2|VCAM1|SQSTM1,-0.94,0
1,-3.4,C0038013,M1,1,0,DisGeNET,35,Ankylosing spondylitis,,-3.4,4.5,4.7,30284,710,76,8,11,3.5,1543|1545|1591|5743|7433|8878|9518|25987,CYP1A1|CYP1B1|CYP24A1|PTGS2|VIPR1|SQSTM1|GDF15|TSKU,-0.93,0
1,-3.4,C0011265,M1,1,0,DisGeNET,35,Presenile dementia,,-3.4,4.5,4.7,30284,716,76,8,11,3.5,1917|5465|5743|7412|8856|8878|9518|11093,EEF1A2|PPARA|PTGS2|VCAM1|NR1I2|SQSTM1|GDF15|ADAMTS13,-0.91,0
1,-3.4,C0856169,M1,1,0,DisGeNET,35,Endothelial dysfunction,,-3.4,4.5,4.7,30284,716,76,8,11,3.5,290|5743|7412|8856|8878|9518|11093|80274,ANPEP|PTGS2|VCAM1|NR1I2|SQSTM1|GDF15|ADAMTS13|SCUBE1,-0.91,0
1,-3.4,C0020488,M1,1,0,DisGeNET,35,Hypernatremia,,-3.4,20,7.4,30284,59,76,3,3.9,2.2,360|5743|6550,AQP3|PTGS2|SLC9A3,-0.9,0
1,-3.3,C0014173,M1,1,0,DisGeNET,35,Endometrial Hyperplasia,,-3.3,11,6.1,30284,143,76,4,5.3,2.6,1543|5465|5743|8878,CYP1A1|PPARA|PTGS2|SQSTM1,-0.89,0
1,-3.3,C0027498,M1,1,0,DisGeNET,35,Nausea and vomiting,,-3.3,7.8,5.5,30284,257,76,5,6.6,2.8,1543|5743|8856|8878|9518,CYP1A1|PTGS2|NR1I2|SQSTM1|GDF15,-0.88,0
1,-3.3,C0220641,M1,1,0,DisGeNET,35,Lip and Oral Cavity Carcinoma,,-3.3,4.3,4.6,30284,734,76,8,11,3.5,360|1543|1591|5465|5743|8878|9518|57491,AQP3|CYP1A1|CYP24A1|PPARA|PTGS2|SQSTM1|GDF15|AHRR,-0.87,0
1,-3.3,C0033975,M1,1,0,DisGeNET,35,Psychotic Disorders,,-3.3,5,4.8,30284,559,76,7,9.2,3.3,1917|6581|7412|8140|8856|8878|9518,EEF1A2|SLC22A3|VCAM1|SLC7A5|NR1I2|SQSTM1|GDF15,-0.87,0
1,-3.3,C0220668,M1,1,0,DisGeNET,35,Congenital contractural arachnodactyly,,-3.3,5,4.8,30284,559,76,7,9.2,3.3,2069|4586|5743|6520|6581|7032|8140,EREG|MUC5AC|PTGS2|SLC3A2|SLC22A3|TFF2|SLC7A5,-0.87,0
1,-3.3,C4321477,M1,1,0,DisGeNET,35,Sickle Cell-SS Disease,,-3.3,19,7.2,30284,62,76,3,3.9,2.2,7412|9518|54658,VCAM1|GDF15|UGT1A1,-0.87,0
1,-3.3,C1762616,M1,1,0,DisGeNET,35,"Meningioma, benign, no ICD-O subtype",,-3.3,5.9,5,30284,404,76,6,7.9,3.1,290|1543|1545|5465|5743|25976,ANPEP|CYP1A1|CYP1B1|PPARA|PTGS2|TIPARP,-0.87,0
1,-3.3,C0278877,M1,1,0,DisGeNET,35,Adult Meningioma,,-3.3,5.9,5,30284,405,76,6,7.9,3.1,290|1543|1545|5465|5743|25976,ANPEP|CYP1A1|CYP1B1|PPARA|PTGS2|TIPARP,-0.87,0
1,-3.3,C0742343,M1,1,0,DisGeNET,35,Acute Chest Syndrome,,-3.3,5.9,5,30284,405,76,6,7.9,3.1,1543|5465|5743|7412|9518|51703,CYP1A1|PPARA|PTGS2|VCAM1|GDF15|ACSL5,-0.87,0
1,-3.3,C0010692,M1,1,0,DisGeNET,35,Cystitis,,-3.3,11,6,30284,149,76,4,5.3,2.6,4586|5743|6581|8878,MUC5AC|PTGS2|SLC22A3|SQSTM1,-0.87,0
1,-3.3,C0314719,M1,1,0,DisGeNET,35,Dryness of eye,,-3.3,11,6,30284,149,76,4,5.3,2.6,4586|5465|5743|8878,MUC5AC|PPARA|PTGS2|SQSTM1,-0.87,0
1,-3.3,C0334037,M1,1,0,DisGeNET,35,Intestinal metaplasia,,-3.3,7.5,5.3,30284,266,76,5,6.6,2.8,4586|5743|7032|9518|51703,MUC5AC|PTGS2|TFF2|GDF15|ACSL5,-0.86,0
1,-3.2,C0085096,M1,1,0,DisGeNET,35,Peripheral Vascular Diseases,,-3.2,11,5.9,30284,150,76,4,5.3,2.6,1543|7412|11093|54658,CYP1A1|VCAM1|ADAMTS13|UGT1A1,-0.86,0
1,-3.2,C0029182,M1,1,0,DisGeNET,35,orbit (eye disorders),,-3.2,19,7.1,30284,64,76,3,3.9,2.2,8856|8878|9518,NR1I2|SQSTM1|GDF15,-0.86,0
1,-3.2,C0019193,M1,1,0,DisGeNET,35,"Hepatitis, Toxic",,-3.2,5.8,4.9,30284,412,76,6,7.9,3.1,4938|5465|5743|8856|9615|84913,OAS1|PPARA|PTGS2|NR1I2|GDA|ATOH8,-0.85,0
1,-3.2,C4279912,M1,1,0,DisGeNET,35,Chemically-Induced Liver Toxicity,,-3.2,5.8,4.9,30284,412,76,6,7.9,3.1,4938|5465|5743|8856|9615|84913,OAS1|PPARA|PTGS2|NR1I2|GDA|ATOH8,-0.85,0
1,-3.2,C0376154,M1,1,0,DisGeNET,35,Skin callus,,-3.2,10,5.9,30284,153,76,4,5.3,2.6,1591|5743|8878|54658,CYP24A1|PTGS2|SQSTM1|UGT1A1,-0.85,0
1,-3.2,C3658290,M1,1,0,DisGeNET,35,Drug-Induced Acute Liver Injury,,-3.2,5.8,4.9,30284,413,76,6,7.9,3.1,4938|5465|5743|8856|9615|84913,OAS1|PPARA|PTGS2|NR1I2|GDA|ATOH8,-0.85,0
1,-3.2,C0008626,M1,1,0,DisGeNET,35,Congenital chromosomal disease,,-3.2,4.2,4.5,30284,756,76,8,11,3.5,290|1543|1545|5743|6654|7433|8856|54658,ANPEP|CYP1A1|CYP1B1|PTGS2|SOS1|VIPR1|NR1I2|UGT1A1,-0.85,0
1,-3.2,C0151744,M1,1,0,DisGeNET,35,Myocardial Ischemia,,-3.2,4.2,4.5,30284,756,76,8,11,3.5,290|3484|5465|5743|7412|9518|11093|54658,ANPEP|IGFBP1|PPARA|PTGS2|VCAM1|GDF15|ADAMTS13|UGT1A1,-0.85,0
1,-3.2,C0006625,M1,1,0,DisGeNET,35,Cachexia,,-3.2,7.3,5.2,30284,273,76,5,6.6,2.8,290|5465|5743|8878|9518,ANPEP|PPARA|PTGS2|SQSTM1|GDF15,-0.84,0
1,-3.2,C1262760,M1,1,0,DisGeNET,35,"Hepatitis, Drug-Induced",,-3.2,5.7,4.9,30284,418,76,6,7.9,3.1,4938|5465|5743|8856|9615|84913,OAS1|PPARA|PTGS2|NR1I2|GDA|ATOH8,-0.84,0
1,-3.2,C3854173,M1,1,0,DisGeNET,35,Pre-renal acute kidney injury,,-3.2,18,6.9,30284,67,76,3,3.9,2.2,5465|8856|11093,PPARA|NR1I2|ADAMTS13,-0.84,0
1,-3.2,C0013238,M1,1,0,DisGeNET,35,Dry Eye Syndromes,,-3.2,10,5.8,30284,156,76,4,5.3,2.6,4586|5465|5743|8878,MUC5AC|PPARA|PTGS2|SQSTM1,-0.84,0
1,-3.2,C0947622,M1,1,0,DisGeNET,35,Cholecystolithiasis,,-3.2,10,5.8,30284,156,76,4,5.3,2.6,4586|5743|7433|54658,MUC5AC|PTGS2|VIPR1|UGT1A1,-0.84,0
1,-3.2,C0156149,M1,1,0,DisGeNET,35,Gastrointestinal tract vascular insufficiency,,-3.2,18,6.9,30284,68,76,3,3.9,2.2,5743|8856|8878,PTGS2|NR1I2|SQSTM1,-0.84,0
1,-3.2,C2004435,M1,1,0,DisGeNET,35,Vascular insufficiency of intestine,,-3.2,18,6.9,30284,68,76,3,3.9,2.2,5743|8856|8878,PTGS2|NR1I2|SQSTM1,-0.84,0
1,-3.2,C1848296,M1,1,0,DisGeNET,35,DOSAGE-SENSITIVE SEX REVERSAL,,-3.2,10,5.7,30284,159,76,4,5.3,2.6,5743|6520|8140|8856,PTGS2|SLC3A2|SLC7A5|NR1I2,-0.83,0
1,-3.1,C0374997,M1,1,0,DisGeNET,35,Helicobacter pylori (H. pylori) infection in conditions classified elsewhere and of unspecified site,,-3.1,4.7,4.6,30284,592,76,7,9.2,3.3,360|3484|4586|5743|7032|8856|8878,AQP3|IGFBP1|MUC5AC|PTGS2|TFF2|NR1I2|SQSTM1,-0.82,0
1,-3.1,C3203102,M1,1,0,DisGeNET,35,Idiopathic pulmonary arterial hypertension,,-3.1,4.1,4.4,30284,775,76,8,11,3.5,290|1543|1545|5743|7412|9518|11093|84913,ANPEP|CYP1A1|CYP1B1|PTGS2|VCAM1|GDF15|ADAMTS13|ATOH8,-0.82,0
1,-3.1,C0038354,M1,1,0,DisGeNET,35,Stomach Diseases,,-3.1,17,6.8,30284,70,76,3,3.9,2.2,360|4586|5743,AQP3|MUC5AC|PTGS2,-0.82,0
1,-3.1,C0008497,M1,1,0,DisGeNET,35,Choriocarcinoma,,-3.1,5.5,4.8,30284,431,76,6,7.9,3.1,1545|6520|6581|8140|8878|9962,CYP1B1|SLC3A2|SLC22A3|SLC7A5|SQSTM1|SLC23A2,-0.81,0
1,-3.1,C0027059,M1,1,0,DisGeNET,35,Myocarditis,,-3.1,7,5.1,30284,285,76,5,6.6,2.8,5465|5743|6581|6654|8856,PPARA|PTGS2|SLC22A3|SOS1|NR1I2,-0.81,0
1,-3.1,C0007104,M1,1,0,DisGeNET,35,Female Breast Carcinoma,,-3.1,17,6.7,30284,71,76,3,3.9,2.2,1543|1545|8856,CYP1A1|CYP1B1|NR1I2,-0.81,0
1,-3.1,C0162351,M1,1,0,DisGeNET,35,Contact hypersensitivity,,-3.1,17,6.7,30284,71,76,3,3.9,2.2,1543|1545|54658,CYP1A1|CYP1B1|UGT1A1,-0.81,0
1,-3.1,C0235653,M1,1,0,DisGeNET,35,Malignant neoplasm of female breast,,-3.1,17,6.7,30284,71,76,3,3.9,2.2,1543|1545|8856,CYP1A1|CYP1B1|NR1I2,-0.81,0
1,-3.1,C0035222,M1,1,0,DisGeNET,35,"Respiratory Distress Syndrome, Adult",,-3.1,5.5,4.7,30284,434,76,6,7.9,3.1,1543|1545|4586|5465|5743|54658,CYP1A1|CYP1B1|MUC5AC|PPARA|PTGS2|UGT1A1,-0.8,0
1,-3.1,C3887461,M1,1,0,DisGeNET,35,Head and Neck Carcinoma,,-3.1,4.1,4.4,30284,786,76,8,11,3.5,1543|1545|5743|7053|8140|9518|9962|54658,CYP1A1|CYP1B1|PTGS2|TGM3|SLC7A5|GDF15|SLC23A2|UGT1A1,-0.8,0
1,-3.1,C0001339,M1,1,0,DisGeNET,35,Acute pancreatitis,,-3.1,5.5,4.7,30284,435,76,6,7.9,3.1,1591|5743|7412|8878|9518|11093,CYP24A1|PTGS2|VCAM1|SQSTM1|GDF15|ADAMTS13,-0.8,0
1,-3.1,C0032914,M1,1,0,DisGeNET,35,Pre-Eclampsia,,-3.1,9.6,5.6,30284,166,76,4,5.3,2.6,3484|6654|7412|11093,IGFBP1|SOS1|VCAM1|ADAMTS13,-0.79,0
1,-3.1,C0032617,M1,1,0,DisGeNET,35,Polyuria,,-3.1,16,6.6,30284,73,76,3,3.9,2.2,360|1591|5465,AQP3|CYP24A1|PPARA,-0.79,0
1,-3.1,C0023530,M1,1,0,DisGeNET,35,Leukopenia,,-3.1,5.4,4.7,30284,439,76,6,7.9,3.1,1543|1545|5743|8140|8856|54658,CYP1A1|CYP1B1|PTGS2|SLC7A5|NR1I2|UGT1A1,-0.79,0
1,-3.1,C0151546,M1,1,0,DisGeNET,35,Oral Cavity Carcinoma,,-3.1,9.5,5.6,30284,167,76,4,5.3,2.6,1543|5743|8878|9518,CYP1A1|PTGS2|SQSTM1|GDF15,-0.79,0
1,-3.1,C0393593,M1,1,0,DisGeNET,35,Dystonia Disorders,,-3.1,9.5,5.6,30284,167,76,4,5.3,2.6,290|1917|8878|79152,ANPEP|EEF1A2|SQSTM1|FA2H,-0.79,0
1,-3.1,C0206682,M1,1,0,DisGeNET,35,Follicular thyroid carcinoma,,-3.1,6.8,5,30284,293,76,5,6.6,2.8,290|1591|5743|8878|9518,ANPEP|CYP24A1|PTGS2|SQSTM1|GDF15,-0.79,0
1,-3,C1565489,M1,1,0,DisGeNET,35,Renal Insufficiency,,-3,4.5,4.4,30284,615,76,7,9.2,3.3,290|1591|3484|5465|5743|9518|11093,ANPEP|CYP24A1|IGFBP1|PPARA|PTGS2|GDF15|ADAMTS13,-0.77,0
1,-3,C0027962,M1,1,0,DisGeNET,35,Melanocytic nevus,,-3,6.7,5,30284,296,76,5,6.6,2.8,360|1591|5743|6654|8878,AQP3|CYP24A1|PTGS2|SOS1|SQSTM1,-0.77,0
1,-3,C0011195,M1,1,0,DisGeNET,35,Dejerine-Sottas Disease (disorder),,-3,9.1,5.4,30284,176,76,4,5.3,2.6,5743|6520|8140|8856,PTGS2|SLC3A2|SLC7A5|NR1I2,-0.73,0
1,-3,C4048329,M1,1,0,DisGeNET,35,Immunosuppression,,-3,4.4,4.3,30284,632,76,7,9.2,3.3,2838|5465|5743|7412|7433|8856|11093,GPR15|PPARA|PTGS2|VCAM1|VIPR1|NR1I2|ADAMTS13,-0.72,0
1,-3,C4277682,M1,1,0,DisGeNET,35,Chemical and Drug Induced Liver Injury,,-3,5.2,4.5,30284,461,76,6,7.9,3.1,4938|5465|5743|8856|9615|84913,OAS1|PPARA|PTGS2|NR1I2|GDA|ATOH8,-0.71,0
1,-2.9,C0021368,M1,1,0,DisGeNET,35,Inflammation,,-2.9,5.1,4.5,30284,467,76,6,7.9,3.1,360|1543|5465|5743|7412|80274,AQP3|CYP1A1|PPARA|PTGS2|VCAM1|SCUBE1,-0.69,0
1,-2.9,C3495798,M1,1,0,DisGeNET,35,Periodontal inflammation,,-2.9,15,6.2,30284,82,76,3,3.9,2.2,360|7412|8856,AQP3|VCAM1|NR1I2,-0.68,0
1,-2.9,C0341106,M1,1,0,DisGeNET,35,Eosinophilic esophagitis,,-2.9,8.7,5.2,30284,183,76,4,5.3,2.6,5743|6550|7412|8856,PTGS2|SLC9A3|VCAM1|NR1I2,-0.68,0
1,-2.9,C0345905,M1,1,0,DisGeNET,35,Intrahepatic Cholangiocarcinoma,,-2.9,5.1,4.5,30284,470,76,6,7.9,3.1,1917|4586|5465|5743|8140|8856,EEF1A2|MUC5AC|PPARA|PTGS2|SLC7A5|NR1I2,-0.68,0
1,-2.9,C0032927,M1,1,0,DisGeNET,35,Precancerous Conditions,,-2.9,5.1,4.5,30284,471,76,6,7.9,3.1,1545|3484|4586|5743|6581|7032,CYP1B1|IGFBP1|MUC5AC|PTGS2|SLC22A3|TFF2,-0.68,0
1,-2.9,C0031106,M1,1,0,DisGeNET,35,Aggressive Periodontitis,,-2.9,8.7,5.2,30284,184,76,4,5.3,2.6,1543|4586|5743|7412,CYP1A1|MUC5AC|PTGS2|VCAM1,-0.68,0
1,-2.9,C0016382,M1,1,0,DisGeNET,35,Flushing,,-2.9,14,6.1,30284,83,76,3,3.9,2.2,4938|5743|8605,OAS1|PTGS2|PLA2G4C,-0.68,0
1,-2.9,C0205699,M1,1,0,DisGeNET,35,Carcinomatosis,,-2.9,8.6,5.2,30284,186,76,4,5.3,2.6,4586|5465|5743|9615,MUC5AC|PPARA|PTGS2|GDA,-0.67,0
1,-2.9,C0008312,M1,1,0,DisGeNET,35,Primary biliary cirrhosis,,-2.9,5,4.4,30284,478,76,6,7.9,3.1,3484|5465|5743|7412|8856|8878,IGFBP1|PPARA|PTGS2|VCAM1|NR1I2|SQSTM1,-0.66,0
1,-2.9,C1527336,M1,1,0,DisGeNET,35,Sjogren's Syndrome,,-2.9,5,4.4,30284,480,76,6,7.9,3.1,360|1543|4586|4938|5465|7412,AQP3|CYP1A1|MUC5AC|OAS1|PPARA|VCAM1,-0.65,0
1,-2.9,C1654637,M1,1,0,DisGeNET,35,androgen independent prostate cancer,,-2.9,8.4,5.1,30284,190,76,4,5.3,2.6,2069|5743|6581|8856,EREG|PTGS2|SLC22A3|NR1I2,-0.64,0
1,-2.9,C0027430,M1,1,0,DisGeNET,35,Nasal Polyps,,-2.9,4.9,4.4,30284,484,76,6,7.9,3.1,2069|4586|5743|6550|7412|8856,EREG|MUC5AC|PTGS2|SLC9A3|VCAM1|NR1I2,-0.64,0
1,-2.8,C0024031,M1,1,0,DisGeNET,35,Low Back Pain,,-2.8,14,5.9,30284,88,76,3,3.9,2.2,5743|9518|25987,PTGS2|GDF15|TSKU,-0.63,0
1,-2.8,C1383860,M1,1,0,DisGeNET,35,Cardiac Hypertrophy,,-2.8,14,5.9,30284,88,76,3,3.9,2.2,1543|1545|5465,CYP1A1|CYP1B1|PPARA,-0.63,0
1,-2.8,C0020443,M1,1,0,DisGeNET,35,Hypercholesterolemia,,-2.8,4.9,4.3,30284,489,76,6,7.9,3.1,5465|7412|8856|8878|9518|54658,PPARA|VCAM1|NR1I2|SQSTM1|GDF15|UGT1A1,-0.63,0
1,-2.8,C4509226,M1,1,0,DisGeNET,35,Heart failure with preserved ejection fraction [HFpEF],,-2.8,13,5.9,30284,89,76,3,3.9,2.2,3484|8856|9518,IGFBP1|NR1I2|GDF15,-0.62,0
1,-2.8,C0026010,M1,1,0,DisGeNET,35,Microphthalmos,,-2.8,5.9,4.6,30284,336,76,5,6.6,2.8,290|1545|7477|64840|93145,ANPEP|CYP1B1|WNT7B|PORCN|OLFM2,-0.6,0
1,-2.8,C1328504,M1,1,0,DisGeNET,35,Hormone refractory prostate cancer,,-2.8,4.1,4.1,30284,683,76,7,9.2,3.3,1545|3032|5743|6654|7477|8856|9518,CYP1B1|HADHB|PTGS2|SOS1|WNT7B|NR1I2|GDF15,-0.58,0
1,-2.8,C0242488,M1,1,0,DisGeNET,35,Acute Lung Injury,,-2.8,13,5.7,30284,93,76,3,3.9,2.2,1543|5743|7032,CYP1A1|PTGS2|TFF2,-0.58,0
1,-2.8,C0007112,M1,1,0,DisGeNET,35,Adenocarcinoma of prostate,,-2.8,5.8,4.5,30284,342,76,5,6.6,2.8,3032|5465|5743|8878|9518,HADHB|PPARA|PTGS2|SQSTM1|GDF15,-0.57,0
1,-2.8,C0234985,M1,1,0,DisGeNET,35,Mental deterioration,,-2.8,4.7,4.2,30284,508,76,6,7.9,3.1,1917|5465|5743|8878|9518|79152,EEF1A2|PPARA|PTGS2|SQSTM1|GDF15|FA2H,-0.56,0
1,-2.7,C0149516,M1,1,0,DisGeNET,35,Chronic sinusitis,,-2.7,7.8,4.9,30284,205,76,4,5.3,2.6,2069|4586|5743|8856,EREG|MUC5AC|PTGS2|NR1I2,-0.56,0
1,-2.7,C0040420,M1,1,0,DisGeNET,35,Tonometry,,-2.7,7.7,4.9,30284,206,76,4,5.3,2.6,218|290|4862|57491,ALDH3A1|ANPEP|NPAS2|AHRR,-0.55,0
1,-2.7,C1510885,M1,1,0,DisGeNET,35,Angiogenic Switch,,-2.7,12,5.6,30284,96,76,3,3.9,2.2,5743|7477|8856,PTGS2|WNT7B|NR1I2,-0.55,0
1,-2.7,C0014072,M1,1,0,DisGeNET,35,Experimental Autoimmune Encephalomyelitis,,-2.7,12,5.6,30284,97,76,3,3.9,2.2,5465|5743|7412,PPARA|PTGS2|VCAM1,-0.54,0
1,-2.7,C0040053,M1,1,0,DisGeNET,35,Thrombosis,,-2.7,12,5.6,30284,98,76,3,3.9,2.2,5743|11093|80274,PTGS2|ADAMTS13|SCUBE1,-0.53,0
1,-2.7,C4082937,M1,1,0,DisGeNET,35,Necrotizing enterocolitis in fetus OR newborn,,-2.7,7.6,4.8,30284,210,76,4,5.3,2.6,5743|7032|7477|8856,PTGS2|TFF2|WNT7B|NR1I2,-0.53,0
1,-2.7,C0339143,M1,1,0,DisGeNET,35,Thyroid associated opthalmopathies,,-2.7,7.6,4.8,30284,211,76,4,5.3,2.6,1543|5465|5743|7412,CYP1A1|PPARA|PTGS2|VCAM1,-0.53,0
1,-2.7,C0730328,M1,1,0,DisGeNET,35,Central Serous Chorioretinopathy,,-2.7,7.6,4.8,30284,211,76,4,5.3,2.6,5743|6520|6581|8140,PTGS2|SLC3A2|SLC22A3|SLC7A5,-0.53,0
1,-2.7,C0085278,M1,1,0,DisGeNET,35,Antiphospholipid Syndrome,,-2.7,12,5.5,30284,99,76,3,3.9,2.2,3484|8856|11093,IGFBP1|NR1I2|ADAMTS13,-0.53,0
1,-2.7,C0949059,M1,1,0,DisGeNET,35,Polyp of large intestine,,-2.7,12,5.5,30284,99,76,3,3.9,2.2,1543|4586|5743,CYP1A1|MUC5AC|PTGS2,-0.53,0
1,-2.7,C1153706,M1,1,0,DisGeNET,35,Endometrial adenocarcinoma,,-2.7,7.5,4.8,30284,212,76,4,5.3,2.6,3484|4586|5743|8140,IGFBP1|MUC5AC|PTGS2|SLC7A5,-0.53,0
1,-2.7,C0155862,M1,1,0,DisGeNET,35,Streptococcal pneumonia,,-2.7,12,5.5,30284,100,76,3,3.9,2.2,5743|7032|8856,PTGS2|TFF2|NR1I2,-0.52,0
1,-2.7,C0035309,M1,1,0,DisGeNET,35,Retinal Diseases,,-2.7,3.9,3.9,30284,713,76,7,9.2,3.3,290|1545|3484|5465|5743|7412|8856,ANPEP|CYP1B1|IGFBP1|PPARA|PTGS2|VCAM1|NR1I2,-0.52,0
1,-2.7,C0041956,M1,1,0,DisGeNET,35,Ureteral obstruction,,-2.7,5.5,4.3,30284,359,76,5,6.6,2.8,5743|6550|7412|8856|8878,PTGS2|SLC9A3|VCAM1|NR1I2|SQSTM1,-0.52,0
1,-2.7,C0011311,M1,1,0,DisGeNET,35,Dengue Fever,,-2.7,5.5,4.3,30284,360,76,5,6.6,2.8,4938|5743|7412|8878|11093,OAS1|PTGS2|VCAM1|SQSTM1|ADAMTS13,-0.51,0
1,-2.7,C0598935,M1,1,0,DisGeNET,35,Tumor Initiation,,-2.7,4.5,4.1,30284,533,76,6,7.9,3.1,1543|1545|5465|5743|8856|8878,CYP1A1|CYP1B1|PPARA|PTGS2|NR1I2|SQSTM1,-0.5,0
1,-2.6,C1368404,M1,1,0,DisGeNET,35,Hypopharyngeal Carcinoma,,-2.6,12,5.4,30284,103,76,3,3.9,2.2,1543|5743|8878,CYP1A1|PTGS2|SQSTM1,-0.5,0
1,-2.6,C3544205,M1,1,0,DisGeNET,35,Ovarian clear cell carcinoma,,-2.6,12,5.4,30284,103,76,3,3.9,2.2,5743|8140|54658,PTGS2|SLC7A5|UGT1A1,-0.5,0
1,-2.6,C3665593,M1,1,0,DisGeNET,35,Melanocytic nevus of skin,,-2.6,12,5.4,30284,103,76,3,3.9,2.2,360|1591|5743,AQP3|CYP24A1|PTGS2,-0.5,0
1,-2.6,C0858252,M1,1,0,DisGeNET,35,Breast adenocarcinoma,,-2.6,7.3,4.7,30284,219,76,4,5.3,2.6,218|1543|1545|5743,ALDH3A1|CYP1A1|CYP1B1|PTGS2,-0.5,0
1,-2.6,C1565662,M1,1,0,DisGeNET,35,Acute Kidney Insufficiency,,-2.6,11,5.4,30284,104,76,3,3.9,2.2,3484|11093|54658,IGFBP1|ADAMTS13|UGT1A1,-0.5,0
1,-2.6,C0178664,M1,1,0,DisGeNET,35,Glomerulosclerosis (disorder),,-2.6,7.2,4.6,30284,221,76,4,5.3,2.6,3484|5743|6654|8856,IGFBP1|PTGS2|SOS1|NR1I2,-0.49,0
1,-2.6,C0409959,M1,1,0,DisGeNET,35,"Osteoarthritis, Knee",,-2.6,5.4,4.3,30284,368,76,5,6.6,2.8,5465|5743|6581|8856|102724428,PPARA|PTGS2|SLC22A3|NR1I2|LOC102724428,-0.49,0
1,-2.6,C0600041,M1,1,0,DisGeNET,35,Infective cystitis,,-2.6,11,5.3,30284,106,76,3,3.9,2.2,5743|6581|8878,PTGS2|SLC22A3|SQSTM1,-0.48,0
1,-2.6,C1319315,M1,1,0,DisGeNET,35,Adenocarcinoma of large intestine,,-2.6,4.4,4,30284,543,76,6,7.9,3.1,290|1543|4586|5465|5743|6581,ANPEP|CYP1A1|MUC5AC|PPARA|PTGS2|SLC22A3,-0.48,0
1,-2.6,C0242422,M1,1,0,DisGeNET,35,Parkinsonian Disorders,,-2.6,5.3,4.2,30284,373,76,5,6.6,2.8,290|1917|5743|8878|9518,ANPEP|EEF1A2|PTGS2|SQSTM1|GDF15,-0.48,0
1,-2.6,C4704874,M1,1,0,DisGeNET,35,"Mammary Carcinoma, Human",,-2.6,4.4,4,30284,545,76,6,7.9,3.1,1543|1545|1591|3032|5743|7477,CYP1A1|CYP1B1|CYP24A1|HADHB|PTGS2|WNT7B,-0.48,0
1,-2.6,C0007117,M1,1,0,DisGeNET,35,Basal cell carcinoma,,-2.6,11,5.3,30284,108,76,3,3.9,2.2,1545|5743|7053,CYP1B1|PTGS2|TGM3,-0.47,0
1,-2.6,C0035078,M1,1,0,DisGeNET,35,Kidney Failure,,-2.6,5.3,4.2,30284,377,76,5,6.6,2.8,290|1591|5743|9518|11093,ANPEP|CYP24A1|PTGS2|GDF15|ADAMTS13,-0.46,0
1,-2.6,C1332922,M1,1,0,DisGeNET,35,Cervical Squamous Intraepithelial Neoplasia,,-2.6,11,5.2,30284,109,76,3,3.9,2.2,1543|5743|9518,CYP1A1|PTGS2|GDF15,-0.46,0
1,-2.6,C0011616,M1,1,0,DisGeNET,35,Contact Dermatitis,,-2.6,11,5.2,30284,110,76,3,3.9,2.2,1543|1545|54658,CYP1A1|CYP1B1|UGT1A1,-0.45,0
1,-2.6,C0149871,M1,1,0,DisGeNET,35,Deep Vein Thrombosis,,-2.6,6.9,4.5,30284,230,76,4,5.3,2.6,5743|6550|7412|11093,PTGS2|SLC9A3|VCAM1|ADAMTS13,-0.45,0
1,-2.6,C0339573,M1,1,0,DisGeNET,35,"Glaucoma, Primary Open Angle",,-2.6,5.2,4.2,30284,382,76,5,6.6,2.8,1543|1545|5743|9518|9962,CYP1A1|CYP1B1|PTGS2|GDF15|SLC23A2,-0.44,0
1,-2.6,C1168327,M1,1,0,DisGeNET,35,High-Grade Prostatic Intraepithelial Neoplasia,,-2.6,11,5.2,30284,111,76,3,3.9,2.2,5743|8878|9518,PTGS2|SQSTM1|GDF15,-0.44,0
1,-2.5,C0003811,M1,1,0,DisGeNET,35,Cardiac Arrhythmia,,-2.5,4.3,3.9,30284,559,76,6,7.9,3.1,3032|5743|6654|8856|9518|11093,HADHB|PTGS2|SOS1|NR1I2|GDF15|ADAMTS13,-0.44,0
1,-2.5,C0003507,M1,1,0,DisGeNET,35,Aortic Valve Stenosis,,-2.5,6.8,4.5,30284,234,76,4,5.3,2.6,1591|8856|9518|11093,CYP24A1|NR1I2|GDF15|ADAMTS13,-0.43,0
1,-2.5,C0015672,M1,1,0,DisGeNET,35,Fatigue,,-2.5,3.7,3.7,30284,758,76,7,9.2,3.3,290|1917|5743|7412|8878|9518|54658,ANPEP|EEF1A2|PTGS2|VCAM1|SQSTM1|GDF15|UGT1A1,-0.42,0
1,-2.5,C0016034,M1,1,0,DisGeNET,35,Breast Fibrocystic Disease,,-2.5,10,5.1,30284,114,76,3,3.9,2.2,1543|1545|5743,CYP1A1|CYP1B1|PTGS2,-0.42,0
1,-2.5,C0238461,M1,1,0,DisGeNET,35,Anaplastic thyroid carcinoma,,-2.5,5.1,4.1,30284,392,76,5,6.6,2.8,1591|5743|8140|9518|102724428,CYP24A1|PTGS2|SLC7A5|GDF15|LOC102724428,-0.4,0
1,-2.5,C0155626,M1,1,0,DisGeNET,35,Acute myocardial infarction,,-2.5,3.6,3.7,30284,766,76,7,9.2,3.3,290|2069|3484|5743|7412|8878|9518,ANPEP|EREG|IGFBP1|PTGS2|VCAM1|SQSTM1|GDF15,-0.4,0
1,-2.5,C0278996,M1,1,0,DisGeNET,35,Malignant Head and Neck Neoplasm,,-2.5,3.6,3.7,30284,767,76,7,9.2,3.3,1543|1545|5743|7053|9518|9962|54658,CYP1A1|CYP1B1|PTGS2|TGM3|GDF15|SLC23A2|UGT1A1,-0.4,0
1,-2.5,C0036095,M1,1,0,DisGeNET,35,Salivary Gland Neoplasms,,-2.5,10,5,30284,116,76,3,3.9,2.2,218|4586|5743,ALDH3A1|MUC5AC|PTGS2,-0.4,0
1,-2.5,C0007789,M1,1,0,DisGeNET,35,Cerebral Palsy,,-2.5,6.6,4.4,30284,241,76,4,5.3,2.6,1591|5743|9518|54658,CYP24A1|PTGS2|GDF15|UGT1A1,-0.4,0
1,-2.5,C0333307,M1,1,0,DisGeNET,35,Superficial ulcer,,-2.5,6.6,4.4,30284,241,76,4,5.3,2.6,5743|7412|8140|9518,PTGS2|VCAM1|SLC7A5|GDF15,-0.4,0
1,-2.5,C1449563,M1,1,0,DisGeNET,35,"Cardiomyopathy, Familial Idiopathic",,-2.5,3.6,3.7,30284,772,76,7,9.2,3.3,290|4586|5465|5743|6581|8878|9518,ANPEP|MUC5AC|PPARA|PTGS2|SLC22A3|SQSTM1|GDF15,-0.39,0
1,-2.5,C4721579,M1,1,0,DisGeNET,35,Secondary malignant neoplasm of colon and/or rectum,,-2.5,5,4,30284,397,76,5,6.6,2.8,2069|5743|9518|54658|84913,EREG|PTGS2|GDF15|UGT1A1|ATOH8,-0.39,0
1,-2.5,C0015674,M1,1,0,DisGeNET,35,Chronic Fatigue Syndrome,,-2.5,10,5,30284,118,76,3,3.9,2.2,4862|5743|9518,NPAS2|PTGS2|GDF15,-0.39,0
1,-2.5,C1963184,M1,1,0,DisGeNET,35,"Nystagmus, CTCAE 3.0",,-2.5,3.6,3.7,30284,779,76,7,9.2,3.3,1545|1917|6654|8878|57520|64840|79152,CYP1B1|EEF1A2|SOS1|SQSTM1|HECW2|PORCN|FA2H,-0.38,0
1,-2.5,C4554036,M1,1,0,DisGeNET,35,"Nystagmus, CTCAE 5.0",,-2.5,3.6,3.7,30284,779,76,7,9.2,3.3,1545|1917|6654|8878|57520|64840|79152,CYP1B1|EEF1A2|SOS1|SQSTM1|HECW2|PORCN|FA2H,-0.38,0
1,-2.5,C0206677,M1,1,0,DisGeNET,35,Adenomatous Polyps,,-2.5,10,4.9,30284,120,76,3,3.9,2.2,4586|5743|9518,MUC5AC|PTGS2|GDF15,-0.37,0
1,-2.5,C0149721,M1,1,0,DisGeNET,35,Left Ventricular Hypertrophy,,-2.5,4.9,4,30284,403,76,5,6.6,2.8,3032|5465|5743|7412|9518,HADHB|PPARA|PTGS2|VCAM1|GDF15,-0.37,0
1,-2.4,C0008350,M1,1,0,DisGeNET,35,Cholelithiasis,,-2.4,6.3,4.3,30284,252,76,4,5.3,2.6,4586|5743|7433|54658,MUC5AC|PTGS2|VIPR1|UGT1A1,-0.34,0
1,-2.4,C0020295,M1,1,0,DisGeNET,35,Hydronephrosis,,-2.4,6.3,4.3,30284,252,76,4,5.3,2.6,1543|5743|9518|64840,CYP1A1|PTGS2|GDF15|PORCN,-0.34,0
1,-2.4,C0018671,M1,1,0,DisGeNET,35,Head and Neck Neoplasms,,-2.4,9.6,4.8,30284,124,76,3,3.9,2.2,1543|1545|5743,CYP1A1|CYP1B1|PTGS2,-0.34,0
1,-2.4,C4025272,M1,1,0,DisGeNET,35,Peripheral arterial stenosis,,-2.4,9.6,4.8,30284,124,76,3,3.9,2.2,7412|8856|9518,VCAM1|NR1I2|GDF15,-0.34,0
1,-2.4,C2973725,M1,1,0,DisGeNET,35,Pulmonary arterial hypertension,,-2.4,4.8,3.9,30284,413,76,5,6.6,2.8,1545|5743|7412|9518|84913,CYP1B1|PTGS2|VCAM1|GDF15|ATOH8,-0.34,0
1,-2.4,C0752347,M1,1,0,DisGeNET,35,Lewy Body Disease,,-2.4,6.3,4.2,30284,255,76,4,5.3,2.6,5743|7412|8878|9518,PTGS2|VCAM1|SQSTM1|GDF15,-0.33,0
1,-2.4,C0206139,M1,1,0,DisGeNET,35,"Lichen Planus, Oral",,-2.4,6.2,4.2,30284,257,76,4,5.3,2.6,1591|5743|7053|7412,CYP24A1|PTGS2|TGM3|VCAM1,-0.33,0
1,-2.4,C0024636,M1,1,0,DisGeNET,35,Malocclusion,,-2.4,9.3,4.7,30284,128,76,3,3.9,2.2,6654|8856|64840,SOS1|NR1I2|PORCN,-0.32,0
1,-2.4,C0855197,M1,1,0,DisGeNET,35,Malignant Testicular Germ Cell Tumor,,-2.4,9.3,4.7,30284,128,76,3,3.9,2.2,1543|8878|54658,CYP1A1|SQSTM1|UGT1A1,-0.32,0
1,-2.4,C0086132,M1,1,0,DisGeNET,35,Depressive Symptoms,,-2.4,4.7,3.9,30284,421,76,5,6.6,2.8,1543|1545|4938|5743|6654,CYP1A1|CYP1B1|OAS1|PTGS2|SOS1,-0.32,0
1,-2.4,C0009241,M1,1,0,DisGeNET,35,Cognition Disorders,,-2.4,3.9,3.7,30284,606,76,6,7.9,3.1,290|5465|5743|7412|8878|11093,ANPEP|PPARA|PTGS2|VCAM1|SQSTM1|ADAMTS13,-0.32,0
1,-2.4,C0017612,M1,1,0,DisGeNET,35,"Glaucoma, Open-Angle",,-2.4,9.3,4.7,30284,129,76,3,3.9,2.2,1545|5743|93145,CYP1B1|PTGS2|OLFM2,-0.32,0
1,-2.4,C0276138,M1,1,0,DisGeNET,35,Viral myocarditis,,-2.4,9.3,4.7,30284,129,76,3,3.9,2.2,5743|7412|8856,PTGS2|VCAM1|NR1I2,-0.32,0
1,-2.4,C0685938,M1,1,0,DisGeNET,35,Malignant neoplasm of gastrointestinal tract,,-2.4,4.7,3.9,30284,423,76,5,6.6,2.8,1543|5743|7032|9518|54658,CYP1A1|PTGS2|TFF2|GDF15|UGT1A1,-0.32,0
1,-2.4,C0020433,M1,1,0,DisGeNET,35,Hyperbilirubinemia,,-2.4,9.1,4.7,30284,131,76,3,3.9,2.2,5465|11093|54658,PPARA|ADAMTS13|UGT1A1,-0.3,0
1,-2.4,C0020507,M1,1,0,DisGeNET,35,Hyperplasia,,-2.4,9.1,4.7,30284,131,76,3,3.9,2.2,4586|5743|8140,MUC5AC|PTGS2|SLC7A5,-0.3,0
1,-2.3,C0037274,M1,1,0,DisGeNET,35,Dermatologic disorders,,-2.3,3.9,3.6,30284,615,76,6,7.9,3.1,360|5465|5743|7053|7412|8856,AQP3|PPARA|PTGS2|TGM3|VCAM1|NR1I2,-0.3,0
1,-2.3,C0024814,M1,1,0,DisGeNET,35,Marinesco-Sjogren syndrome,,-2.3,9,4.6,30284,133,76,3,3.9,2.2,4586|5743|7412,MUC5AC|PTGS2|VCAM1,-0.29,0
1,-2.3,C0018800,M1,1,0,DisGeNET,35,Cardiomegaly,,-2.3,6,4.1,30284,267,76,4,5.3,2.6,1543|1545|5465|7412,CYP1A1|CYP1B1|PPARA|VCAM1,-0.29,0
1,-2.3,C0002895,M1,1,0,DisGeNET,35,"Anemia, Sickle Cell",,-2.3,4.6,3.8,30284,432,76,5,6.6,2.8,5465|7412|9518|11093|54658,PPARA|VCAM1|GDF15|ADAMTS13|UGT1A1,-0.29,0
1,-2.3,C0020459,M1,1,0,DisGeNET,35,Hyperinsulinism,,-2.3,3.9,3.6,30284,620,76,6,7.9,3.1,360|3484|5465|7412|9962|54658,AQP3|IGFBP1|PPARA|VCAM1|SLC23A2|UGT1A1,-0.29,0
1,-2.3,C0428474,M1,1,0,DisGeNET,35,Serum LDL cholesterol measurement,,-2.3,5.9,4.1,30284,269,76,4,5.3,2.6,5465|8856|51291|54658,PPARA|NR1I2|GMIP|UGT1A1,-0.29,0
1,-2.3,C0007138,M1,1,0,DisGeNET,35,"Carcinoma, Transitional Cell",,-2.3,3.8,3.6,30284,622,76,6,7.9,3.1,360|1545|5465|5743|8140|9518,AQP3|CYP1B1|PPARA|PTGS2|SLC7A5|GDF15,-0.29,0
1,-2.3,C3811653,M1,1,0,DisGeNET,35,Experimental Organism Basal Cell Carcinoma,,-2.3,4.6,3.8,30284,437,76,5,6.6,2.8,1543|1591|5743|7053|8140,CYP1A1|CYP24A1|PTGS2|TGM3|SLC7A5,-0.28,0
1,-2.3,C0039730,M1,1,0,DisGeNET,35,Thalassemia,,-2.3,8.8,4.6,30284,136,76,3,3.9,2.2,7412|9518|54658,VCAM1|GDF15|UGT1A1,-0.28,0
1,-2.3,C0026848,M1,1,0,DisGeNET,35,Myopathy,,-2.3,3.8,3.5,30284,633,76,6,7.9,3.1,3032|3910|5465|5743|8878|9518,HADHB|LAMA4|PPARA|PTGS2|SQSTM1|GDF15,-0.26,0
1,-2.3,C0025286,M1,1,0,DisGeNET,35,Meningioma,,-2.3,3.8,3.5,30284,634,76,6,7.9,3.1,290|1543|1545|5465|5743|25976,ANPEP|CYP1A1|CYP1B1|PPARA|PTGS2|TIPARP,-0.25,0
1,-2.3,C2607914,M1,1,0,DisGeNET,35,Allergic rhinitis (disorder),,-2.3,4.5,3.7,30284,445,76,5,6.6,2.8,4586|5465|5743|7433|8856,MUC5AC|PPARA|PTGS2|VIPR1|NR1I2,-0.25,0
1,-2.3,C0020550,M1,1,0,DisGeNET,35,Hyperthyroidism,,-2.3,5.7,4,30284,278,76,4,5.3,2.6,3484|5465|9518|54658,IGFBP1|PPARA|GDF15|UGT1A1,-0.25,0
1,-2.3,C0032300,M1,1,0,DisGeNET,35,Lobar Pneumonia,,-2.3,8.5,4.5,30284,140,76,3,3.9,2.2,5743|7032|8856,PTGS2|TFF2|NR1I2,-0.25,0
1,-2.3,C0038644,M1,1,0,DisGeNET,35,Sudden infant death syndrome,,-2.3,8.5,4.5,30284,140,76,3,3.9,2.2,1543|6550|7433,CYP1A1|SLC9A3|VIPR1,-0.25,0
1,-2.3,C0017168,M1,1,0,DisGeNET,35,Gastroesophageal reflux disease,,-2.3,4.5,3.7,30284,446,76,5,6.6,2.8,1917|5743|7032|8856|64840,EEF1A2|PTGS2|TFF2|NR1I2|PORCN,-0.25,0
1,-2.3,C0041696,M1,1,0,DisGeNET,35,Unipolar Depression,,-2.3,3.7,3.5,30284,641,76,6,7.9,3.1,290|3484|4862|5743|7412|51291,ANPEP|IGFBP1|NPAS2|PTGS2|VCAM1|GMIP,-0.24,0
1,-2.3,C0019159,M1,1,0,DisGeNET,35,Hepatitis A,,-2.3,4.4,3.7,30284,450,76,5,6.6,2.8,5743|7433|8878|25976|54658,PTGS2|VIPR1|SQSTM1|TIPARP|UGT1A1,-0.24,0
1,-2.3,C0206624,M1,1,0,DisGeNET,35,Hepatoblastoma,,-2.3,4.4,3.7,30284,451,76,5,6.6,2.8,290|1543|5465|5743|7433,ANPEP|CYP1A1|PPARA|PTGS2|VIPR1,-0.24,0
1,-2.3,C0162557,M1,1,0,DisGeNET,35,"Liver Failure, Acute",,-2.3,5.7,3.9,30284,282,76,4,5.3,2.6,5465|5743|8878|64840,PPARA|PTGS2|SQSTM1|PORCN,-0.24,0
1,-2.3,C1302401,M1,1,0,DisGeNET,35,Adenoma of large intestine,,-2.3,4.4,3.7,30284,452,76,5,6.6,2.8,1543|1591|4586|5743|9962,CYP1A1|CYP24A1|MUC5AC|PTGS2|SLC23A2,-0.24,0
1,-2.2,C0017205,M1,1,0,DisGeNET,35,Gaucher Disease,,-2.2,8.4,4.4,30284,143,76,3,3.9,2.2,8856|9518|54658,NR1I2|GDF15|UGT1A1,-0.24,0
1,-2.2,C0205698,M1,1,0,DisGeNET,35,Undifferentiated carcinoma,,-2.2,5.6,3.9,30284,283,76,4,5.3,2.6,360|5465|5743|9615,AQP3|PPARA|PTGS2|GDA,-0.24,0
1,-2.2,C0278701,M1,1,0,DisGeNET,35,Gastric Adenocarcinoma,,-2.2,4.4,3.7,30284,453,76,5,6.6,2.8,360|1543|2838|5743|8878,AQP3|CYP1A1|GPR15|PTGS2|SQSTM1,-0.24,0
1,-2.2,C0153690,M1,1,0,DisGeNET,35,Secondary malignant neoplasm of bone,,-2.2,3.7,3.5,30284,647,76,6,7.9,3.1,2069|5743|7412|8856|8878|9518,EREG|PTGS2|VCAM1|NR1I2|SQSTM1|GDF15,-0.23,0
1,-2.2,C4721698,M1,1,0,DisGeNET,35,Metastatic Renal Cell Carcinoma,,-2.2,8.3,4.4,30284,144,76,3,3.9,2.2,5743|7412|54658,PTGS2|VCAM1|UGT1A1,-0.23,0
1,-2.2,C0278678,M1,1,0,DisGeNET,35,Metastatic Renal Cell Cancer,,-2.2,8.2,4.4,30284,145,76,3,3.9,2.2,5743|7412|54658,PTGS2|VCAM1|UGT1A1,-0.23,0
1,-2.2,C1839739,M1,1,0,DisGeNET,35,Thick lower lip vermilion,,-2.2,8.2,4.4,30284,145,76,3,3.9,2.2,1591|6654|57520,CYP24A1|SOS1|HECW2,-0.23,0
1,-2.2,C2827407,M1,1,0,DisGeNET,35,Infectious Otitis Media,,-2.2,8.2,4.4,30284,145,76,3,3.9,2.2,4586|5743|64840,MUC5AC|PTGS2|PORCN,-0.23,0
1,-2.2,C0040100,M1,1,0,DisGeNET,35,Thymoma,,-2.2,5.5,3.8,30284,291,76,4,5.3,2.6,3484|5465|5743|8140,IGFBP1|PPARA|PTGS2|SLC7A5,-0.2,0
1,-2.2,C0030920,M1,1,0,DisGeNET,35,Peptic Ulcer,,-2.2,8,4.3,30284,150,76,3,3.9,2.2,1543|4586|5743,CYP1A1|MUC5AC|PTGS2,-0.19,0
1,-2.2,C0040137,M1,1,0,DisGeNET,35,Thyroid Nodule,,-2.2,8,4.3,30284,150,76,3,3.9,2.2,1543|5743|9518,CYP1A1|PTGS2|GDF15,-0.19,0
1,-2.2,C0162309,M1,1,0,DisGeNET,35,Adrenoleukodystrophy,,-2.2,5.4,3.8,30284,294,76,4,5.3,2.6,3032|5465|8878|54658,HADHB|PPARA|SQSTM1|UGT1A1,-0.19,0
1,-2.2,C0162820,M1,1,0,DisGeNET,35,"Dermatitis, Allergic Contact",,-2.2,7.9,4.3,30284,151,76,3,3.9,2.2,1543|5465|8140,CYP1A1|PPARA|SLC7A5,-0.19,0
1,-2.2,C0242339,M1,1,0,DisGeNET,35,Dyslipidemias,,-2.2,4.2,3.5,30284,471,76,5,6.6,2.8,290|5465|5743|7412|8856,ANPEP|PPARA|PTGS2|VCAM1|NR1I2,-0.18,0
1,-2.2,C0002878,M1,1,0,DisGeNET,35,"Anemia, Hemolytic",,-2.2,7.8,4.2,30284,153,76,3,3.9,2.2,5743|11093|54658,PTGS2|ADAMTS13|UGT1A1,-0.18,0
1,-2.2,C0042870,M1,1,0,DisGeNET,35,Vitamin D Deficiency,,-2.2,7.8,4.2,30284,153,76,3,3.9,2.2,1591|4862|5743,CYP24A1|NPAS2|PTGS2,-0.18,0
1,-2.2,C0206694,M1,1,0,DisGeNET,35,Mucoepidermoid Carcinoma,,-2.2,7.8,4.2,30284,153,76,3,3.9,2.2,218|4586|5743,ALDH3A1|MUC5AC|PTGS2,-0.18,0
1,-2.2,C0341858,M1,1,0,DisGeNET,35,Endometriosis of uterus,,-2.2,7.8,4.2,30284,154,76,3,3.9,2.2,1543|3484|5743,CYP1A1|IGFBP1|PTGS2,-0.18,0
1,-2.2,C0040580,M1,1,0,DisGeNET,35,Tracheal Diseases,,-2.2,7.7,4.2,30284,155,76,3,3.9,2.2,4586|5743|7412,MUC5AC|PTGS2|VCAM1,-0.18,0
1,-2.2,C3841475,M1,1,0,DisGeNET,35,beta^+^ Thalassemia,,-2.2,7.7,4.2,30284,155,76,3,3.9,2.2,9518|54658|84913,GDF15|UGT1A1|ATOH8,-0.18,0
1,-2.2,C1292769,M1,1,0,DisGeNET,35,Precursor B-cell lymphoblastic leukemia,,-2.2,4.2,3.5,30284,478,76,5,6.6,2.8,290|1543|8856|9518|57491,ANPEP|CYP1A1|NR1I2|GDF15|AHRR,-0.18,0
1,-2.1,C0000737,M1,1,0,DisGeNET,35,Abdominal Pain,,-2.1,5.3,3.7,30284,302,76,4,5.3,2.6,5743|54658|64840|102724428,PTGS2|UGT1A1|PORCN|LOC102724428,-0.18,0
1,-2.1,C0020542,M1,1,0,DisGeNET,35,Pulmonary Hypertension,,-2.1,7.7,4.2,30284,156,76,3,3.9,2.2,1543|5743|7412,CYP1A1|PTGS2|VCAM1,-0.18,0
1,-2.1,C0947751,M1,1,0,DisGeNET,35,Vascular inflammations,,-2.1,5.2,3.7,30284,305,76,4,5.3,2.6,5743|7412|8856|11093,PTGS2|VCAM1|NR1I2|ADAMTS13,-0.17,0
1,-2.1,C0238339,M1,1,0,DisGeNET,35,Hereditary pancreatitis,,-2.1,7.6,4.2,30284,158,76,3,3.9,2.2,1545|4586|5743,CYP1B1|MUC5AC|PTGS2,-0.16,0
1,-2.1,C1445957,M1,1,0,DisGeNET,35,Serum total cholesterol measurement,,-2.1,4.1,3.5,30284,486,76,5,6.6,2.8,1543|5465|8856|51291|54658,CYP1A1|PPARA|NR1I2|GMIP|UGT1A1,-0.16,0
1,-2.1,C0010278,M1,1,0,DisGeNET,35,Craniosynostosis,,-2.1,4.1,3.4,30284,488,76,5,6.6,2.8,1591|4586|5743|7412|8856,CYP24A1|MUC5AC|PTGS2|VCAM1|NR1I2,-0.15,0
1,-2.1,C0036220,M1,1,0,DisGeNET,35,Kaposi Sarcoma,,-2.1,4.1,3.4,30284,488,76,5,6.6,2.8,290|2069|5743|7412|64781,ANPEP|EREG|PTGS2|VCAM1|CERK,-0.15,0
1,-2.1,C0152171,M1,1,0,DisGeNET,35,Idiopathic pulmonary hypertension,,-2.1,7.4,4.1,30284,161,76,3,3.9,2.2,8856|9518|11093,NR1I2|GDF15|ADAMTS13,-0.15,0
1,-2.1,C0398623,M1,1,0,DisGeNET,35,Thrombophilia,,-2.1,7.4,4.1,30284,161,76,3,3.9,2.2,3484|8856|11093,IGFBP1|NR1I2|ADAMTS13,-0.15,0
1,-2.1,C0002726,M1,1,0,DisGeNET,35,Amyloidosis,,-2.1,3.4,3.3,30284,693,76,6,7.9,3.1,2069|5465|5743|7412|8878|9518,EREG|PPARA|PTGS2|VCAM1|SQSTM1|GDF15,-0.14,0
1,-2.1,C0018923,M1,1,0,DisGeNET,35,Hemangiosarcoma,,-2.1,7.4,4.1,30284,162,76,3,3.9,2.2,5465|6520|8140,PPARA|SLC3A2|SLC7A5,-0.14,0
1,-2.1,C3714636,M1,1,0,DisGeNET,35,Pneumonitis,,-2.1,3.4,3.3,30284,696,76,6,7.9,3.1,4586|5743|7412|8856|9424|9518,MUC5AC|PTGS2|VCAM1|NR1I2|KCNK6|GDF15,-0.14,0
1,-2.1,C0027746,M1,1,0,DisGeNET,35,Nerve Degeneration,,-2.1,7.2,4,30284,165,76,3,3.9,2.2,1917|8878|79152,EEF1A2|SQSTM1|FA2H,-0.13,0
1,-2.1,C0030421,M1,1,0,DisGeNET,35,Paraganglioma,,-2.1,7.2,4,30284,165,76,3,3.9,2.2,5465|5743|7412,PPARA|PTGS2|VCAM1,-0.13,0
1,-2.1,C0750952,M1,1,0,DisGeNET,35,Biliary Tract Cancer,,-2.1,7.2,4,30284,167,76,3,3.9,2.2,5743|9518|54658,PTGS2|GDF15|UGT1A1,-0.11,0
1,-2.1,C4524092,M1,1,0,DisGeNET,35,Chronic rhinosinusitis with nasal polyps,,-2.1,7.1,4,30284,168,76,3,3.9,2.2,4586|5743|8856,MUC5AC|PTGS2|NR1I2,-0.11,0
1,-2.1,C1867441,M1,1,0,DisGeNET,35,Pterygium Of Conjunctiva And Cornea,,-2.1,7.1,4,30284,169,76,3,3.9,2.2,218|1543|5743,ALDH3A1|CYP1A1|PTGS2,-0.11,0
1,-2.1,C4520843,M1,1,0,DisGeNET,35,Pterygium of eye,,-2.1,7.1,4,30284,169,76,3,3.9,2.2,218|1543|5743,ALDH3A1|CYP1A1|PTGS2,-0.11,0
1,-2,C0007114,M1,1,0,DisGeNET,35,Malignant neoplasm of skin,,-2,3.9,3.3,30284,506,76,5,6.6,2.8,360|1591|5743|7053|8878,AQP3|CYP24A1|PTGS2|TGM3|SQSTM1,-0.11,0
1,-2,C0949541,M1,1,0,DisGeNET,35,Hurthle Cell Tumor,,-2,7,4,30284,170,76,3,3.9,2.2,290|5743|7412,ANPEP|PTGS2|VCAM1,-0.1,0
1,-2,C0279550,M1,1,0,DisGeNET,35,Adult Rhabdomyosarcoma,,-2,3.9,3.3,30284,509,76,5,6.6,2.8,290|5465|5743|6654|8856,ANPEP|PPARA|PTGS2|SOS1|NR1I2,-0.1,0
1,-2,C0039538,M1,1,0,DisGeNET,35,Teratoma,,-2,7,3.9,30284,171,76,3,3.9,2.2,6520|6581|84913,SLC3A2|SLC22A3|ATOH8,-0.1,0
1,-2,C0085633,M1,1,0,DisGeNET,35,Mood swings,,-2,7,3.9,30284,171,76,3,3.9,2.2,1917|5465|8878,EEF1A2|PPARA|SQSTM1,-0.1,0
1,-2,C0031090,M1,1,0,DisGeNET,35,Periodontal Diseases,,-2,4.9,3.5,30284,326,76,4,5.3,2.6,5743|7412|8856|8878,PTGS2|VCAM1|NR1I2|SQSTM1,-0.1,0
1,-2,C0037763,M1,1,0,DisGeNET,35,Spasm,,-2,7,3.9,30284,172,76,3,3.9,2.2,1591|3032|8878,CYP24A1|HADHB|SQSTM1,-0.096,0
1,-2,C0524528,M1,1,0,DisGeNET,35,Pervasive Development Disorder,,-2,4.9,3.5,30284,328,76,4,5.3,2.6,1917|8605|54658|253980,EEF1A2|PLA2G4C|UGT1A1|KCTD13,-0.094,0
1,-2,C1334274,M1,1,0,DisGeNET,35,Invasive Carcinoma,,-2,6.9,3.9,30284,173,76,3,3.9,2.2,4586|5743|8140,MUC5AC|PTGS2|SLC7A5,-0.091,0
1,-2,C0029882,M1,1,0,DisGeNET,35,Otitis Media,,-2,6.9,3.9,30284,174,76,3,3.9,2.2,4586|11093|64840,MUC5AC|ADAMTS13|PORCN,-0.087,0
1,-2,C1333990,M1,1,0,DisGeNET,35,Hereditary Nonpolyposis Colorectal Cancer,,-2,6.9,3.9,30284,174,76,3,3.9,2.2,1543|1545|5743,CYP1A1|CYP1B1|PTGS2,-0.087,0
1,-2,C0220611,M1,1,0,DisGeNET,35,Childhood Rhabdomyosarcoma,,-2,3.9,3.3,30284,517,76,5,6.6,2.8,290|5465|5743|6654|8856,ANPEP|PPARA|PTGS2|SOS1|NR1I2,-0.084,0
1,-2,C0281361,M1,1,0,DisGeNET,35,Adenocarcinoma of pancreas,,-2,3.8,3.3,30284,518,76,5,6.6,2.8,1543|5743|8856|8878|9518,CYP1A1|PTGS2|NR1I2|SQSTM1|GDF15,-0.081,0
