_MEMBER_MyList,_LogP_MyList,GO,_PATTERN_,_RANK_,GiniIndex,Category,CategoryID,Description,PARENT_GO,LogP,Enrichment,Z-score,#TotalGeneInLibrary,#GeneInGO,#GeneInHitList,#GeneInGOAndHitList,%InGO,STDV %InGO,GeneID,Hits,Log(q-value),EvidenceCutoff
1,-4.2,PGB:00001,M1,1,0,PaGenBase,36,Tissue-specific: liver,,-4.2,5.2,5.6,30284,691,76,9,12,3.7,3484|6581|7032|8856|25987|51703|54658|64838|84699,IGFBP1|SLC22A3|TFF2|NR1I2|TSKU|ACSL5|UGT1A1|FNDC4|CREB3L3,-1.4,0
1,-4.1,PGB:00031,M1,1,0,PaGenBase,36,Tissue-specific: trachea,,-4.1,18,7.9,30284,91,76,4,5.3,2.6,218|1543|4586|6581,ALDH3A1|CYP1A1|MUC5AC|SLC22A3,-1.3,0
1,-3.1,PGB:00058,M1,1,0,PaGenBase,36,Cell-specific: HEPG2,,-3.1,5.6,4.8,30284,426,76,6,7.9,3.1,1543|1591|3484|4938|7032|8856,CYP1A1|CYP24A1|IGFBP1|OAS1|TFF2|NR1I2,-0.82,0
1,-3,PGB:00029,M1,1,0,PaGenBase,36,Tissue-specific: placenta,,-3,6.5,4.9,30284,305,76,5,6.6,2.8,3484|6654|9518|23764|342035,IGFBP1|SOS1|GDF15|MAFF|GLDN,-0.73,0
1,-2.8,PGB:00014,M1,1,0,PaGenBase,36,Tissue-specific: lung,,-2.8,4.8,4.3,30284,498,76,6,7.9,3.1,218|1543|5743|6654|7433|8856,ALDH3A1|CYP1A1|PTGS2|SOS1|VIPR1|NR1I2,-0.6,0
1,-2.6,PGB:00011,M1,1,0,PaGenBase,36,Tissue-specific: Smooth Muscle,,-2.6,12,5.4,30284,103,76,3,3.9,2.2,5743|6654|11015,PTGS2|SOS1|KDELR3,-0.5,0
