Category,CategoryID,GO,Description,PARENT_GO,LogP,Enrichment,Z-score,#TotalGeneInLibrary,#GeneInGO,#GeneInHitList,#GeneInGOAndHitList,%InGO,STDV %InGO,GeneID,Hits,Log(q-value),GeneList
Cell Type Signatures,7,M40212,DESCARTES FETAL INTESTINE INTESTINAL EPITHELIAL CELLS,,-10,16,12,30284,276,76,11,14,4,290|2069|6550|7433|8856|9615|51703|80201|84699|120224|132158,ANPEP|EREG|SLC9A3|VIPR1|NR1I2|GDA|ACSL5|HKDC1|CREB3L3|TMEM45B|GLYCTK,-5.5,MyList
COVID,200,COVID016,RNA_Blanco-Melo_Calu-3_Up,,-7.2,12,9.6,30284,300,76,9,12,3.7,1543|1545|2069|2635|4938|5743|8140|23764|25976,CYP1A1|CYP1B1|EREG|GBP3|OAS1|PTGS2|SLC7A5|MAFF|TIPARP,-3.2,MyList
COVID,200,COVID050,RNA_Wyler_Calu-3_24h_Up,,-7.2,12,9.6,30284,300,76,9,12,3.7,1543|2069|2635|4938|5743|6520|9518|10723|25976,CYP1A1|EREG|GBP3|OAS1|PTGS2|SLC3A2|GDF15|SLC12A7|TIPARP,-3.2,MyList
DisGeNET,35,C0085207,Gestational Diabetes,,-7.1,7.4,8.2,30284,649,76,12,16,4.2,290|1545|1591|3484|5465|5743|6654|7412|7433|9518|80201|80274,ANPEP|CYP1B1|CYP24A1|IGFBP1|PPARA|PTGS2|SOS1|VCAM1|VIPR1|GDF15|HKDC1|SCUBE1,-3.2,MyList
DisGeNET,35,C1304119,Chronic stable plaque psoriasis,,-6.8,2.4e+02,27,30284,5,76,3,3.9,2.2,1543|1545|54658,CYP1A1|CYP1B1|UGT1A1,-3,MyList
Cell Type Signatures,7,M40301,DESCARTES FETAL STOMACH MUC13 DMBT1 POSITIVE CELLS,,-6.8,25,12,30284,97,76,6,7.9,3.1,7433|8856|9615|51703|80201|84699,VIPR1|NR1I2|GDA|ACSL5|HKDC1|CREB3L3,-3,MyList
Cell Type Signatures,7,M40029,BUSSLINGER DUODENAL MATURE ENTEROCYTES,,-6.5,12,9.2,30284,259,76,8,11,3.5,290|1543|6520|10723|51703|80201|84699|122416,ANPEP|CYP1A1|SLC3A2|SLC12A7|ACSL5|HKDC1|CREB3L3|ANKRD9,-2.9,MyList
DisGeNET,35,C4529962,Fatty Liver Disease,,-6.5,6.5,7.5,30284,741,76,12,16,4.2,290|3032|5465|5743|7412|8605|8856|8878|9518|11093|25987|51703,ANPEP|HADHB|PPARA|PTGS2|VCAM1|PLA2G4C|NR1I2|SQSTM1|GDF15|ADAMTS13|TSKU|ACSL5,-2.9,MyList
Cell Type Signatures,7,M40028,BUSSLINGER DUODENAL LATE IMMATURE ENTEROCYTES,,-6.5,16,9.9,30284,177,76,7,9.2,3.3,290|1543|3032|9615|51703|84699|120224,ANPEP|CYP1A1|HADHB|GDA|ACSL5|CREB3L3|TMEM45B,-2.9,MyList
TRRUST,34,TRR00004,Regulated by: AHR,,-6.2,59,15,30284,27,76,4,5.3,2.6,1543|1545|54658|57491,CYP1A1|CYP1B1|UGT1A1|AHRR,-2.7,MyList
DisGeNET,35,C0019158,Hepatitis,,-6.1,6.7,7.4,30284,655,76,11,14,4,1545|5465|5743|7412|7433|8856|8878|9518|25976|54658|80201,CYP1B1|PPARA|PTGS2|VCAM1|VIPR1|NR1I2|SQSTM1|GDF15|TIPARP|UGT1A1|HKDC1,-2.7,MyList
COVID,200,COVID036,RNA_Sun_Calu-3_0h_Up,,-6.1,11,8.4,30284,300,76,8,11,3.5,2069|4938|5743|7412|9962|10723|23764|79152,EREG|OAS1|PTGS2|VCAM1|SLC23A2|SLC12A7|MAFF|FA2H,-2.6,MyList
DisGeNET,35,C0596321,Chemical Carcinogenesis,,-6,28,11,30284,71,76,5,6.6,2.8,1543|1545|5465|5743|8856,CYP1A1|CYP1B1|PPARA|PTGS2|NR1I2,-2.6,MyList
DisGeNET,35,C0008370,Cholestasis,,-6,8.5,7.8,30284,420,76,9,12,3.7,290|3032|5465|6581|7412|8856|9962|11093|54658,ANPEP|HADHB|PPARA|SLC22A3|VCAM1|NR1I2|SLC23A2|ADAMTS13|UGT1A1,-2.6,MyList
DisGeNET,35,C0020473,Hyperlipidemia,,-5.5,7.6,7.2,30284,472,76,9,12,3.7,290|1543|5465|5743|7412|8856|8878|51703|64838,ANPEP|CYP1A1|PPARA|PTGS2|VCAM1|NR1I2|SQSTM1|ACSL5|FNDC4,-2.2,MyList
DisGeNET,35,C1704272,Benign Prostatic Hyperplasia,,-5.5,5.7,6.6,30284,770,76,11,14,4,1543|1545|5465|5743|6581|7433|8856|8878|9518|54658|120224,CYP1A1|CYP1B1|PPARA|PTGS2|SLC22A3|VIPR1|NR1I2|SQSTM1|GDF15|UGT1A1|TMEM45B,-2.2,MyList
Cell Type Signatures,7,M40158,DESCARTES FETAL CEREBELLUM VASCULAR ENDOTHELIAL CELLS,,-5.4,6.3,6.8,30284,632,76,10,13,3.9,218|290|2635|4862|6520|8140|10723|120224|254427|259173,ALDH3A1|ANPEP|GBP3|NPAS2|SLC3A2|SLC7A5|SLC12A7|TMEM45B|PROSER2|ALS2CL,-2.1,MyList
COVID,200,COVID191,RNA_Stukalov_A549-ACE2_24h_Up,,-5.3,20,9.6,30284,98,76,5,6.6,2.8,2069|7477|8605|9518|25976,EREG|WNT7B|PLA2G4C|GDF15|TIPARP,-2.1,MyList
DisGeNET,35,C0149521,"Pancreatitis, Chronic",,-5.3,8.4,7.3,30284,379,76,8,11,3.5,1543|1591|2069|4586|5743|7032|9518|54658,CYP1A1|CYP24A1|EREG|MUC5AC|PTGS2|TFF2|GDF15|UGT1A1,-2.1,MyList
DisGeNET,35,C0032584,polyps,,-5.2,8.2,7.2,30284,390,76,8,11,3.5,1591|2069|4586|5743|6581|7032|7412|8878,CYP24A1|EREG|MUC5AC|PTGS2|SLC22A3|TFF2|VCAM1|SQSTM1,-2,MyList
DisGeNET,35,C0242216,Biliary calculi,,-5.2,33,11,30284,48,76,4,5.3,2.6,290|4586|11015|54658,ANPEP|MUC5AC|KDELR3|UGT1A1,-2,MyList
TRRUST,34,TRR01256,Regulated by: SP1,,-5.2,6.8,6.8,30284,525,76,9,12,3.7,1545|3484|4586|5743|6520|6654|8140|8878|9615,CYP1B1|IGFBP1|MUC5AC|PTGS2|SLC3A2|SOS1|SLC7A5|SQSTM1|GDA,-2,MyList
DisGeNET,35,C0878500,Intraepithelial Neoplasia,,-5.1,13,8.1,30284,186,76,6,7.9,3.1,360|2069|4586|5743|7053|8140,AQP3|EREG|MUC5AC|PTGS2|TGM3|SLC7A5,-2,MyList
DisGeNET,35,C0376618,Endotoxemia,,-5.1,7.9,7,30284,401,76,8,11,3.5,2069|3484|5743|7412|7433|8856|8878|11093,EREG|IGFBP1|PTGS2|VCAM1|VIPR1|NR1I2|SQSTM1|ADAMTS13,-2,MyList
DisGeNET,35,C0338106,Adenocarcinoma of colon,,-5.1,7.9,7,30284,406,76,8,11,3.5,290|1543|4586|5465|5743|8856|54658|102724428,ANPEP|CYP1A1|MUC5AC|PPARA|PTGS2|NR1I2|UGT1A1|LOC102724428,-2,MyList
DisGeNET,35,C0334233,Pleomorphic carcinoma,,-5.1,75,15,30284,16,76,3,3.9,2.2,1543|6520|8140,CYP1A1|SLC3A2|SLC7A5,-2,MyList
COVID,200,COVID173,Proteome_Stukalov_A549_72h_ORF3_Up,,-5.1,9.6,7.4,30284,291,76,7,9.2,3.3,3484|5743|6520|8878|23764|25987|102724428,IGFBP1|PTGS2|SLC3A2|SQSTM1|MAFF|TSKU|LOC102724428,-2,MyList
COVID,200,COVID193,RNA_Stukalov_A549-ACE2_30h_Up,,-5,9.3,7.2,30284,300,76,7,9.2,3.3,1545|2069|5743|7477|8605|9518|25976,CYP1B1|EREG|PTGS2|WNT7B|PLA2G4C|GDF15|TIPARP,-1.9,MyList
COVID,200,COVID010,RNA_Blanco-Melo_A549-ACE2_Up,,-5,9.3,7.2,30284,300,76,7,9.2,3.3,2069|3484|5743|9518|10723|23764|25976,EREG|IGFBP1|PTGS2|GDF15|SLC12A7|MAFF|TIPARP,-1.9,MyList
DisGeNET,35,C1963943,Atherothrombosis,,-5,17,8.8,30284,115,76,5,6.6,2.8,5743|6520|7412|8856|9518,PTGS2|SLC3A2|VCAM1|NR1I2|GDF15,-1.9,MyList
DisGeNET,35,C0202236,Triglycerides measurement,,-4.9,6.4,6.5,30284,563,76,9,12,3.7,1543|4862|6581|7412|8605|23042|23764|51291|54658,CYP1A1|NPAS2|SLC22A3|VCAM1|PLA2G4C|PDXDC1|MAFF|GMIP|UGT1A1,-1.9,MyList
DisGeNET,35,C0524910,"Hepatitis C, Chronic",,-4.9,7.4,6.7,30284,430,76,8,11,3.5,1543|1591|4938|5465|5743|7433|8856|54658,CYP1A1|CYP24A1|OAS1|PPARA|PTGS2|VIPR1|NR1I2|UGT1A1,-1.9,MyList
TRRUST,34,TRR00270,Regulated by: EP300,,-4.7,25,9.7,30284,63,76,4,5.3,2.6,1545|3910|5743|7412,CYP1B1|LAMA4|PTGS2|VCAM1,-1.7,MyList
Cell Type Signatures,7,M40013,BUSSLINGER GASTRIC MATURE PIT CELLS,,-4.7,11,7.3,30284,224,76,6,7.9,3.1,218|4938|7032|25987|79152|399665,ALDH3A1|OAS1|TFF2|TSKU|FA2H|EEIG1,-1.7,MyList
DisGeNET,35,C0007107,Malignant neoplasm of larynx,,-4.6,8,6.6,30284,349,76,7,9.2,3.3,1543|1545|5743|6520|8140|8878|54658,CYP1A1|CYP1B1|PTGS2|SLC3A2|SLC7A5|SQSTM1|UGT1A1,-1.6,MyList
DisGeNET,35,C4733092,estrogen receptor-negative breast cancer,,-4.5,7.8,6.5,30284,356,76,7,9.2,3.3,1543|1545|1591|5743|51703|54658|399665,CYP1A1|CYP1B1|CYP24A1|PTGS2|ACSL5|UGT1A1|EEIG1,-1.5,MyList
DisGeNET,35,C0023532,"Leukoplakia, Oral",,-4.5,14,7.7,30284,144,76,5,6.6,2.8,1543|1545|5743|7053|102724428,CYP1A1|CYP1B1|PTGS2|TGM3|LOC102724428,-1.5,MyList
DisGeNET,35,C1859807,"AMYOTROPHIC LATERAL SCLEROSIS 2, JUVENILE (disorder)",,-4.5,48,12,30284,25,76,3,3.9,2.2,6654|8878|259173,SOS1|SQSTM1|ALS2CL,-1.5,MyList
DisGeNET,35,C0011603,Dermatitis,,-4.5,6.4,6.1,30284,496,76,8,11,3.5,2069|2838|5465|5743|7053|7412|8140|8856,EREG|GPR15|PPARA|PTGS2|TGM3|VCAM1|SLC7A5|NR1I2,-1.5,MyList
DisGeNET,35,C0037286,Skin Neoplasms,,-4.4,7.7,6.4,30284,363,76,7,9.2,3.3,360|2069|5743|6654|7412|8856|8878,AQP3|EREG|PTGS2|SOS1|VCAM1|NR1I2|SQSTM1,-1.5,MyList
DisGeNET,35,C0740457,Malignant neoplasm of kidney,,-4.4,5.4,5.8,30284,664,76,9,12,3.7,1543|1545|4862|5743|6520|6581|8856|8878|80274,CYP1A1|CYP1B1|NPAS2|PTGS2|SLC3A2|SLC22A3|NR1I2|SQSTM1|SCUBE1,-1.5,MyList
DisGeNET,35,C1527390,"Neoplasms, Intracranial",,-4.3,13,7.4,30284,157,76,5,6.6,2.8,1545|4938|5465|5743|9518,CYP1B1|OAS1|PPARA|PTGS2|GDF15,-1.4,MyList
DisGeNET,35,C3875321,Inflammatory dermatosis,,-4.3,7.3,6.2,30284,382,76,7,9.2,3.3,2069|5465|5743|7053|7412|8140|8856,EREG|PPARA|PTGS2|TGM3|VCAM1|SLC7A5|NR1I2,-1.4,MyList
DisGeNET,35,C0031099,Periodontitis,,-4.3,5.3,5.7,30284,679,76,9,12,3.7,290|360|1543|1545|5465|5743|7412|8856|8878,ANPEP|AQP3|CYP1A1|CYP1B1|PPARA|PTGS2|VCAM1|NR1I2|SQSTM1,-1.4,MyList
DisGeNET,35,C0014170,Endometrial Neoplasms,,-4.3,9.2,6.6,30284,261,76,6,7.9,3.1,1543|1545|3484|5743|8856|54658,CYP1A1|CYP1B1|IGFBP1|PTGS2|NR1I2|UGT1A1,-1.4,MyList
DisGeNET,35,C0155490,Middle Ear Cholesteatoma,,-4.3,41,11,30284,29,76,3,3.9,2.2,2069|5743|6581,EREG|PTGS2|SLC22A3,-1.4,MyList
TRRUST,34,TRR01277,Regulated by: STAT3,,-4.3,12,7.2,30284,162,76,5,6.6,2.8,4938|5465|5743|6654|79152,OAS1|PPARA|PTGS2|SOS1|FA2H,-1.4,MyList
PaGenBase,36,PGB:00001,Tissue-specific: liver,,-4.2,5.2,5.6,30284,691,76,9,12,3.7,3484|6581|7032|8856|25987|51703|54658|64838|84699,IGFBP1|SLC22A3|TFF2|NR1I2|TSKU|ACSL5|UGT1A1|FNDC4|CREB3L3,-1.4,MyList
DisGeNET,35,C0860207,Drug-Induced Liver Disease,,-4.2,5.9,5.8,30284,537,76,8,11,3.5,1543|4938|5465|5743|8856|9615|54658|84913,CYP1A1|OAS1|PPARA|PTGS2|NR1I2|GDA|UGT1A1|ATOH8,-1.4,MyList
DisGeNET,35,C4551686,Malignant neoplasm of soft tissue,,-4.2,5.1,5.5,30284,699,76,9,12,3.7,4862|5743|6550|7433|9424|9518|54658|57491|102724428,NPAS2|PTGS2|SLC9A3|VIPR1|KCNK6|GDF15|UGT1A1|AHRR|LOC102724428,-1.4,MyList
DisGeNET,35,C0024115,Lung diseases,,-4.2,5.1,5.5,30284,700,76,9,12,3.7,1543|2069|4586|5465|5743|6550|7032|8856|57491,CYP1A1|EREG|MUC5AC|PPARA|PTGS2|SLC9A3|TFF2|NR1I2|AHRR,-1.4,MyList
DisGeNET,35,C0013221,Drug toxicity,,-4.2,19,8.2,30284,86,76,4,5.3,2.6,3484|5465|5743|54658,IGFBP1|PPARA|PTGS2|UGT1A1,-1.4,MyList
DisGeNET,35,C0041755,Adverse reaction to drug,,-4.2,18,8.1,30284,87,76,4,5.3,2.6,3484|5465|5743|54658,IGFBP1|PPARA|PTGS2|UGT1A1,-1.4,MyList
DisGeNET,35,C1519689,Tumor Promotion,,-4.2,12,7,30284,170,76,5,6.6,2.8,1543|2069|5743|6520|8856,CYP1A1|EREG|PTGS2|SLC3A2|NR1I2,-1.4,MyList
DisGeNET,35,C0023267,Fibroid Tumor,,-4.1,6.8,5.9,30284,413,76,7,9.2,3.3,1543|1545|3484|5743|6520|8140|8878,CYP1A1|CYP1B1|IGFBP1|PTGS2|SLC3A2|SLC7A5|SQSTM1,-1.3,MyList
PaGenBase,36,PGB:00031,Tissue-specific: trachea,,-4.1,18,7.9,30284,91,76,4,5.3,2.6,218|1543|4586|6581,ALDH3A1|CYP1A1|MUC5AC|SLC22A3,-1.3,MyList
DisGeNET,35,C0018552,Hamartoma,,-4.1,18,7.9,30284,91,76,4,5.3,2.6,1543|2069|3910|5743,CYP1A1|EREG|LAMA4|PTGS2,-1.3,MyList
DisGeNET,35,C0740277,Bile duct carcinoma,,-4.1,18,7.9,30284,91,76,4,5.3,2.6,1543|5743|8140|8856,CYP1A1|PTGS2|SLC7A5|NR1I2,-1.3,MyList
DisGeNET,35,C0266929,Chronic Periodontitis,,-4.1,8.3,6.3,30284,287,76,6,7.9,3.1,360|5743|7053|7412|8856|9962,AQP3|PTGS2|TGM3|VCAM1|NR1I2|SLC23A2,-1.3,MyList
DisGeNET,35,C0042133,Uterine Fibroids,,-4,5.6,5.6,30284,569,76,8,11,3.5,1543|1545|1591|3484|5743|6520|8140|8878,CYP1A1|CYP1B1|CYP24A1|IGFBP1|PTGS2|SLC3A2|SLC7A5|SQSTM1,-1.3,MyList
DisGeNET,35,C0024305,"Lymphoma, Non-Hodgkin",,-4,4.9,5.4,30284,733,76,9,12,3.7,290|1543|1545|1591|4862|5743|7412|7433|9962,ANPEP|CYP1A1|CYP1B1|CYP24A1|NPAS2|PTGS2|VCAM1|VIPR1|SLC23A2,-1.3,MyList
DisGeNET,35,C0332840,Amputated structure (morphologic abnormality),,-4,17,7.8,30284,94,76,4,5.3,2.6,5743|8856|9518|11093,PTGS2|NR1I2|GDF15|ADAMTS13,-1.3,MyList
DisGeNET,35,C0278488,Carcinoma breast stage IV,,-4,5.6,5.5,30284,573,76,8,11,3.5,1543|5743|6520|6581|7412|8856|8878|54658,CYP1A1|PTGS2|SLC3A2|SLC22A3|VCAM1|NR1I2|SQSTM1|UGT1A1,-1.3,MyList
DisGeNET,35,C0017185,Gastrointestinal Neoplasms,,-4,11,6.8,30284,182,76,5,6.6,2.8,4586|5743|7433|8856|9518,MUC5AC|PTGS2|VIPR1|NR1I2|GDF15,-1.3,MyList
DisGeNET,35,C0154251,Lipid Metabolism Disorders,,-4,17,7.7,30284,95,76,4,5.3,2.6,1545|3032|5465|8856,CYP1B1|HADHB|PPARA|NR1I2,-1.3,MyList
DisGeNET,35,C4552766,Miscarriage,,-4,6.5,5.8,30284,426,76,7,9.2,3.3,1543|1545|1591|3484|3910|7412|11093,CYP1A1|CYP1B1|CYP24A1|IGFBP1|LAMA4|VCAM1|ADAMTS13,-1.3,MyList
Cell Type Signatures,7,M39051,MANNO MIDBRAIN NEUROTYPES HMGL,,-4,5.5,5.5,30284,577,76,8,11,3.5,4938|5743|7477|8878|9424|23764|51703|219855,OAS1|PTGS2|WNT7B|SQSTM1|KCNK6|MAFF|ACSL5|SLC37A2,-1.3,MyList
DisGeNET,35,C0022665,Kidney Neoplasm,,-4,8.1,6.2,30284,295,76,6,7.9,3.1,290|1543|1545|5743|7412|80274,ANPEP|CYP1A1|CYP1B1|PTGS2|VCAM1|SCUBE1,-1.3,MyList
DisGeNET,35,C0011175,Dehydration,,-4,8.1,6.2,30284,295,76,6,7.9,3.1,360|1591|4586|8856|25987|54658,AQP3|CYP24A1|MUC5AC|NR1I2|TSKU|UGT1A1,-1.3,MyList
Cell Type Signatures,7,M39135,AIZARANI LIVER C39 EPCAM POS BILE DUCT CELLS 4,,-4,11,6.7,30284,184,76,5,6.6,2.8,6520|8878|9518|10723|23764,SLC3A2|SQSTM1|GDF15|SLC12A7|MAFF,-1.3,MyList
Cell Type Signatures,7,M39125,AIZARANI LIVER C24 EPCAM POS BILE DUCT CELLS 3,,-4,11,6.7,30284,185,76,5,6.6,2.8,290|360|10723|79152|399665,ANPEP|AQP3|SLC12A7|FA2H|EEIG1,-1.3,MyList
DisGeNET,35,C0011615,"Dermatitis, Atopic",,-4,4.8,5.3,30284,750,76,9,12,3.7,360|1543|1591|5465|5743|7053|7412|8856|79152,AQP3|CYP1A1|CYP24A1|PPARA|PTGS2|TGM3|VCAM1|NR1I2|FA2H,-1.3,MyList
Cell Type Signatures,7,M40220,DESCARTES FETAL KIDNEY URETERIC BUD CELLS,,-4,8,6.1,30284,300,76,6,7.9,3.1,1591|7477|54658|79152|120224|388115,CYP24A1|WNT7B|UGT1A1|FA2H|TMEM45B|CCDC9B,-1.3,MyList
COVID,200,COVID038,RNA_Sun_Calu-3_12h_Up,,-4,8,6.1,30284,300,76,6,7.9,3.1,1543|1545|4938|5743|7412|25976,CYP1A1|CYP1B1|OAS1|PTGS2|VCAM1|TIPARP,-1.3,MyList
DisGeNET,35,C0262401,Carcinoma of ampulla of Vater,,-4,32,9.6,30284,37,76,3,3.9,2.2,1543|4586|5743,CYP1A1|MUC5AC|PTGS2,-1.3,MyList
DisGeNET,35,C0000786,Spontaneous abortion,,-3.9,11,6.6,30284,188,76,5,6.6,2.8,1543|1545|1591|3484|3910,CYP1A1|CYP1B1|CYP24A1|IGFBP1|LAMA4,-1.3,MyList
DisGeNET,35,C0153381,Malignant neoplasm of mouth,,-3.9,4.7,5.2,30284,756,76,9,12,3.7,360|1543|1545|1591|5465|5743|8878|9518|57491,AQP3|CYP1A1|CYP1B1|CYP24A1|PPARA|PTGS2|SQSTM1|GDF15|AHRR,-1.3,MyList
DisGeNET,35,C0948089,Acute Coronary Syndrome,,-3.9,6.4,5.7,30284,439,76,7,9.2,3.3,1543|5465|5743|7412|9518|9962|51703,CYP1A1|PPARA|PTGS2|VCAM1|GDF15|SLC23A2|ACSL5,-1.3,MyList
DisGeNET,35,C0948780,Rhinosinusitis,,-3.9,31,9.4,30284,38,76,3,3.9,2.2,4586|5743|8856,MUC5AC|PTGS2|NR1I2,-1.3,MyList
DisGeNET,35,C0271650,Impaired glucose tolerance,,-3.9,5.3,5.4,30284,596,76,8,11,3.5,290|1545|3484|5465|7412|8856|9518|64838,ANPEP|CYP1B1|IGFBP1|PPARA|VCAM1|NR1I2|GDF15|FNDC4,-1.3,MyList
Cell Type Signatures,7,M40283,DESCARTES FETAL PLACENTA VASCULAR ENDOTHELIAL CELLS,,-3.9,16,7.4,30284,102,76,4,5.3,2.6,1543|7433|57186|57520,CYP1A1|VIPR1|RALGAPA2|HECW2,-1.3,MyList
DisGeNET,35,C0023531,Leukoplakia,,-3.9,16,7.4,30284,102,76,4,5.3,2.6,1543|5743|7053|102724428,CYP1A1|PTGS2|TGM3|LOC102724428,-1.3,MyList
DisGeNET,35,C0341439,Chronic liver disease,,-3.9,10,6.5,30284,196,76,5,6.6,2.8,1543|3484|7412|9518|54658,CYP1A1|IGFBP1|VCAM1|GDF15|UGT1A1,-1.3,MyList
DisGeNET,35,C0035242,Respiratory Tract Diseases,,-3.8,10,6.4,30284,198,76,5,6.6,2.8,1545|4586|5743|6581|54658,CYP1B1|MUC5AC|PTGS2|SLC22A3|UGT1A1,-1.2,MyList
DisGeNET,35,C0595989,Carcinoma of larynx,,-3.8,6.1,5.5,30284,456,76,7,9.2,3.3,1543|1545|5743|6520|8140|8878|54658,CYP1A1|CYP1B1|PTGS2|SLC3A2|SLC7A5|SQSTM1|UGT1A1,-1.2,MyList
DisGeNET,35,C1704436,Peripheral Arterial Diseases,,-3.8,7.5,5.8,30284,319,76,6,7.9,3.1,5743|7412|8856|9518|11093|54658,PTGS2|VCAM1|NR1I2|GDF15|ADAMTS13|UGT1A1,-1.2,MyList
DisGeNET,35,C1333001,Childhood Renal Cell Carcinoma,,-3.8,15,7.2,30284,107,76,4,5.3,2.6,1543|1545|6520|80274,CYP1A1|CYP1B1|SLC3A2|SCUBE1,-1.2,MyList
DisGeNET,35,C0004623,Bacterial Infections,,-3.8,5.2,5.3,30284,616,76,8,11,3.5,4586|4938|5465|5743|6520|8140|8856|11093,MUC5AC|OAS1|PPARA|PTGS2|SLC3A2|SLC7A5|NR1I2|ADAMTS13,-1.2,MyList
TRRUST,34,TRR01060,Regulated by: PPARA,,-3.8,28,8.9,30284,42,76,3,3.9,2.2,1543|3484|5743,CYP1A1|IGFBP1|PTGS2,-1.2,MyList
DisGeNET,35,C3830362,Early Pregnancy Loss,,-3.8,15,7.1,30284,109,76,4,5.3,2.6,1543|1591|3484|3910,CYP1A1|CYP24A1|IGFBP1|LAMA4,-1.2,MyList
DisGeNET,35,C0000822,"Abortion, Tubal",,-3.8,15,7.1,30284,109,76,4,5.3,2.6,1543|1591|3484|3910,CYP1A1|CYP24A1|IGFBP1|LAMA4,-1.2,MyList
DisGeNET,35,C0035204,Respiration Disorders,,-3.7,9.6,6.2,30284,208,76,5,6.6,2.8,2069|4586|5743|6581|54658,EREG|MUC5AC|PTGS2|SLC22A3|UGT1A1,-1.2,MyList
DisGeNET,35,C0021831,Intestinal Diseases,,-3.7,9.5,6.2,30284,209,76,5,6.6,2.8,4586|5465|5743|6550|8856,MUC5AC|PPARA|PTGS2|SLC9A3|NR1I2,-1.2,MyList
DisGeNET,35,C0002152,Alloxan Diabetes,,-3.7,14,7,30284,112,76,4,5.3,2.6,1543|5465|5743|6550,CYP1A1|PPARA|PTGS2|SLC9A3,-1.2,MyList
DisGeNET,35,C0038433,Streptozotocin Diabetes,,-3.7,14,7,30284,112,76,4,5.3,2.6,1543|5465|5743|6550,CYP1A1|PPARA|PTGS2|SLC9A3,-1.2,MyList
DisGeNET,35,C0004763,Barrett Esophagus,,-3.7,5.8,5.3,30284,478,76,7,9.2,3.3,290|4586|5743|7032|7412|8856|9518,ANPEP|MUC5AC|PTGS2|TFF2|VCAM1|NR1I2|GDF15,-1.2,MyList
DisGeNET,35,C1443924,Severe diarrhea,,-3.6,25,8.4,30284,47,76,3,3.9,2.2,360|6550|54658,AQP3|SLC9A3|UGT1A1,-1.1,MyList
DisGeNET,35,C3714514,Infection,,-3.6,5.7,5.2,30284,491,76,7,9.2,3.3,290|4938|5465|5743|7032|7412|7433,ANPEP|OAS1|PPARA|PTGS2|TFF2|VCAM1|VIPR1,-1.1,MyList
TRRUST,34,TRR00674,Regulated by: KLF4,,-3.6,25,8.3,30284,48,76,3,3.9,2.2,1543|3910|9518,CYP1A1|LAMA4|GDF15,-1.1,MyList
DisGeNET,35,C0020476,Hyperlipoproteinemias,,-3.6,24,8.2,30284,49,76,3,3.9,2.2,5465|7412|84699,PPARA|VCAM1|CREB3L3,-1.1,MyList
DisGeNET,35,C2216702,malignant neoplasm of breast staging,,-3.6,24,8.2,30284,49,76,3,3.9,2.2,1917|5743|7412,EEF1A2|PTGS2|VCAM1,-1.1,MyList
DisGeNET,35,C2316810,Chronic kidney disease stage 5,,-3.6,4.8,5,30284,665,76,8,11,3.5,1543|1591|3484|5465|5743|6550|7477|11093,CYP1A1|CYP24A1|IGFBP1|PPARA|PTGS2|SLC9A3|WNT7B|ADAMTS13,-1.1,MyList
DisGeNET,35,C0236734,Caffeine related disorders,,-3.5,6.7,5.4,30284,359,76,6,7.9,3.1,1543|1917|5743|8856|8878|54658,CYP1A1|EEF1A2|PTGS2|NR1I2|SQSTM1|UGT1A1,-1,MyList
DisGeNET,35,C0007820,Cerebrovascular Disorders,,-3.5,8.6,5.8,30284,233,76,5,6.6,2.8,5743|7412|9518|11093|54658,PTGS2|VCAM1|GDF15|ADAMTS13|UGT1A1,-1,MyList
DisGeNET,35,C0025568,Metaplasia,,-3.5,23,8,30284,52,76,3,3.9,2.2,5743|9518|51703,PTGS2|GDF15|ACSL5,-1,MyList
DisGeNET,35,C0022672,Acute Kidney Tubular Necrosis,,-3.5,23,7.9,30284,53,76,3,3.9,2.2,5465|5743|6550,PPARA|PTGS2|SLC9A3,-1,MyList
DisGeNET,35,C0022346,Icterus,,-3.4,8.3,5.7,30284,241,76,5,6.6,2.8,1543|6581|8856|11093|54658,CYP1A1|SLC22A3|NR1I2|ADAMTS13|UGT1A1,-0.96,MyList
DisGeNET,35,C0349204,Nonorganic psychosis,,-3.4,6.4,5.2,30284,376,76,6,7.9,3.1,1917|6581|7412|8140|8856|9518,EEF1A2|SLC22A3|VCAM1|SLC7A5|NR1I2|GDF15,-0.95,MyList
Cell Type Signatures,7,M40175,DESCARTES FETAL EYE CORNEAL AND CONJUNCTIVAL EPITHELIAL CELLS,,-3.4,8.2,5.7,30284,243,76,5,6.6,2.8,360|2635|9518|23764|195814,AQP3|GBP3|GDF15|MAFF|SDR16C5,-0.95,MyList
Cell Type Signatures,7,M39159,GAO LARGE INTESTINE 24W C10 ENTEROCYTE,,-3.4,21,7.6,30284,56,76,3,3.9,2.2,290|8856|120224,ANPEP|NR1I2|TMEM45B,-0.94,MyList
DisGeNET,35,C0022602,Actinic keratosis,,-3.4,12,6.3,30284,136,76,4,5.3,2.6,360|1591|5465|5743,AQP3|CYP24A1|PPARA|PTGS2,-0.94,MyList
DisGeNET,35,C0038358,Gastric ulcer,,-3.4,12,6.3,30284,136,76,4,5.3,2.6,4586|5743|7032|7412,MUC5AC|PTGS2|TFF2|VCAM1,-0.94,MyList
DisGeNET,35,C0598608,Hyperhomocysteinemia,,-3.4,8.1,5.6,30284,246,76,5,6.6,2.8,1543|5465|5743|7412|8878,CYP1A1|PPARA|PTGS2|VCAM1|SQSTM1,-0.94,MyList
DisGeNET,35,C0038013,Ankylosing spondylitis,,-3.4,4.5,4.7,30284,710,76,8,11,3.5,1543|1545|1591|5743|7433|8878|9518|25987,CYP1A1|CYP1B1|CYP24A1|PTGS2|VIPR1|SQSTM1|GDF15|TSKU,-0.93,MyList
DisGeNET,35,C0856169,Endothelial dysfunction,,-3.4,4.5,4.7,30284,716,76,8,11,3.5,290|5743|7412|8856|8878|9518|11093|80274,ANPEP|PTGS2|VCAM1|NR1I2|SQSTM1|GDF15|ADAMTS13|SCUBE1,-0.91,MyList
DisGeNET,35,C0011265,Presenile dementia,,-3.4,4.5,4.7,30284,716,76,8,11,3.5,1917|5465|5743|7412|8856|8878|9518|11093,EEF1A2|PPARA|PTGS2|VCAM1|NR1I2|SQSTM1|GDF15|ADAMTS13,-0.91,MyList
Cell Type Signatures,7,M39322,CUI DEVELOPING HEART VALVAR ENDOTHELIAL CELL,,-3.4,11,6.2,30284,141,76,4,5.3,2.6,1545|5743|23764|25976,CYP1B1|PTGS2|MAFF|TIPARP,-0.9,MyList
DisGeNET,35,C0020488,Hypernatremia,,-3.4,20,7.4,30284,59,76,3,3.9,2.2,360|5743|6550,AQP3|PTGS2|SLC9A3,-0.9,MyList
DisGeNET,35,C0014173,Endometrial Hyperplasia,,-3.3,11,6.1,30284,143,76,4,5.3,2.6,1543|5465|5743|8878,CYP1A1|PPARA|PTGS2|SQSTM1,-0.89,MyList
DisGeNET,35,C0027498,Nausea and vomiting,,-3.3,7.8,5.5,30284,257,76,5,6.6,2.8,1543|5743|8856|8878|9518,CYP1A1|PTGS2|NR1I2|SQSTM1|GDF15,-0.88,MyList
Cell Type Signatures,7,M39174,MURARO PANCREAS ACINAR CELL,,-3.3,4.4,4.6,30284,731,76,8,11,3.5,290|1543|8878|9518|10723|11015|64838|79152,ANPEP|CYP1A1|SQSTM1|GDF15|SLC12A7|KDELR3|FNDC4|FA2H,-0.87,MyList
DisGeNET,35,C0220641,Lip and Oral Cavity Carcinoma,,-3.3,4.3,4.6,30284,734,76,8,11,3.5,360|1543|1591|5465|5743|8878|9518|57491,AQP3|CYP1A1|CYP24A1|PPARA|PTGS2|SQSTM1|GDF15|AHRR,-0.87,MyList
Cell Type Signatures,7,M41677,TRAVAGLINI LUNG LIPOFIBROBLAST CELL,,-3.3,11,6,30284,146,76,4,5.3,2.6,1545|23764|25976|64838,CYP1B1|MAFF|TIPARP|FNDC4,-0.87,MyList
DisGeNET,35,C0033975,Psychotic Disorders,,-3.3,5,4.8,30284,559,76,7,9.2,3.3,1917|6581|7412|8140|8856|8878|9518,EEF1A2|SLC22A3|VCAM1|SLC7A5|NR1I2|SQSTM1|GDF15,-0.87,MyList
DisGeNET,35,C0220668,Congenital contractural arachnodactyly,,-3.3,5,4.8,30284,559,76,7,9.2,3.3,2069|4586|5743|6520|6581|7032|8140,EREG|MUC5AC|PTGS2|SLC3A2|SLC22A3|TFF2|SLC7A5,-0.87,MyList
DisGeNET,35,C4321477,Sickle Cell-SS Disease,,-3.3,19,7.2,30284,62,76,3,3.9,2.2,7412|9518|54658,VCAM1|GDF15|UGT1A1,-0.87,MyList
DisGeNET,35,C1762616,"Meningioma, benign, no ICD-O subtype",,-3.3,5.9,5,30284,404,76,6,7.9,3.1,290|1543|1545|5465|5743|25976,ANPEP|CYP1A1|CYP1B1|PPARA|PTGS2|TIPARP,-0.87,MyList
COVID,200,COVID027,RNA_Lamers_intestinal-organoid_expansion_Down,,-3.3,7.5,5.4,30284,264,76,5,6.6,2.8,5465|7032|51703|120224|122416,PPARA|TFF2|ACSL5|TMEM45B|ANKRD9,-0.87,MyList
COVID,200,COVID042,RNA_Sun_Calu-3_7h_Up,,-3.3,19,7.2,30284,63,76,3,3.9,2.2,1543|1545|25976,CYP1A1|CYP1B1|TIPARP,-0.87,MyList
DisGeNET,35,C0742343,Acute Chest Syndrome,,-3.3,5.9,5,30284,405,76,6,7.9,3.1,1543|5465|5743|7412|9518|51703,CYP1A1|PPARA|PTGS2|VCAM1|GDF15|ACSL5,-0.87,MyList
DisGeNET,35,C0278877,Adult Meningioma,,-3.3,5.9,5,30284,405,76,6,7.9,3.1,290|1543|1545|5465|5743|25976,ANPEP|CYP1A1|CYP1B1|PPARA|PTGS2|TIPARP,-0.87,MyList
DisGeNET,35,C0010692,Cystitis,,-3.3,11,6,30284,149,76,4,5.3,2.6,4586|5743|6581|8878,MUC5AC|PTGS2|SLC22A3|SQSTM1,-0.87,MyList
DisGeNET,35,C0314719,Dryness of eye,,-3.3,11,6,30284,149,76,4,5.3,2.6,4586|5465|5743|8878,MUC5AC|PPARA|PTGS2|SQSTM1,-0.87,MyList
DisGeNET,35,C0334037,Intestinal metaplasia,,-3.3,7.5,5.3,30284,266,76,5,6.6,2.8,4586|5743|7032|9518|51703,MUC5AC|PTGS2|TFF2|GDF15|ACSL5,-0.86,MyList
DisGeNET,35,C0085096,Peripheral Vascular Diseases,,-3.2,11,5.9,30284,150,76,4,5.3,2.6,1543|7412|11093|54658,CYP1A1|VCAM1|ADAMTS13|UGT1A1,-0.86,MyList
DisGeNET,35,C0029182,orbit (eye disorders),,-3.2,19,7.1,30284,64,76,3,3.9,2.2,8856|8878|9518,NR1I2|SQSTM1|GDF15,-0.86,MyList
COVID,200,COVID208,Proteome_Li_Urine-recovery-vs-healthy_Up,,-3.2,10,5.9,30284,152,76,4,5.3,2.6,290|7032|7412|9518,ANPEP|TFF2|VCAM1|GDF15,-0.85,MyList
DisGeNET,35,C4279912,Chemically-Induced Liver Toxicity,,-3.2,5.8,4.9,30284,412,76,6,7.9,3.1,4938|5465|5743|8856|9615|84913,OAS1|PPARA|PTGS2|NR1I2|GDA|ATOH8,-0.85,MyList
DisGeNET,35,C0019193,"Hepatitis, Toxic",,-3.2,5.8,4.9,30284,412,76,6,7.9,3.1,4938|5465|5743|8856|9615|84913,OAS1|PPARA|PTGS2|NR1I2|GDA|ATOH8,-0.85,MyList
DisGeNET,35,C0376154,Skin callus,,-3.2,10,5.9,30284,153,76,4,5.3,2.6,1591|5743|8878|54658,CYP24A1|PTGS2|SQSTM1|UGT1A1,-0.85,MyList
DisGeNET,35,C3658290,Drug-Induced Acute Liver Injury,,-3.2,5.8,4.9,30284,413,76,6,7.9,3.1,4938|5465|5743|8856|9615|84913,OAS1|PPARA|PTGS2|NR1I2|GDA|ATOH8,-0.85,MyList
DisGeNET,35,C0151744,Myocardial Ischemia,,-3.2,4.2,4.5,30284,756,76,8,11,3.5,290|3484|5465|5743|7412|9518|11093|54658,ANPEP|IGFBP1|PPARA|PTGS2|VCAM1|GDF15|ADAMTS13|UGT1A1,-0.85,MyList
DisGeNET,35,C0008626,Congenital chromosomal disease,,-3.2,4.2,4.5,30284,756,76,8,11,3.5,290|1543|1545|5743|6654|7433|8856|54658,ANPEP|CYP1A1|CYP1B1|PTGS2|SOS1|VIPR1|NR1I2|UGT1A1,-0.85,MyList
COVID,200,COVID189,RNA_Stukalov_A549-ACE2_18h_Up,,-3.2,18,7,30284,66,76,3,3.9,2.2,2069|8605|25976,EREG|PLA2G4C|TIPARP,-0.85,MyList
DisGeNET,35,C0006625,Cachexia,,-3.2,7.3,5.2,30284,273,76,5,6.6,2.8,290|5465|5743|8878|9518,ANPEP|PPARA|PTGS2|SQSTM1|GDF15,-0.84,MyList
DisGeNET,35,C1262760,"Hepatitis, Drug-Induced",,-3.2,5.7,4.9,30284,418,76,6,7.9,3.1,4938|5465|5743|8856|9615|84913,OAS1|PPARA|PTGS2|NR1I2|GDA|ATOH8,-0.84,MyList
DisGeNET,35,C3854173,Pre-renal acute kidney injury,,-3.2,18,6.9,30284,67,76,3,3.9,2.2,5465|8856|11093,PPARA|NR1I2|ADAMTS13,-0.84,MyList
Transcription Factor Targets,16,M1608,NFE2 01,,-3.2,7.2,5.2,30284,275,76,5,6.6,2.8,1917|8878|23764|93611|259173,EEF1A2|SQSTM1|MAFF|FBXO44|ALS2CL,-0.84,MyList
DisGeNET,35,C0947622,Cholecystolithiasis,,-3.2,10,5.8,30284,156,76,4,5.3,2.6,4586|5743|7433|54658,MUC5AC|PTGS2|VIPR1|UGT1A1,-0.84,MyList
DisGeNET,35,C0013238,Dry Eye Syndromes,,-3.2,10,5.8,30284,156,76,4,5.3,2.6,4586|5465|5743|8878,MUC5AC|PPARA|PTGS2|SQSTM1,-0.84,MyList
Cell Type Signatures,7,M39209,HAY BONE MARROW STROMAL,,-3.2,4.2,4.5,30284,765,76,8,11,3.5,1545|3910|6581|7412|25987|64838|80274|342035,CYP1B1|LAMA4|SLC22A3|VCAM1|TSKU|FNDC4|SCUBE1|GLDN,-0.84,MyList
Cell Type Signatures,7,M40167,DESCARTES FETAL CEREBRUM VASCULAR ENDOTHELIAL CELLS,,-3.2,4.8,4.6,30284,585,76,7,9.2,3.3,218|290|1953|3484|8140|10723|120224,ALDH3A1|ANPEP|MEGF6|IGFBP1|SLC7A5|SLC12A7|TMEM45B,-0.84,MyList
DisGeNET,35,C0156149,Gastrointestinal tract vascular insufficiency,,-3.2,18,6.9,30284,68,76,3,3.9,2.2,5743|8856|8878,PTGS2|NR1I2|SQSTM1,-0.84,MyList
DisGeNET,35,C2004435,Vascular insufficiency of intestine,,-3.2,18,6.9,30284,68,76,3,3.9,2.2,5743|8856|8878,PTGS2|NR1I2|SQSTM1,-0.84,MyList
DisGeNET,35,C1848296,DOSAGE-SENSITIVE SEX REVERSAL,,-3.2,10,5.7,30284,159,76,4,5.3,2.6,5743|6520|8140|8856,PTGS2|SLC3A2|SLC7A5|NR1I2,-0.83,MyList
PaGenBase,36,PGB:00058,Cell-specific: HEPG2,,-3.1,5.6,4.8,30284,426,76,6,7.9,3.1,1543|1591|3484|4938|7032|8856,CYP1A1|CYP24A1|IGFBP1|OAS1|TFF2|NR1I2,-0.82,MyList
DisGeNET,35,C0374997,Helicobacter pylori (H. pylori) infection in conditions classified elsewhere and of unspecified site,,-3.1,4.7,4.6,30284,592,76,7,9.2,3.3,360|3484|4586|5743|7032|8856|8878,AQP3|IGFBP1|MUC5AC|PTGS2|TFF2|NR1I2|SQSTM1,-0.82,MyList
DisGeNET,35,C3203102,Idiopathic pulmonary arterial hypertension,,-3.1,4.1,4.4,30284,775,76,8,11,3.5,290|1543|1545|5743|7412|9518|11093|84913,ANPEP|CYP1A1|CYP1B1|PTGS2|VCAM1|GDF15|ADAMTS13|ATOH8,-0.82,MyList
DisGeNET,35,C0038354,Stomach Diseases,,-3.1,17,6.8,30284,70,76,3,3.9,2.2,360|4586|5743,AQP3|MUC5AC|PTGS2,-0.82,MyList
DisGeNET,35,C0008497,Choriocarcinoma,,-3.1,5.5,4.8,30284,431,76,6,7.9,3.1,1545|6520|6581|8140|8878|9962,CYP1B1|SLC3A2|SLC22A3|SLC7A5|SQSTM1|SLC23A2,-0.81,MyList
DisGeNET,35,C0027059,Myocarditis,,-3.1,7,5.1,30284,285,76,5,6.6,2.8,5465|5743|6581|6654|8856,PPARA|PTGS2|SLC22A3|SOS1|NR1I2,-0.81,MyList
DisGeNET,35,C0235653,Malignant neoplasm of female breast,,-3.1,17,6.7,30284,71,76,3,3.9,2.2,1543|1545|8856,CYP1A1|CYP1B1|NR1I2,-0.81,MyList
DisGeNET,35,C0162351,Contact hypersensitivity,,-3.1,17,6.7,30284,71,76,3,3.9,2.2,1543|1545|54658,CYP1A1|CYP1B1|UGT1A1,-0.81,MyList
DisGeNET,35,C0007104,Female Breast Carcinoma,,-3.1,17,6.7,30284,71,76,3,3.9,2.2,1543|1545|8856,CYP1A1|CYP1B1|NR1I2,-0.81,MyList
DisGeNET,35,C0035222,"Respiratory Distress Syndrome, Adult",,-3.1,5.5,4.7,30284,434,76,6,7.9,3.1,1543|1545|4586|5465|5743|54658,CYP1A1|CYP1B1|MUC5AC|PPARA|PTGS2|UGT1A1,-0.8,MyList
DisGeNET,35,C3887461,Head and Neck Carcinoma,,-3.1,4.1,4.4,30284,786,76,8,11,3.5,1543|1545|5743|7053|8140|9518|9962|54658,CYP1A1|CYP1B1|PTGS2|TGM3|SLC7A5|GDF15|SLC23A2|UGT1A1,-0.8,MyList
DisGeNET,35,C0001339,Acute pancreatitis,,-3.1,5.5,4.7,30284,435,76,6,7.9,3.1,1591|5743|7412|8878|9518|11093,CYP24A1|PTGS2|VCAM1|SQSTM1|GDF15|ADAMTS13,-0.8,MyList
DisGeNET,35,C0032914,Pre-Eclampsia,,-3.1,9.6,5.6,30284,166,76,4,5.3,2.6,3484|6654|7412|11093,IGFBP1|SOS1|VCAM1|ADAMTS13,-0.79,MyList
DisGeNET,35,C0032617,Polyuria,,-3.1,16,6.6,30284,73,76,3,3.9,2.2,360|1591|5465,AQP3|CYP24A1|PPARA,-0.79,MyList
DisGeNET,35,C0023530,Leukopenia,,-3.1,5.4,4.7,30284,439,76,6,7.9,3.1,1543|1545|5743|8140|8856|54658,CYP1A1|CYP1B1|PTGS2|SLC7A5|NR1I2|UGT1A1,-0.79,MyList
DisGeNET,35,C0393593,Dystonia Disorders,,-3.1,9.5,5.6,30284,167,76,4,5.3,2.6,290|1917|8878|79152,ANPEP|EEF1A2|SQSTM1|FA2H,-0.79,MyList
DisGeNET,35,C0151546,Oral Cavity Carcinoma,,-3.1,9.5,5.6,30284,167,76,4,5.3,2.6,1543|5743|8878|9518,CYP1A1|PTGS2|SQSTM1|GDF15,-0.79,MyList
Cell Type Signatures,7,M39050,MANNO MIDBRAIN NEUROTYPES HPERIC,,-3.1,4,4.3,30284,795,76,8,11,3.5,290|3032|3910|5743|8605|9518|10723|23764,ANPEP|HADHB|LAMA4|PTGS2|PLA2G4C|GDF15|SLC12A7|MAFF,-0.79,MyList
DisGeNET,35,C0206682,Follicular thyroid carcinoma,,-3.1,6.8,5,30284,293,76,5,6.6,2.8,290|1591|5743|8878|9518,ANPEP|CYP24A1|PTGS2|SQSTM1|GDF15,-0.79,MyList
DisGeNET,35,C1565489,Renal Insufficiency,,-3,4.5,4.4,30284,615,76,7,9.2,3.3,290|1591|3484|5465|5743|9518|11093,ANPEP|CYP24A1|IGFBP1|PPARA|PTGS2|GDF15|ADAMTS13,-0.77,MyList
Cell Type Signatures,7,M39129,AIZARANI LIVER C30 HEPATOCYTES 4,,-3,5.4,4.7,30284,446,76,6,7.9,3.1,3484|5465|8856|9962|57186|132158,IGFBP1|PPARA|NR1I2|SLC23A2|RALGAPA2|GLYCTK,-0.77,MyList
DisGeNET,35,C0027962,Melanocytic nevus,,-3,6.7,5,30284,296,76,5,6.6,2.8,360|1591|5743|6654|8878,AQP3|CYP24A1|PTGS2|SOS1|SQSTM1,-0.77,MyList
COVID,200,COVID237,Proteome_Klann_Caco-2_24h_Up,,-3,16,6.4,30284,76,76,3,3.9,2.2,4938|9518|23764,OAS1|GDF15|MAFF,-0.76,MyList
COVID,200,COVID243,RNA_Riva_Vero-E6_24h_Up,,-3,6.6,4.9,30284,300,76,5,6.6,2.8,8605|8878|9962|23764|25976,PLA2G4C|SQSTM1|SLC23A2|MAFF|TIPARP,-0.75,MyList
DisGeNET,35,C0011195,Dejerine-Sottas Disease (disorder),,-3,9.1,5.4,30284,176,76,4,5.3,2.6,5743|6520|8140|8856,PTGS2|SLC3A2|SLC7A5|NR1I2,-0.73,MyList
PaGenBase,36,PGB:00029,Tissue-specific: placenta,,-3,6.5,4.9,30284,305,76,5,6.6,2.8,3484|6654|9518|23764|342035,IGFBP1|SOS1|GDF15|MAFF|GLDN,-0.73,MyList
DisGeNET,35,C4048329,Immunosuppression,,-3,4.4,4.3,30284,632,76,7,9.2,3.3,2838|5465|5743|7412|7433|8856|11093,GPR15|PPARA|PTGS2|VCAM1|VIPR1|NR1I2|ADAMTS13,-0.72,MyList
DisGeNET,35,C4277682,Chemical and Drug Induced Liver Injury,,-3,5.2,4.5,30284,461,76,6,7.9,3.1,4938|5465|5743|8856|9615|84913,OAS1|PPARA|PTGS2|NR1I2|GDA|ATOH8,-0.71,MyList
DisGeNET,35,C0021368,Inflammation,,-2.9,5.1,4.5,30284,467,76,6,7.9,3.1,360|1543|5465|5743|7412|80274,AQP3|CYP1A1|PPARA|PTGS2|VCAM1|SCUBE1,-0.69,MyList
DisGeNET,35,C3495798,Periodontal inflammation,,-2.9,15,6.2,30284,82,76,3,3.9,2.2,360|7412|8856,AQP3|VCAM1|NR1I2,-0.68,MyList
DisGeNET,35,C0341106,Eosinophilic esophagitis,,-2.9,8.7,5.2,30284,183,76,4,5.3,2.6,5743|6550|7412|8856,PTGS2|SLC9A3|VCAM1|NR1I2,-0.68,MyList
DisGeNET,35,C0345905,Intrahepatic Cholangiocarcinoma,,-2.9,5.1,4.5,30284,470,76,6,7.9,3.1,1917|4586|5465|5743|8140|8856,EEF1A2|MUC5AC|PPARA|PTGS2|SLC7A5|NR1I2,-0.68,MyList
DisGeNET,35,C0032927,Precancerous Conditions,,-2.9,5.1,4.5,30284,471,76,6,7.9,3.1,1545|3484|4586|5743|6581|7032,CYP1B1|IGFBP1|MUC5AC|PTGS2|SLC22A3|TFF2,-0.68,MyList
DisGeNET,35,C0031106,Aggressive Periodontitis,,-2.9,8.7,5.2,30284,184,76,4,5.3,2.6,1543|4586|5743|7412,CYP1A1|MUC5AC|PTGS2|VCAM1,-0.68,MyList
DisGeNET,35,C0016382,Flushing,,-2.9,14,6.1,30284,83,76,3,3.9,2.2,4938|5743|8605,OAS1|PTGS2|PLA2G4C,-0.68,MyList
TRRUST,34,TRR00280,Regulated by: ETS1,,-2.9,14,6.1,30284,84,76,3,3.9,2.2,290|3484|8878,ANPEP|IGFBP1|SQSTM1,-0.67,MyList
DisGeNET,35,C0205699,Carcinomatosis,,-2.9,8.6,5.2,30284,186,76,4,5.3,2.6,4586|5465|5743|9615,MUC5AC|PPARA|PTGS2|GDA,-0.67,MyList
DisGeNET,35,C0008312,Primary biliary cirrhosis,,-2.9,5,4.4,30284,478,76,6,7.9,3.1,3484|5465|5743|7412|8856|8878,IGFBP1|PPARA|PTGS2|VCAM1|NR1I2|SQSTM1,-0.66,MyList
Cell Type Signatures,7,M41651,TRAVAGLINI LUNG BASAL CELL,,-2.9,8.5,5.2,30284,188,76,4,5.3,2.6,218|360|1591|6520,ALDH3A1|AQP3|CYP24A1|SLC3A2,-0.66,MyList
DisGeNET,35,C1527336,Sjogren's Syndrome,,-2.9,5,4.4,30284,480,76,6,7.9,3.1,360|1543|4586|4938|5465|7412,AQP3|CYP1A1|MUC5AC|OAS1|PPARA|VCAM1,-0.65,MyList
COVID,200,COVID202,RNA_Vanderheiden_pHAE_48h_Down,,-2.9,8.4,5.1,30284,189,76,4,5.3,2.6,218|360|3910|84913,ALDH3A1|AQP3|LAMA4|ATOH8,-0.65,MyList
DisGeNET,35,C1654637,androgen independent prostate cancer,,-2.9,8.4,5.1,30284,190,76,4,5.3,2.6,2069|5743|6581|8856,EREG|PTGS2|SLC22A3|NR1I2,-0.64,MyList
DisGeNET,35,C0027430,Nasal Polyps,,-2.9,4.9,4.4,30284,484,76,6,7.9,3.1,2069|4586|5743|6550|7412|8856,EREG|MUC5AC|PTGS2|SLC9A3|VCAM1|NR1I2,-0.64,MyList
DisGeNET,35,C0024031,Low Back Pain,,-2.8,14,5.9,30284,88,76,3,3.9,2.2,5743|9518|25987,PTGS2|GDF15|TSKU,-0.63,MyList
DisGeNET,35,C1383860,Cardiac Hypertrophy,,-2.8,14,5.9,30284,88,76,3,3.9,2.2,1543|1545|5465,CYP1A1|CYP1B1|PPARA,-0.63,MyList
Transcription Factor Targets,16,M30111,PAX8 TARGET GENES,,-2.8,14,5.9,30284,88,76,3,3.9,2.2,1953|8856|23764,MEGF6|NR1I2|MAFF,-0.63,MyList
DisGeNET,35,C0020443,Hypercholesterolemia,,-2.8,4.9,4.3,30284,489,76,6,7.9,3.1,5465|7412|8856|8878|9518|54658,PPARA|VCAM1|NR1I2|SQSTM1|GDF15|UGT1A1,-0.63,MyList
DisGeNET,35,C4509226,Heart failure with preserved ejection fraction [HFpEF],,-2.8,13,5.9,30284,89,76,3,3.9,2.2,3484|8856|9518,IGFBP1|NR1I2|GDF15,-0.62,MyList
TRRUST,34,TRR01158,Regulated by: RELA,,-2.8,6,4.6,30284,334,76,5,6.6,2.8,1543|4586|5465|5743|7412,CYP1A1|MUC5AC|PPARA|PTGS2|VCAM1,-0.6,MyList
DisGeNET,35,C0026010,Microphthalmos,,-2.8,5.9,4.6,30284,336,76,5,6.6,2.8,290|1545|7477|64840|93145,ANPEP|CYP1B1|WNT7B|PORCN|OLFM2,-0.6,MyList
PaGenBase,36,PGB:00014,Tissue-specific: lung,,-2.8,4.8,4.3,30284,498,76,6,7.9,3.1,218|1543|5743|6654|7433|8856,ALDH3A1|CYP1A1|PTGS2|SOS1|VIPR1|NR1I2,-0.6,MyList
DisGeNET,35,C1328504,Hormone refractory prostate cancer,,-2.8,4.1,4.1,30284,683,76,7,9.2,3.3,1545|3032|5743|6654|7477|8856|9518,CYP1B1|HADHB|PTGS2|SOS1|WNT7B|NR1I2|GDF15,-0.58,MyList
TRRUST,34,TRR00875,Regulated by: NFKB1,,-2.8,5.9,4.5,30284,340,76,5,6.6,2.8,1543|4586|5743|7412|8878,CYP1A1|MUC5AC|PTGS2|VCAM1|SQSTM1,-0.58,MyList
DisGeNET,35,C0242488,Acute Lung Injury,,-2.8,13,5.7,30284,93,76,3,3.9,2.2,1543|5743|7032,CYP1A1|PTGS2|TFF2,-0.58,MyList
DisGeNET,35,C0007112,Adenocarcinoma of prostate,,-2.8,5.8,4.5,30284,342,76,5,6.6,2.8,3032|5465|5743|8878|9518,HADHB|PPARA|PTGS2|SQSTM1|GDF15,-0.57,MyList
DisGeNET,35,C0234985,Mental deterioration,,-2.8,4.7,4.2,30284,508,76,6,7.9,3.1,1917|5465|5743|8878|9518|79152,EEF1A2|PPARA|PTGS2|SQSTM1|GDF15|FA2H,-0.56,MyList
COVID,200,COVID046,RNA_Wyler_Caco-2_24h_Up,,-2.7,13,5.7,30284,95,76,3,3.9,2.2,1543|8605|25976,CYP1A1|PLA2G4C|TIPARP,-0.56,MyList
DisGeNET,35,C0149516,Chronic sinusitis,,-2.7,7.8,4.9,30284,205,76,4,5.3,2.6,2069|4586|5743|8856,EREG|MUC5AC|PTGS2|NR1I2,-0.56,MyList
DisGeNET,35,C0040420,Tonometry,,-2.7,7.7,4.9,30284,206,76,4,5.3,2.6,218|290|4862|57491,ALDH3A1|ANPEP|NPAS2|AHRR,-0.55,MyList
DisGeNET,35,C1510885,Angiogenic Switch,,-2.7,12,5.6,30284,96,76,3,3.9,2.2,5743|7477|8856,PTGS2|WNT7B|NR1I2,-0.55,MyList
Cell Type Signatures,7,M39302,CUI DEVELOPING HEART C5 VALVAR CELL,,-2.7,7.7,4.8,30284,208,76,4,5.3,2.6,1545|5743|6581|23764,CYP1B1|PTGS2|SLC22A3|MAFF,-0.54,MyList
Cell Type Signatures,7,M39139,GAO ESOPHAGUS 25W C4 FGFR1HIGH EPITHELIAL CELLS,,-2.7,7.7,4.8,30284,208,76,4,5.3,2.6,1545|7412|11015|93611,CYP1B1|VCAM1|KDELR3|FBXO44,-0.54,MyList
DisGeNET,35,C0014072,Experimental Autoimmune Encephalomyelitis,,-2.7,12,5.6,30284,97,76,3,3.9,2.2,5465|5743|7412,PPARA|PTGS2|VCAM1,-0.54,MyList
DisGeNET,35,C0040053,Thrombosis,,-2.7,12,5.6,30284,98,76,3,3.9,2.2,5743|11093|80274,PTGS2|ADAMTS13|SCUBE1,-0.53,MyList
DisGeNET,35,C4082937,Necrotizing enterocolitis in fetus OR newborn,,-2.7,7.6,4.8,30284,210,76,4,5.3,2.6,5743|7032|7477|8856,PTGS2|TFF2|WNT7B|NR1I2,-0.53,MyList
DisGeNET,35,C0730328,Central Serous Chorioretinopathy,,-2.7,7.6,4.8,30284,211,76,4,5.3,2.6,5743|6520|6581|8140,PTGS2|SLC3A2|SLC22A3|SLC7A5,-0.53,MyList
DisGeNET,35,C0339143,Thyroid associated opthalmopathies,,-2.7,7.6,4.8,30284,211,76,4,5.3,2.6,1543|5465|5743|7412,CYP1A1|PPARA|PTGS2|VCAM1,-0.53,MyList
DisGeNET,35,C0085278,Antiphospholipid Syndrome,,-2.7,12,5.5,30284,99,76,3,3.9,2.2,3484|8856|11093,IGFBP1|NR1I2|ADAMTS13,-0.53,MyList
DisGeNET,35,C0949059,Polyp of large intestine,,-2.7,12,5.5,30284,99,76,3,3.9,2.2,1543|4586|5743,CYP1A1|MUC5AC|PTGS2,-0.53,MyList
DisGeNET,35,C1153706,Endometrial adenocarcinoma,,-2.7,7.5,4.8,30284,212,76,4,5.3,2.6,3484|4586|5743|8140,IGFBP1|MUC5AC|PTGS2|SLC7A5,-0.53,MyList
TRRUST,34,TRR00253,Regulated by: EGR1,,-2.7,12,5.5,30284,100,76,3,3.9,2.2,5743|6550|9518,PTGS2|SLC9A3|GDF15,-0.52,MyList
DisGeNET,35,C0155862,Streptococcal pneumonia,,-2.7,12,5.5,30284,100,76,3,3.9,2.2,5743|7032|8856,PTGS2|TFF2|NR1I2,-0.52,MyList
DisGeNET,35,C0035309,Retinal Diseases,,-2.7,3.9,3.9,30284,713,76,7,9.2,3.3,290|1545|3484|5465|5743|7412|8856,ANPEP|CYP1B1|IGFBP1|PPARA|PTGS2|VCAM1|NR1I2,-0.52,MyList
DisGeNET,35,C0041956,Ureteral obstruction,,-2.7,5.5,4.3,30284,359,76,5,6.6,2.8,5743|6550|7412|8856|8878,PTGS2|SLC9A3|VCAM1|NR1I2|SQSTM1,-0.52,MyList
DisGeNET,35,C0011311,Dengue Fever,,-2.7,5.5,4.3,30284,360,76,5,6.6,2.8,4938|5743|7412|8878|11093,OAS1|PTGS2|VCAM1|SQSTM1|ADAMTS13,-0.51,MyList
DisGeNET,35,C0598935,Tumor Initiation,,-2.7,4.5,4.1,30284,533,76,6,7.9,3.1,1543|1545|5465|5743|8856|8878,CYP1A1|CYP1B1|PPARA|PTGS2|NR1I2|SQSTM1,-0.5,MyList
PaGenBase,36,PGB:00011,Tissue-specific: Smooth Muscle,,-2.6,12,5.4,30284,103,76,3,3.9,2.2,5743|6654|11015,PTGS2|SOS1|KDELR3,-0.5,MyList
DisGeNET,35,C1368404,Hypopharyngeal Carcinoma,,-2.6,12,5.4,30284,103,76,3,3.9,2.2,1543|5743|8878,CYP1A1|PTGS2|SQSTM1,-0.5,MyList
DisGeNET,35,C3665593,Melanocytic nevus of skin,,-2.6,12,5.4,30284,103,76,3,3.9,2.2,360|1591|5743,AQP3|CYP24A1|PTGS2,-0.5,MyList
DisGeNET,35,C3544205,Ovarian clear cell carcinoma,,-2.6,12,5.4,30284,103,76,3,3.9,2.2,5743|8140|54658,PTGS2|SLC7A5|UGT1A1,-0.5,MyList
Cell Type Signatures,7,M39018,FAN EMBRYONIC CTX BIG GROUPS BRAIN ENDOTHELIAL,,-2.6,5.5,4.3,30284,365,76,5,6.6,2.8,290|3910|6520|8140|10723,ANPEP|LAMA4|SLC3A2|SLC7A5|SLC12A7,-0.5,MyList
Cell Type Signatures,7,M39111,AIZARANI LIVER C7 EPCAM POS BILE DUCT CELLS 2,,-2.6,7.3,4.7,30284,219,76,4,5.3,2.6,290|9518|10723|23764,ANPEP|GDF15|SLC12A7|MAFF,-0.5,MyList
DisGeNET,35,C0858252,Breast adenocarcinoma,,-2.6,7.3,4.7,30284,219,76,4,5.3,2.6,218|1543|1545|5743,ALDH3A1|CYP1A1|CYP1B1|PTGS2,-0.5,MyList
DisGeNET,35,C1565662,Acute Kidney Insufficiency,,-2.6,11,5.4,30284,104,76,3,3.9,2.2,3484|11093|54658,IGFBP1|ADAMTS13|UGT1A1,-0.5,MyList
DisGeNET,35,C0178664,Glomerulosclerosis (disorder),,-2.6,7.2,4.6,30284,221,76,4,5.3,2.6,3484|5743|6654|8856,IGFBP1|PTGS2|SOS1|NR1I2,-0.49,MyList
DisGeNET,35,C0409959,"Osteoarthritis, Knee",,-2.6,5.4,4.3,30284,368,76,5,6.6,2.8,5465|5743|6581|8856|102724428,PPARA|PTGS2|SLC22A3|NR1I2|LOC102724428,-0.49,MyList
TRRUST,34,TRR00125,Regulated by: CREB1,,-2.6,11,5.3,30284,105,76,3,3.9,2.2,360|4586|5743,AQP3|MUC5AC|PTGS2,-0.49,MyList
DisGeNET,35,C0600041,Infective cystitis,,-2.6,11,5.3,30284,106,76,3,3.9,2.2,5743|6581|8878,PTGS2|SLC22A3|SQSTM1,-0.48,MyList
DisGeNET,35,C1319315,Adenocarcinoma of large intestine,,-2.6,4.4,4,30284,543,76,6,7.9,3.1,290|1543|4586|5465|5743|6581,ANPEP|CYP1A1|MUC5AC|PPARA|PTGS2|SLC22A3,-0.48,MyList
DisGeNET,35,C0242422,Parkinsonian Disorders,,-2.6,5.3,4.2,30284,373,76,5,6.6,2.8,290|1917|5743|8878|9518,ANPEP|EEF1A2|PTGS2|SQSTM1|GDF15,-0.48,MyList
DisGeNET,35,C4704874,"Mammary Carcinoma, Human",,-2.6,4.4,4,30284,545,76,6,7.9,3.1,1543|1545|1591|3032|5743|7477,CYP1A1|CYP1B1|CYP24A1|HADHB|PTGS2|WNT7B,-0.48,MyList
DisGeNET,35,C0007117,Basal cell carcinoma,,-2.6,11,5.3,30284,108,76,3,3.9,2.2,1545|5743|7053,CYP1B1|PTGS2|TGM3,-0.47,MyList
DisGeNET,35,C0035078,Kidney Failure,,-2.6,5.3,4.2,30284,377,76,5,6.6,2.8,290|1591|5743|9518|11093,ANPEP|CYP24A1|PTGS2|GDF15|ADAMTS13,-0.46,MyList
DisGeNET,35,C1332922,Cervical Squamous Intraepithelial Neoplasia,,-2.6,11,5.2,30284,109,76,3,3.9,2.2,1543|5743|9518,CYP1A1|PTGS2|GDF15,-0.46,MyList
DisGeNET,35,C0011616,Contact Dermatitis,,-2.6,11,5.2,30284,110,76,3,3.9,2.2,1543|1545|54658,CYP1A1|CYP1B1|UGT1A1,-0.45,MyList
DisGeNET,35,C0149871,Deep Vein Thrombosis,,-2.6,6.9,4.5,30284,230,76,4,5.3,2.6,5743|6550|7412|11093,PTGS2|SLC9A3|VCAM1|ADAMTS13,-0.45,MyList
DisGeNET,35,C0339573,"Glaucoma, Primary Open Angle",,-2.6,5.2,4.2,30284,382,76,5,6.6,2.8,1543|1545|5743|9518|9962,CYP1A1|CYP1B1|PTGS2|GDF15|SLC23A2,-0.44,MyList
DisGeNET,35,C1168327,High-Grade Prostatic Intraepithelial Neoplasia,,-2.6,11,5.2,30284,111,76,3,3.9,2.2,5743|8878|9518,PTGS2|SQSTM1|GDF15,-0.44,MyList
DisGeNET,35,C0003811,Cardiac Arrhythmia,,-2.5,4.3,3.9,30284,559,76,6,7.9,3.1,3032|5743|6654|8856|9518|11093,HADHB|PTGS2|SOS1|NR1I2|GDF15|ADAMTS13,-0.44,MyList
DisGeNET,35,C0003507,Aortic Valve Stenosis,,-2.5,6.8,4.5,30284,234,76,4,5.3,2.6,1591|8856|9518|11093,CYP24A1|NR1I2|GDF15|ADAMTS13,-0.43,MyList
DisGeNET,35,C0015672,Fatigue,,-2.5,3.7,3.7,30284,758,76,7,9.2,3.3,290|1917|5743|7412|8878|9518|54658,ANPEP|EEF1A2|PTGS2|VCAM1|SQSTM1|GDF15|UGT1A1,-0.42,MyList
DisGeNET,35,C0016034,Breast Fibrocystic Disease,,-2.5,10,5.1,30284,114,76,3,3.9,2.2,1543|1545|5743,CYP1A1|CYP1B1|PTGS2,-0.42,MyList
DisGeNET,35,C0238461,Anaplastic thyroid carcinoma,,-2.5,5.1,4.1,30284,392,76,5,6.6,2.8,1591|5743|8140|9518|102724428,CYP24A1|PTGS2|SLC7A5|GDF15|LOC102724428,-0.4,MyList
DisGeNET,35,C0155626,Acute myocardial infarction,,-2.5,3.6,3.7,30284,766,76,7,9.2,3.3,290|2069|3484|5743|7412|8878|9518,ANPEP|EREG|IGFBP1|PTGS2|VCAM1|SQSTM1|GDF15,-0.4,MyList
DisGeNET,35,C0278996,Malignant Head and Neck Neoplasm,,-2.5,3.6,3.7,30284,767,76,7,9.2,3.3,1543|1545|5743|7053|9518|9962|54658,CYP1A1|CYP1B1|PTGS2|TGM3|GDF15|SLC23A2|UGT1A1,-0.4,MyList
DisGeNET,35,C0036095,Salivary Gland Neoplasms,,-2.5,10,5,30284,116,76,3,3.9,2.2,218|4586|5743,ALDH3A1|MUC5AC|PTGS2,-0.4,MyList
DisGeNET,35,C0333307,Superficial ulcer,,-2.5,6.6,4.4,30284,241,76,4,5.3,2.6,5743|7412|8140|9518,PTGS2|VCAM1|SLC7A5|GDF15,-0.4,MyList
DisGeNET,35,C0007789,Cerebral Palsy,,-2.5,6.6,4.4,30284,241,76,4,5.3,2.6,1591|5743|9518|54658,CYP24A1|PTGS2|GDF15|UGT1A1,-0.4,MyList
DisGeNET,35,C1449563,"Cardiomyopathy, Familial Idiopathic",,-2.5,3.6,3.7,30284,772,76,7,9.2,3.3,290|4586|5465|5743|6581|8878|9518,ANPEP|MUC5AC|PPARA|PTGS2|SLC22A3|SQSTM1|GDF15,-0.39,MyList
DisGeNET,35,C4721579,Secondary malignant neoplasm of colon and/or rectum,,-2.5,5,4,30284,397,76,5,6.6,2.8,2069|5743|9518|54658|84913,EREG|PTGS2|GDF15|UGT1A1|ATOH8,-0.39,MyList
DisGeNET,35,C0015674,Chronic Fatigue Syndrome,,-2.5,10,5,30284,118,76,3,3.9,2.2,4862|5743|9518,NPAS2|PTGS2|GDF15,-0.39,MyList
DisGeNET,35,C1963184,"Nystagmus, CTCAE 3.0",,-2.5,3.6,3.7,30284,779,76,7,9.2,3.3,1545|1917|6654|8878|57520|64840|79152,CYP1B1|EEF1A2|SOS1|SQSTM1|HECW2|PORCN|FA2H,-0.38,MyList
DisGeNET,35,C4554036,"Nystagmus, CTCAE 5.0",,-2.5,3.6,3.7,30284,779,76,7,9.2,3.3,1545|1917|6654|8878|57520|64840|79152,CYP1B1|EEF1A2|SOS1|SQSTM1|HECW2|PORCN|FA2H,-0.38,MyList
Transcription Factor Targets,16,M15429,HNF1 01,,-2.5,6.5,4.3,30284,246,76,4,5.3,2.6,290|3484|4862|54658,ANPEP|IGFBP1|NPAS2|UGT1A1,-0.37,MyList
DisGeNET,35,C0206677,Adenomatous Polyps,,-2.5,10,4.9,30284,120,76,3,3.9,2.2,4586|5743|9518,MUC5AC|PTGS2|GDF15,-0.37,MyList
DisGeNET,35,C0149721,Left Ventricular Hypertrophy,,-2.5,4.9,4,30284,403,76,5,6.6,2.8,3032|5465|5743|7412|9518,HADHB|PPARA|PTGS2|VCAM1|GDF15,-0.37,MyList
COVID,200,COVID043,RNA_Wyler_Caco-2_12h_Down,,-2.4,9.7,4.9,30284,123,76,3,3.9,2.2,1543|1545|9518,CYP1A1|CYP1B1|GDF15,-0.35,MyList
DisGeNET,35,C0008350,Cholelithiasis,,-2.4,6.3,4.3,30284,252,76,4,5.3,2.6,4586|5743|7433|54658,MUC5AC|PTGS2|VIPR1|UGT1A1,-0.34,MyList
DisGeNET,35,C0020295,Hydronephrosis,,-2.4,6.3,4.3,30284,252,76,4,5.3,2.6,1543|5743|9518|64840,CYP1A1|PTGS2|GDF15|PORCN,-0.34,MyList
DisGeNET,35,C0018671,Head and Neck Neoplasms,,-2.4,9.6,4.8,30284,124,76,3,3.9,2.2,1543|1545|5743,CYP1A1|CYP1B1|PTGS2,-0.34,MyList
DisGeNET,35,C4025272,Peripheral arterial stenosis,,-2.4,9.6,4.8,30284,124,76,3,3.9,2.2,7412|8856|9518,VCAM1|NR1I2|GDF15,-0.34,MyList
Transcription Factor Targets,16,M2727,ICSBP Q6,,-2.4,6.3,4.2,30284,253,76,4,5.3,2.6,2069|6654|10723|25987,EREG|SOS1|SLC12A7|TSKU,-0.34,MyList
DisGeNET,35,C2973725,Pulmonary arterial hypertension,,-2.4,4.8,3.9,30284,413,76,5,6.6,2.8,1545|5743|7412|9518|84913,CYP1B1|PTGS2|VCAM1|GDF15|ATOH8,-0.34,MyList
DisGeNET,35,C0752347,Lewy Body Disease,,-2.4,6.3,4.2,30284,255,76,4,5.3,2.6,5743|7412|8878|9518,PTGS2|VCAM1|SQSTM1|GDF15,-0.33,MyList
Transcription Factor Targets,16,M11442,HNF1 Q6,,-2.4,6.2,4.2,30284,256,76,4,5.3,2.6,290|3484|4862|54658,ANPEP|IGFBP1|NPAS2|UGT1A1,-0.33,MyList
Transcription Factor Targets,16,M5866,HNF4 01 B,,-2.4,6.2,4.2,30284,257,76,4,5.3,2.6,1543|5465|6654|51703,CYP1A1|PPARA|SOS1|ACSL5,-0.33,MyList
DisGeNET,35,C0206139,"Lichen Planus, Oral",,-2.4,6.2,4.2,30284,257,76,4,5.3,2.6,1591|5743|7053|7412,CYP24A1|PTGS2|TGM3|VCAM1,-0.33,MyList
TRRUST,34,TRR01259,Regulated by: SP3,,-2.4,9.4,4.8,30284,127,76,3,3.9,2.2,3484|6654|7032,IGFBP1|SOS1|TFF2,-0.33,MyList
DisGeNET,35,C0855197,Malignant Testicular Germ Cell Tumor,,-2.4,9.3,4.7,30284,128,76,3,3.9,2.2,1543|8878|54658,CYP1A1|SQSTM1|UGT1A1,-0.32,MyList
DisGeNET,35,C0024636,Malocclusion,,-2.4,9.3,4.7,30284,128,76,3,3.9,2.2,6654|8856|64840,SOS1|NR1I2|PORCN,-0.32,MyList
DisGeNET,35,C0086132,Depressive Symptoms,,-2.4,4.7,3.9,30284,421,76,5,6.6,2.8,1543|1545|4938|5743|6654,CYP1A1|CYP1B1|OAS1|PTGS2|SOS1,-0.32,MyList
DisGeNET,35,C0009241,Cognition Disorders,,-2.4,3.9,3.7,30284,606,76,6,7.9,3.1,290|5465|5743|7412|8878|11093,ANPEP|PPARA|PTGS2|VCAM1|SQSTM1|ADAMTS13,-0.32,MyList
DisGeNET,35,C0276138,Viral myocarditis,,-2.4,9.3,4.7,30284,129,76,3,3.9,2.2,5743|7412|8856,PTGS2|VCAM1|NR1I2,-0.32,MyList
DisGeNET,35,C0017612,"Glaucoma, Open-Angle",,-2.4,9.3,4.7,30284,129,76,3,3.9,2.2,1545|5743|93145,CYP1B1|PTGS2|OLFM2,-0.32,MyList
DisGeNET,35,C0685938,Malignant neoplasm of gastrointestinal tract,,-2.4,4.7,3.9,30284,423,76,5,6.6,2.8,1543|5743|7032|9518|54658,CYP1A1|PTGS2|TFF2|GDF15|UGT1A1,-0.32,MyList
DisGeNET,35,C0020433,Hyperbilirubinemia,,-2.4,9.1,4.7,30284,131,76,3,3.9,2.2,5465|11093|54658,PPARA|ADAMTS13|UGT1A1,-0.3,MyList
DisGeNET,35,C0020507,Hyperplasia,,-2.4,9.1,4.7,30284,131,76,3,3.9,2.2,4586|5743|8140,MUC5AC|PTGS2|SLC7A5,-0.3,MyList
COVID,200,COVID135,Proteome_Stukalov_A549-ACE2_24h_Up,,-2.4,9.1,4.7,30284,131,76,3,3.9,2.2,218|6520|8878,ALDH3A1|SLC3A2|SQSTM1,-0.3,MyList
DisGeNET,35,C0037274,Dermatologic disorders,,-2.3,3.9,3.6,30284,615,76,6,7.9,3.1,360|5465|5743|7053|7412|8856,AQP3|PPARA|PTGS2|TGM3|VCAM1|NR1I2,-0.3,MyList
DisGeNET,35,C0024814,Marinesco-Sjogren syndrome,,-2.3,9,4.6,30284,133,76,3,3.9,2.2,4586|5743|7412,MUC5AC|PTGS2|VCAM1,-0.29,MyList
DisGeNET,35,C0018800,Cardiomegaly,,-2.3,6,4.1,30284,267,76,4,5.3,2.6,1543|1545|5465|7412,CYP1A1|CYP1B1|PPARA|VCAM1,-0.29,MyList
Transcription Factor Targets,16,M2054,AP1 Q6 01,,-2.3,6,4.1,30284,267,76,4,5.3,2.6,1917|8878|25987|93611,EEF1A2|SQSTM1|TSKU|FBXO44,-0.29,MyList
DisGeNET,35,C0002895,"Anemia, Sickle Cell",,-2.3,4.6,3.8,30284,432,76,5,6.6,2.8,5465|7412|9518|11093|54658,PPARA|VCAM1|GDF15|ADAMTS13|UGT1A1,-0.29,MyList
DisGeNET,35,C0020459,Hyperinsulinism,,-2.3,3.9,3.6,30284,620,76,6,7.9,3.1,360|3484|5465|7412|9962|54658,AQP3|IGFBP1|PPARA|VCAM1|SLC23A2|UGT1A1,-0.29,MyList
DisGeNET,35,C0428474,Serum LDL cholesterol measurement,,-2.3,5.9,4.1,30284,269,76,4,5.3,2.6,5465|8856|51291|54658,PPARA|NR1I2|GMIP|UGT1A1,-0.29,MyList
COVID,200,COVID022,RNA_Keller_B-cells-CD21pos_infection_Up,,-2.3,5.9,4.1,30284,269,76,4,5.3,2.6,4938|5743|219855|102724428,OAS1|PTGS2|SLC37A2|LOC102724428,-0.29,MyList
DisGeNET,35,C0007138,"Carcinoma, Transitional Cell",,-2.3,3.8,3.6,30284,622,76,6,7.9,3.1,360|1545|5465|5743|8140|9518,AQP3|CYP1B1|PPARA|PTGS2|SLC7A5|GDF15,-0.29,MyList
Transcription Factor Targets,16,M16919,AP1FJ Q2,,-2.3,5.9,4,30284,271,76,4,5.3,2.6,1591|1917|64840|84913,CYP24A1|EEF1A2|PORCN|ATOH8,-0.28,MyList
DisGeNET,35,C3811653,Experimental Organism Basal Cell Carcinoma,,-2.3,4.6,3.8,30284,437,76,5,6.6,2.8,1543|1591|5743|7053|8140,CYP1A1|CYP24A1|PTGS2|TGM3|SLC7A5,-0.28,MyList
DisGeNET,35,C0039730,Thalassemia,,-2.3,8.8,4.6,30284,136,76,3,3.9,2.2,7412|9518|54658,VCAM1|GDF15|UGT1A1,-0.28,MyList
Cell Type Signatures,7,M39039,FAN EMBRYONIC CTX BRAIN ENDOTHELIAL 1,,-2.3,4.5,3.7,30284,440,76,5,6.6,2.8,1953|3910|6520|8140|120224,MEGF6|LAMA4|SLC3A2|SLC7A5|TMEM45B,-0.27,MyList
DisGeNET,35,C0026848,Myopathy,,-2.3,3.8,3.5,30284,633,76,6,7.9,3.1,3032|3910|5465|5743|8878|9518,HADHB|LAMA4|PPARA|PTGS2|SQSTM1|GDF15,-0.26,MyList
DisGeNET,35,C0025286,Meningioma,,-2.3,3.8,3.5,30284,634,76,6,7.9,3.1,290|1543|1545|5465|5743|25976,ANPEP|CYP1A1|CYP1B1|PPARA|PTGS2|TIPARP,-0.25,MyList
DisGeNET,35,C2607914,Allergic rhinitis (disorder),,-2.3,4.5,3.7,30284,445,76,5,6.6,2.8,4586|5465|5743|7433|8856,MUC5AC|PPARA|PTGS2|VIPR1|NR1I2,-0.25,MyList
DisGeNET,35,C0020550,Hyperthyroidism,,-2.3,5.7,4,30284,278,76,4,5.3,2.6,3484|5465|9518|54658,IGFBP1|PPARA|GDF15|UGT1A1,-0.25,MyList
DisGeNET,35,C0038644,Sudden infant death syndrome,,-2.3,8.5,4.5,30284,140,76,3,3.9,2.2,1543|6550|7433,CYP1A1|SLC9A3|VIPR1,-0.25,MyList
Cell Type Signatures,7,M40004,BUSSLINGER ESOPHAGEAL LATE SUPRABASAL CELLS,,-2.3,8.5,4.5,30284,140,76,3,3.9,2.2,218|360|7053,ALDH3A1|AQP3|TGM3,-0.25,MyList
DisGeNET,35,C0032300,Lobar Pneumonia,,-2.3,8.5,4.5,30284,140,76,3,3.9,2.2,5743|7032|8856,PTGS2|TFF2|NR1I2,-0.25,MyList
DisGeNET,35,C0017168,Gastroesophageal reflux disease,,-2.3,4.5,3.7,30284,446,76,5,6.6,2.8,1917|5743|7032|8856|64840,EEF1A2|PTGS2|TFF2|NR1I2|PORCN,-0.25,MyList
DisGeNET,35,C0041696,Unipolar Depression,,-2.3,3.7,3.5,30284,641,76,6,7.9,3.1,290|3484|4862|5743|7412|51291,ANPEP|IGFBP1|NPAS2|PTGS2|VCAM1|GMIP,-0.24,MyList
DisGeNET,35,C0019159,Hepatitis A,,-2.3,4.4,3.7,30284,450,76,5,6.6,2.8,5743|7433|8878|25976|54658,PTGS2|VIPR1|SQSTM1|TIPARP|UGT1A1,-0.24,MyList
DisGeNET,35,C0206624,Hepatoblastoma,,-2.3,4.4,3.7,30284,451,76,5,6.6,2.8,290|1543|5465|5743|7433,ANPEP|CYP1A1|PPARA|PTGS2|VIPR1,-0.24,MyList
DisGeNET,35,C0162557,"Liver Failure, Acute",,-2.3,5.7,3.9,30284,282,76,4,5.3,2.6,5465|5743|8878|64840,PPARA|PTGS2|SQSTM1|PORCN,-0.24,MyList
DisGeNET,35,C1302401,Adenoma of large intestine,,-2.3,4.4,3.7,30284,452,76,5,6.6,2.8,1543|1591|4586|5743|9962,CYP1A1|CYP24A1|MUC5AC|PTGS2|SLC23A2,-0.24,MyList
DisGeNET,35,C0017205,Gaucher Disease,,-2.2,8.4,4.4,30284,143,76,3,3.9,2.2,8856|9518|54658,NR1I2|GDF15|UGT1A1,-0.24,MyList
DisGeNET,35,C0205698,Undifferentiated carcinoma,,-2.2,5.6,3.9,30284,283,76,4,5.3,2.6,360|5465|5743|9615,AQP3|PPARA|PTGS2|GDA,-0.24,MyList
DisGeNET,35,C0278701,Gastric Adenocarcinoma,,-2.2,4.4,3.7,30284,453,76,5,6.6,2.8,360|1543|2838|5743|8878,AQP3|CYP1A1|GPR15|PTGS2|SQSTM1,-0.24,MyList
DisGeNET,35,C0153690,Secondary malignant neoplasm of bone,,-2.2,3.7,3.5,30284,647,76,6,7.9,3.1,2069|5743|7412|8856|8878|9518,EREG|PTGS2|VCAM1|NR1I2|SQSTM1|GDF15,-0.23,MyList
DisGeNET,35,C4721698,Metastatic Renal Cell Carcinoma,,-2.2,8.3,4.4,30284,144,76,3,3.9,2.2,5743|7412|54658,PTGS2|VCAM1|UGT1A1,-0.23,MyList
DisGeNET,35,C2827407,Infectious Otitis Media,,-2.2,8.2,4.4,30284,145,76,3,3.9,2.2,4586|5743|64840,MUC5AC|PTGS2|PORCN,-0.23,MyList
DisGeNET,35,C1839739,Thick lower lip vermilion,,-2.2,8.2,4.4,30284,145,76,3,3.9,2.2,1591|6654|57520,CYP24A1|SOS1|HECW2,-0.23,MyList
DisGeNET,35,C0278678,Metastatic Renal Cell Cancer,,-2.2,8.2,4.4,30284,145,76,3,3.9,2.2,5743|7412|54658,PTGS2|VCAM1|UGT1A1,-0.23,MyList
DisGeNET,35,C0040100,Thymoma,,-2.2,5.5,3.8,30284,291,76,4,5.3,2.6,3484|5465|5743|8140,IGFBP1|PPARA|PTGS2|SLC7A5,-0.2,MyList
DisGeNET,35,C0040137,Thyroid Nodule,,-2.2,8,4.3,30284,150,76,3,3.9,2.2,1543|5743|9518,CYP1A1|PTGS2|GDF15,-0.19,MyList
DisGeNET,35,C0030920,Peptic Ulcer,,-2.2,8,4.3,30284,150,76,3,3.9,2.2,1543|4586|5743,CYP1A1|MUC5AC|PTGS2,-0.19,MyList
DisGeNET,35,C0162309,Adrenoleukodystrophy,,-2.2,5.4,3.8,30284,294,76,4,5.3,2.6,3032|5465|8878|54658,HADHB|PPARA|SQSTM1|UGT1A1,-0.19,MyList
DisGeNET,35,C0162820,"Dermatitis, Allergic Contact",,-2.2,7.9,4.3,30284,151,76,3,3.9,2.2,1543|5465|8140,CYP1A1|PPARA|SLC7A5,-0.19,MyList
Cell Type Signatures,7,M41675,TRAVAGLINI LUNG ADVENTITIAL FIBROBLAST CELL,,-2.2,5.4,3.8,30284,296,76,4,5.3,2.6,1545|23764|25976|25987,CYP1B1|MAFF|TIPARP|TSKU,-0.18,MyList
DisGeNET,35,C0242339,Dyslipidemias,,-2.2,4.2,3.5,30284,471,76,5,6.6,2.8,290|5465|5743|7412|8856,ANPEP|PPARA|PTGS2|VCAM1|NR1I2,-0.18,MyList
DisGeNET,35,C0206694,Mucoepidermoid Carcinoma,,-2.2,7.8,4.2,30284,153,76,3,3.9,2.2,218|4586|5743,ALDH3A1|MUC5AC|PTGS2,-0.18,MyList
Cell Type Signatures,7,M39034,FAN EMBRYONIC CTX ASTROCYTE 2,,-2.2,7.8,4.2,30284,153,76,3,3.9,2.2,3910|6520|7412,LAMA4|SLC3A2|VCAM1,-0.18,MyList
DisGeNET,35,C0002878,"Anemia, Hemolytic",,-2.2,7.8,4.2,30284,153,76,3,3.9,2.2,5743|11093|54658,PTGS2|ADAMTS13|UGT1A1,-0.18,MyList
DisGeNET,35,C0042870,Vitamin D Deficiency,,-2.2,7.8,4.2,30284,153,76,3,3.9,2.2,1591|4862|5743,CYP24A1|NPAS2|PTGS2,-0.18,MyList
DisGeNET,35,C0341858,Endometriosis of uterus,,-2.2,7.8,4.2,30284,154,76,3,3.9,2.2,1543|3484|5743,CYP1A1|IGFBP1|PTGS2,-0.18,MyList
COVID,200,COVID199,Ubiquitinome_Stukalov_A549-ACE2_24h_Up,,-2.2,5.3,3.8,30284,300,76,4,5.3,2.6,1917|6520|8140|8878,EEF1A2|SLC3A2|SLC7A5|SQSTM1,-0.18,MyList
COVID,200,COVID008,RNA_Blanco-Melo_A549_Up,,-2.2,5.3,3.8,30284,300,76,4,5.3,2.6,1545|2069|23764|25976,CYP1B1|EREG|MAFF|TIPARP,-0.18,MyList
COVID,200,COVID048,RNA_Wyler_Calu-3_12h_Up,,-2.2,5.3,3.8,30284,300,76,4,5.3,2.6,2635|4938|5743|25976,GBP3|OAS1|PTGS2|TIPARP,-0.18,MyList
COVID,200,COVID385,Interactome_Laurent_HEK293_24h_ORF7A,,-2.2,5.3,3.8,30284,300,76,4,5.3,2.6,8140|8878|9962|10723,SLC7A5|SQSTM1|SLC23A2|SLC12A7,-0.18,MyList
COVID,200,COVID389,Interactome_Laurent_HEK293_24h_ORF9C,,-2.2,5.3,3.8,30284,300,76,4,5.3,2.6,6520|8140|10723|79152,SLC3A2|SLC7A5|SLC12A7|FA2H,-0.18,MyList
COVID,200,COVID383,Interactome_Laurent_HEK293_24h_ORF3B,,-2.2,5.3,3.8,30284,300,76,4,5.3,2.6,6520|8140|8878|10723,SLC3A2|SLC7A5|SQSTM1|SLC12A7,-0.18,MyList
COVID,200,COVID124,Interactome_Stukalov_A549_72h_ORF3,,-2.2,5.3,3.8,30284,300,76,4,5.3,2.6,1917|9962|10723|25987,EEF1A2|SLC23A2|SLC12A7|TSKU,-0.18,MyList
COVID,200,COVID006,RNA_Appelberg_Huh-7_72h_Up,,-2.2,5.3,3.8,30284,300,76,4,5.3,2.6,1543|3484|120224|342035,CYP1A1|IGFBP1|TMEM45B|GLDN,-0.18,MyList
Transcription Factor Targets,16,M30173,SOX10 TARGET GENES,,-2.2,5.3,3.8,30284,301,76,4,5.3,2.6,3910|64781|84913|399665,LAMA4|CERK|ATOH8|EEIG1,-0.18,MyList
DisGeNET,35,C3841475,beta^+^ Thalassemia,,-2.2,7.7,4.2,30284,155,76,3,3.9,2.2,9518|54658|84913,GDF15|UGT1A1|ATOH8,-0.18,MyList
DisGeNET,35,C0040580,Tracheal Diseases,,-2.2,7.7,4.2,30284,155,76,3,3.9,2.2,4586|5743|7412,MUC5AC|PTGS2|VCAM1,-0.18,MyList
DisGeNET,35,C1292769,Precursor B-cell lymphoblastic leukemia,,-2.2,4.2,3.5,30284,478,76,5,6.6,2.8,290|1543|8856|9518|57491,ANPEP|CYP1A1|NR1I2|GDF15|AHRR,-0.18,MyList
DisGeNET,35,C0000737,Abdominal Pain,,-2.1,5.3,3.7,30284,302,76,4,5.3,2.6,5743|54658|64840|102724428,PTGS2|UGT1A1|PORCN|LOC102724428,-0.18,MyList
Cell Type Signatures,7,M39285,DURANTE ADULT OLFACTORY NEUROEPITHELIUM RESPIRATORY CILIATED CELLS,,-2.1,7.7,4.2,30284,156,76,3,3.9,2.2,218|4586|9518,ALDH3A1|MUC5AC|GDF15,-0.18,MyList
DisGeNET,35,C0020542,Pulmonary Hypertension,,-2.1,7.7,4.2,30284,156,76,3,3.9,2.2,1543|5743|7412,CYP1A1|PTGS2|VCAM1,-0.18,MyList
DisGeNET,35,C0947751,Vascular inflammations,,-2.1,5.2,3.7,30284,305,76,4,5.3,2.6,5743|7412|8856|11093,PTGS2|VCAM1|NR1I2|ADAMTS13,-0.17,MyList
DisGeNET,35,C0238339,Hereditary pancreatitis,,-2.1,7.6,4.2,30284,158,76,3,3.9,2.2,1545|4586|5743,CYP1B1|MUC5AC|PTGS2,-0.16,MyList
Cell Type Signatures,7,M40233,DESCARTES FETAL LIVER STELLATE CELLS,,-2.1,7.5,4.1,30284,159,76,3,3.9,2.2,7433|11093|57491,VIPR1|ADAMTS13|AHRR,-0.16,MyList
DisGeNET,35,C1445957,Serum total cholesterol measurement,,-2.1,4.1,3.5,30284,486,76,5,6.6,2.8,1543|5465|8856|51291|54658,CYP1A1|PPARA|NR1I2|GMIP|UGT1A1,-0.16,MyList
DisGeNET,35,C0036220,Kaposi Sarcoma,,-2.1,4.1,3.4,30284,488,76,5,6.6,2.8,290|2069|5743|7412|64781,ANPEP|EREG|PTGS2|VCAM1|CERK,-0.15,MyList
DisGeNET,35,C0010278,Craniosynostosis,,-2.1,4.1,3.4,30284,488,76,5,6.6,2.8,1591|4586|5743|7412|8856,CYP24A1|MUC5AC|PTGS2|VCAM1|NR1I2,-0.15,MyList
DisGeNET,35,C0152171,Idiopathic pulmonary hypertension,,-2.1,7.4,4.1,30284,161,76,3,3.9,2.2,8856|9518|11093,NR1I2|GDF15|ADAMTS13,-0.15,MyList
DisGeNET,35,C0398623,Thrombophilia,,-2.1,7.4,4.1,30284,161,76,3,3.9,2.2,3484|8856|11093,IGFBP1|NR1I2|ADAMTS13,-0.15,MyList
DisGeNET,35,C0002726,Amyloidosis,,-2.1,3.4,3.3,30284,693,76,6,7.9,3.1,2069|5465|5743|7412|8878|9518,EREG|PPARA|PTGS2|VCAM1|SQSTM1|GDF15,-0.14,MyList
DisGeNET,35,C0018923,Hemangiosarcoma,,-2.1,7.4,4.1,30284,162,76,3,3.9,2.2,5465|6520|8140,PPARA|SLC3A2|SLC7A5,-0.14,MyList
DisGeNET,35,C3714636,Pneumonitis,,-2.1,3.4,3.3,30284,696,76,6,7.9,3.1,4586|5743|7412|8856|9424|9518,MUC5AC|PTGS2|VCAM1|NR1I2|KCNK6|GDF15,-0.14,MyList
DisGeNET,35,C0027746,Nerve Degeneration,,-2.1,7.2,4,30284,165,76,3,3.9,2.2,1917|8878|79152,EEF1A2|SQSTM1|FA2H,-0.13,MyList
Cell Type Signatures,7,M40012,BUSSLINGER GASTRIC IMMATURE PIT CELLS,,-2.1,7.2,4,30284,165,76,3,3.9,2.2,218|7032|79152,ALDH3A1|TFF2|FA2H,-0.13,MyList
DisGeNET,35,C0030421,Paraganglioma,,-2.1,7.2,4,30284,165,76,3,3.9,2.2,5465|5743|7412,PPARA|PTGS2|VCAM1,-0.13,MyList
Cell Type Signatures,7,M40234,DESCARTES FETAL LIVER HEPATOBLASTS,,-2.1,4,3.4,30284,500,76,5,6.6,2.8,290|3484|6581|80201|84699,ANPEP|IGFBP1|SLC22A3|HKDC1|CREB3L3,-0.12,MyList
DisGeNET,35,C0750952,Biliary Tract Cancer,,-2.1,7.2,4,30284,167,76,3,3.9,2.2,5743|9518|54658,PTGS2|GDF15|UGT1A1,-0.11,MyList
Cell Type Signatures,7,M41690,TRAVAGLINI LUNG BASOPHIL MAST 2 CELL,,-2.1,4,3.4,30284,502,76,5,6.6,2.8,5743|8878|23764|25976|122416,PTGS2|SQSTM1|MAFF|TIPARP|ANKRD9,-0.11,MyList
DisGeNET,35,C4524092,Chronic rhinosinusitis with nasal polyps,,-2.1,7.1,4,30284,168,76,3,3.9,2.2,4586|5743|8856,MUC5AC|PTGS2|NR1I2,-0.11,MyList
DisGeNET,35,C4520843,Pterygium of eye,,-2.1,7.1,4,30284,169,76,3,3.9,2.2,218|1543|5743,ALDH3A1|CYP1A1|PTGS2,-0.11,MyList
DisGeNET,35,C1867441,Pterygium Of Conjunctiva And Cornea,,-2.1,7.1,4,30284,169,76,3,3.9,2.2,218|1543|5743,ALDH3A1|CYP1A1|PTGS2,-0.11,MyList
DisGeNET,35,C0007114,Malignant neoplasm of skin,,-2,3.9,3.3,30284,506,76,5,6.6,2.8,360|1591|5743|7053|8878,AQP3|CYP24A1|PTGS2|TGM3|SQSTM1,-0.11,MyList
DisGeNET,35,C0949541,Hurthle Cell Tumor,,-2,7,4,30284,170,76,3,3.9,2.2,290|5743|7412,ANPEP|PTGS2|VCAM1,-0.1,MyList
Cell Type Signatures,7,M39160,GAO LARGE INTESTINE 24W C11 PANETH LIKE CELL,,-2,4.9,3.5,30284,325,76,4,5.3,2.6,5743|8140|9962|219855,PTGS2|SLC7A5|SLC23A2|SLC37A2,-0.1,MyList
Cell Type Signatures,7,M39074,ZHONG PFC MAJOR TYPES ASTROCYTES,,-2,4.9,3.5,30284,325,76,4,5.3,2.6,3032|6520|7412|93145,HADHB|SLC3A2|VCAM1|OLFM2,-0.1,MyList
DisGeNET,35,C0279550,Adult Rhabdomyosarcoma,,-2,3.9,3.3,30284,509,76,5,6.6,2.8,290|5465|5743|6654|8856,ANPEP|PPARA|PTGS2|SOS1|NR1I2,-0.1,MyList
DisGeNET,35,C0085633,Mood swings,,-2,7,3.9,30284,171,76,3,3.9,2.2,1917|5465|8878,EEF1A2|PPARA|SQSTM1,-0.1,MyList
DisGeNET,35,C0039538,Teratoma,,-2,7,3.9,30284,171,76,3,3.9,2.2,6520|6581|84913,SLC3A2|SLC22A3|ATOH8,-0.1,MyList
DisGeNET,35,C0031090,Periodontal Diseases,,-2,4.9,3.5,30284,326,76,4,5.3,2.6,5743|7412|8856|8878,PTGS2|VCAM1|NR1I2|SQSTM1,-0.1,MyList
DisGeNET,35,C0037763,Spasm,,-2,7,3.9,30284,172,76,3,3.9,2.2,1591|3032|8878,CYP24A1|HADHB|SQSTM1,-0.096,MyList
TRRUST,34,TRR00645,Regulated by: JUN,,-2,7,3.9,30284,172,76,3,3.9,2.2,5465|5743|7412,PPARA|PTGS2|VCAM1,-0.096,MyList
DisGeNET,35,C0524528,Pervasive Development Disorder,,-2,4.9,3.5,30284,328,76,4,5.3,2.6,1917|8605|54658|253980,EEF1A2|PLA2G4C|UGT1A1|KCTD13,-0.094,MyList
DisGeNET,35,C1334274,Invasive Carcinoma,,-2,6.9,3.9,30284,173,76,3,3.9,2.2,4586|5743|8140,MUC5AC|PTGS2|SLC7A5,-0.091,MyList
DisGeNET,35,C1333990,Hereditary Nonpolyposis Colorectal Cancer,,-2,6.9,3.9,30284,174,76,3,3.9,2.2,1543|1545|5743,CYP1A1|CYP1B1|PTGS2,-0.087,MyList
DisGeNET,35,C0029882,Otitis Media,,-2,6.9,3.9,30284,174,76,3,3.9,2.2,4586|11093|64840,MUC5AC|ADAMTS13|PORCN,-0.087,MyList
DisGeNET,35,C0220611,Childhood Rhabdomyosarcoma,,-2,3.9,3.3,30284,517,76,5,6.6,2.8,290|5465|5743|6654|8856,ANPEP|PPARA|PTGS2|SOS1|NR1I2,-0.084,MyList
DisGeNET,35,C0281361,Adenocarcinoma of pancreas,,-2,3.8,3.3,30284,518,76,5,6.6,2.8,1543|5743|8856|8878|9518,CYP1A1|PTGS2|NR1I2|SQSTM1|GDF15,-0.081,MyList
Cell Type Signatures,7,M40244,DESCARTES FETAL LUNG MYELOID CELLS,,-2,6.8,3.9,30284,176,76,3,3.9,2.2,290|5743|219855,ANPEP|PTGS2|SLC37A2,-0.077,MyList
