Name,Category,CategoryID,GO,Description,PARENT_GO,LogP,Enrichment,Z-score,#TotalGeneInLibrary,#GeneInGO,#GeneInHitList,#GeneInGOAndHitList,%InGO,STDV %InGO,GeneID,Hits,Log(q-value)
MyList,GO Biological Processes,19,GO:0051301,cell division,19_GO:0009987 cellular process,-26,26,24,30284,522,52,23,44,6.9,332|890|991|1063|1894|4751|5347|9232|9585|9928|10051|10460|11004|11065|22974|51203|54443|55165|83461|128239|146909|157313|259266,BIRC5|CCNA2|CDC20|CENPF|ECT2|NEK2|PLK1|PTTG1|KIF20B|KIF14|SMC4|TACC3|KIF2C|UBE2C|TPX2|NUSAP1|ANLN|CEP55|CDCA3|IQGAP3|KIF18B|CDCA2|ASPM,-22
MyList,GO Biological Processes,19,GO:1903047,mitotic cell cycle process,19_GO:0009987 cellular process,-22,22,20,30284,523,52,20,38,6.7,332|890|991|1063|1894|4751|5347|9787|9928|10051|10460|11004|11065|22974|29128|51203|54443|55165|128239|146909,BIRC5|CCNA2|CDC20|CENPF|ECT2|NEK2|PLK1|DLGAP5|KIF14|SMC4|TACC3|KIF2C|UBE2C|TPX2|UHRF1|NUSAP1|ANLN|CEP55|IQGAP3|KIF18B,-17
MyList,GO Biological Processes,19,GO:0000278,mitotic cell cycle,19_GO:0009987 cellular process,-20,19,19,30284,603,52,20,38,6.7,332|890|991|1063|1894|4751|5347|9787|9928|10051|10460|11004|11065|22974|29128|51203|54443|55165|128239|146909,BIRC5|CCNA2|CDC20|CENPF|ECT2|NEK2|PLK1|DLGAP5|KIF14|SMC4|TACC3|KIF2C|UBE2C|TPX2|UHRF1|NUSAP1|ANLN|CEP55|IQGAP3|KIF18B,-17
MyList,GO Biological Processes,19,GO:0007059,chromosome segregation,19_GO:0009987 cellular process,-20,30,22,30284,335,52,17,33,6.5,332|991|1063|4288|4751|5347|9232|9787|9928|10051|11004|22974|29128|51203|146909|157313|259266,BIRC5|CDC20|CENPF|MKI67|NEK2|PLK1|PTTG1|DLGAP5|KIF14|SMC4|KIF2C|TPX2|UHRF1|NUSAP1|KIF18B|CDCA2|ASPM,-17
MyList,GO Biological Processes,19,GO:0098813,nuclear chromosome segregation,19_GO:0009987 cellular process,-19,37,23,30284,234,52,15,29,6.3,332|991|1063|4751|5347|9232|9787|9928|10051|11004|22974|29128|51203|146909|259266,BIRC5|CDC20|CENPF|NEK2|PLK1|PTTG1|DLGAP5|KIF14|SMC4|KIF2C|TPX2|UHRF1|NUSAP1|KIF18B|ASPM,-16
MyList,GO Biological Processes,19,GO:0140014,mitotic nuclear division,19_GO:0009987 cellular process,-18,45,24,30284,168,52,13,25,6,332|991|4751|5347|9787|9928|10051|11004|11065|22974|29128|51203|146909,BIRC5|CDC20|NEK2|PLK1|DLGAP5|KIF14|SMC4|KIF2C|UBE2C|TPX2|UHRF1|NUSAP1|KIF18B,-14
MyList,GO Biological Processes,19,GO:0000280,nuclear division,19_GO:0009987 cellular process,-17,27,20,30284,320,52,15,29,6.3,332|991|4751|5347|9232|9787|9928|10051|11004|11065|22974|29128|51203|146909|259266,BIRC5|CDC20|NEK2|PLK1|PTTG1|DLGAP5|KIF14|SMC4|KIF2C|UBE2C|TPX2|UHRF1|NUSAP1|KIF18B|ASPM,-14
MyList,GO Biological Processes,19,GO:0000070,mitotic sister chromatid segregation,19_GO:0009987 cellular process,-17,49,24,30284,142,52,12,23,5.8,332|991|4751|5347|9787|9928|10051|11004|22974|29128|51203|146909,BIRC5|CDC20|NEK2|PLK1|DLGAP5|KIF14|SMC4|KIF2C|TPX2|UHRF1|NUSAP1|KIF18B,-13
MyList,GO Biological Processes,19,GO:0010564,regulation of cell cycle process,19_GO:0050789 regulation of biological process,-17,14,16,30284,776,52,19,37,6.7,332|991|1063|1894|4288|4751|5347|6241|9585|9787|9928|10051|10460|11004|11065|22974|51203|54443|157313,BIRC5|CDC20|CENPF|ECT2|MKI67|NEK2|PLK1|RRM2|KIF20B|DLGAP5|KIF14|SMC4|TACC3|KIF2C|UBE2C|TPX2|NUSAP1|ANLN|CDCA2,-13
MyList,GO Biological Processes,19,GO:0000819,sister chromatid segregation,19_GO:0009987 cellular process,-17,48,24,30284,146,52,12,23,5.8,332|991|4751|5347|9787|9928|10051|11004|22974|29128|51203|146909,BIRC5|CDC20|NEK2|PLK1|DLGAP5|KIF14|SMC4|KIF2C|TPX2|UHRF1|NUSAP1|KIF18B,-13
MyList,GO Biological Processes,19,GO:0048285,organelle fission,19_GO:0009987 cellular process,-17,25,19,30284,348,52,15,29,6.3,332|991|4751|5347|9232|9787|9928|10051|11004|11065|22974|29128|51203|146909|259266,BIRC5|CDC20|NEK2|PLK1|PTTG1|DLGAP5|KIF14|SMC4|KIF2C|UBE2C|TPX2|UHRF1|NUSAP1|KIF18B|ASPM,-13
MyList,Reactome Gene Sets,6,R-HSA-69278,"Cell Cycle, Mitotic",,-16,20,17,30284,475,52,16,31,6.4,890|991|1063|3930|4001|4751|5347|6241|7298|8340|9232|10051|11004|11065|22974|51053,CCNA2|CDC20|CENPF|LBR|LMNB1|NEK2|PLK1|RRM2|TYMS|H2BC13|PTTG1|SMC4|KIF2C|UBE2C|TPX2|GMNN,-13
MyList,GO Biological Processes,19,GO:0007088,regulation of mitotic nuclear division,19_GO:0050789 regulation of biological process,-16,53,24,30284,121,52,11,21,5.7,332|991|1063|4288|4751|5347|9585|9787|11065|51203|157313,BIRC5|CDC20|CENPF|MKI67|NEK2|PLK1|KIF20B|DLGAP5|UBE2C|NUSAP1|CDCA2,-13
MyList,GO Biological Processes,19,GO:0051276,chromosome organization,19_GO:0009987 cellular process,-16,18,16,30284,511,52,16,31,6.4,332|991|1063|3009|3148|4751|5347|9232|9787|9928|10051|11004|22974|29128|51203|146909,BIRC5|CDC20|CENPF|H1-5|HMGB2|NEK2|PLK1|PTTG1|DLGAP5|KIF14|SMC4|KIF2C|TPX2|UHRF1|NUSAP1|KIF18B,-12
MyList,GO Biological Processes,19,GO:0051983,regulation of chromosome segregation,19_GO:0050789 regulation of biological process,-15,47,22,30284,137,52,11,21,5.7,332|991|1063|4288|5347|9787|10051|10460|11004|11065|157313,BIRC5|CDC20|CENPF|MKI67|PLK1|DLGAP5|SMC4|TACC3|KIF2C|UBE2C|CDCA2,-12
MyList,GO Biological Processes,19,GO:0051783,regulation of nuclear division,19_GO:0050789 regulation of biological process,-15,44,21,30284,147,52,11,21,5.7,332|991|1063|4288|4751|5347|9585|9787|11065|51203|157313,BIRC5|CDC20|CENPF|MKI67|NEK2|PLK1|KIF20B|DLGAP5|UBE2C|NUSAP1|CDCA2,-12
MyList,Reactome Gene Sets,6,R-HSA-1640170,Cell Cycle,,-15,16,15,30284,584,52,16,31,6.4,890|991|1063|3930|4001|4751|5347|6241|7298|8340|9232|10051|11004|11065|22974|51053,CCNA2|CDC20|CENPF|LBR|LMNB1|NEK2|PLK1|RRM2|TYMS|H2BC13|PTTG1|SMC4|KIF2C|UBE2C|TPX2|GMNN,-12
MyList,GO Biological Processes,19,GO:0007346,regulation of mitotic cell cycle,19_GO:0050789 regulation of biological process,-14,16,15,30284,533,52,15,29,6.3,332|991|1063|4288|4751|5347|6241|9585|9787|9928|11065|51053|51203|54443|157313,BIRC5|CDC20|CENPF|MKI67|NEK2|PLK1|RRM2|KIF20B|DLGAP5|KIF14|UBE2C|GMNN|NUSAP1|ANLN|CDCA2,-11
MyList,GO Biological Processes,19,GO:0000226,microtubule cytoskeleton organization,19_GO:0009987 cellular process,-12,14,13,30284,578,52,14,27,6.2,332|991|4751|5347|9787|10460|11004|22974|29128|51203|57530|146909|259266|283431,BIRC5|CDC20|NEK2|PLK1|DLGAP5|TACC3|KIF2C|TPX2|UHRF1|NUSAP1|CGN|KIF18B|ASPM|GAS2L3,-9.2
MyList,GO Biological Processes,19,GO:1902850,microtubule cytoskeleton organization involved in mitosis,19_GO:0009987 cellular process,-12,39,18,30284,135,52,9,17,5.2,332|991|4751|5347|9787|10460|22974|29128|51203,BIRC5|CDC20|NEK2|PLK1|DLGAP5|TACC3|TPX2|UHRF1|NUSAP1,-8.8
MyList,GO Biological Processes,19,GO:0007052,mitotic spindle organization,19_GO:0009987 cellular process,-11,47,19,30284,99,52,8,15,5,332|991|4751|5347|9787|10460|22974|29128,BIRC5|CDC20|NEK2|PLK1|DLGAP5|TACC3|TPX2|UHRF1,-8.2
MyList,GO Biological Processes,19,GO:0007051,spindle organization,19_GO:0009987 cellular process,-11,31,16,30284,169,52,9,17,5.2,332|991|4751|5347|9787|10460|22974|29128|259266,BIRC5|CDC20|NEK2|PLK1|DLGAP5|TACC3|TPX2|UHRF1|ASPM,-8
MyList,Reactome Gene Sets,6,R-HSA-68886,M Phase,,-11,18,13,30284,354,52,11,21,5.7,991|1063|3930|4001|4751|5347|8340|9232|10051|11004|11065,CDC20|CENPF|LBR|LMNB1|NEK2|PLK1|H2BC13|PTTG1|SMC4|KIF2C|UBE2C,-7.8
MyList,GO Biological Processes,19,GO:0090068,positive regulation of cell cycle process,19_GO:0048518 positive regulation of biological process,-10,21,14,30284,273,52,10,19,5.5,332|991|1894|6241|9585|9787|9928|10051|11065|51203,BIRC5|CDC20|ECT2|RRM2|KIF20B|DLGAP5|KIF14|SMC4|UBE2C|NUSAP1,-7.6
MyList,GO Biological Processes,19,GO:1905818,regulation of chromosome separation,19_GO:0050789 regulation of biological process,-10,53,19,30284,77,52,7,13,4.7,332|991|1063|5347|9787|10051|11065,BIRC5|CDC20|CENPF|PLK1|DLGAP5|SMC4|UBE2C,-7.4
MyList,GO Biological Processes,19,GO:0000281,mitotic cytokinesis,19_GO:0009987 cellular process,-9.7,46,18,30284,89,52,7,13,4.7,332|1894|5347|51203|54443|55165|128239,BIRC5|ECT2|PLK1|NUSAP1|ANLN|CEP55|IQGAP3,-7
MyList,GO Biological Processes,19,GO:0045787,positive regulation of cell cycle,19_GO:0048518 positive regulation of biological process,-9.5,17,12,30284,343,52,10,19,5.5,332|991|1894|6241|9585|9787|9928|10051|11065|51203,BIRC5|CDC20|ECT2|RRM2|KIF20B|DLGAP5|KIF14|SMC4|UBE2C|NUSAP1,-6.7
MyList,GO Biological Processes,19,GO:0033044,regulation of chromosome organization,19_GO:0050789 regulation of biological process,-9.4,21,13,30284,246,52,9,17,5.2,332|991|1063|4751|5347|9787|10051|10460|11065,BIRC5|CDC20|CENPF|NEK2|PLK1|DLGAP5|SMC4|TACC3|UBE2C,-6.7
MyList,Reactome Gene Sets,6,R-HSA-194315,Signaling by Rho GTPases,,-9.4,12,11,30284,605,52,12,23,5.8,857|991|1063|1894|3930|4001|5347|8340|9928|11004|54443|128239,CAV1|CDC20|CENPF|ECT2|LBR|LMNB1|PLK1|H2BC13|KIF14|KIF2C|ANLN|IQGAP3,-6.7
MyList,Reactome Gene Sets,6,R-HSA-9716542,"Signaling by Rho GTPases, Miro GTPases and RHOBTB3",,-9.3,11,11,30284,619,52,12,23,5.8,857|991|1063|1894|3930|4001|5347|8340|9928|11004|54443|128239,CAV1|CDC20|CENPF|ECT2|LBR|LMNB1|PLK1|H2BC13|KIF14|KIF2C|ANLN|IQGAP3,-6.6
MyList,Reactome Gene Sets,6,R-HSA-176814,Activation of APC/C and APC/C:Cdc20 mediated degradation of mitotic proteins,,-9.3,64,19,30284,55,52,6,12,4.4,890|991|4751|5347|9232|11065,CCNA2|CDC20|NEK2|PLK1|PTTG1|UBE2C,-6.6
MyList,GO Biological Processes,19,GO:0033045,regulation of sister chromatid segregation,19_GO:0050789 regulation of biological process,-9.2,38,16,30284,108,52,7,13,4.7,332|991|1063|5347|9787|10460|11065,BIRC5|CDC20|CENPF|PLK1|DLGAP5|TACC3|UBE2C,-6.5
MyList,Reactome Gene Sets,6,R-HSA-68882,Mitotic Anaphase,,-9,25,14,30284,186,52,8,15,5,991|1063|3930|4001|5347|9232|11004|11065,CDC20|CENPF|LBR|LMNB1|PLK1|PTTG1|KIF2C|UBE2C,-6.3
MyList,Reactome Gene Sets,6,R-HSA-2555396,Mitotic Metaphase and Anaphase,,-9,25,14,30284,187,52,8,15,5,991|1063|3930|4001|5347|9232|11004|11065,CDC20|CENPF|LBR|LMNB1|PLK1|PTTG1|KIF2C|UBE2C,-6.3
MyList,GO Biological Processes,19,GO:0010965,regulation of mitotic sister chromatid separation,19_GO:0050789 regulation of biological process,-9,56,18,30284,62,52,6,12,4.4,332|991|1063|5347|9787|11065,BIRC5|CDC20|CENPF|PLK1|DLGAP5|UBE2C,-6.3
MyList,Reactome Gene Sets,6,R-HSA-174143,APC/C-mediated degradation of cell cycle proteins,,-8.9,55,18,30284,63,52,6,12,4.4,890|991|4751|5347|9232|11065,CCNA2|CDC20|NEK2|PLK1|PTTG1|UBE2C,-6.3
MyList,Reactome Gene Sets,6,R-HSA-453276,Regulation of mitotic cell cycle,,-8.9,55,18,30284,63,52,6,12,4.4,890|991|4751|5347|9232|11065,CCNA2|CDC20|NEK2|PLK1|PTTG1|UBE2C,-6.3
MyList,GO Biological Processes,19,GO:0061640,cytoskeleton-dependent cytokinesis,19_GO:0009987 cellular process,-8.9,35,15,30284,117,52,7,13,4.7,332|1894|5347|51203|54443|55165|128239,BIRC5|ECT2|PLK1|NUSAP1|ANLN|CEP55|IQGAP3,-6.3
MyList,GO Biological Processes,19,GO:0000910,cytokinesis,19_GO:0009987 cellular process,-8.9,34,15,30284,119,52,7,13,4.7,332|1894|5347|51203|54443|55165|128239,BIRC5|ECT2|PLK1|NUSAP1|ANLN|CEP55|IQGAP3,-6.3
MyList,WikiPathways,27,WP2361,Gastric cancer network 1,,-8.9,1e+02,22,30284,29,52,5,9.6,4.1,1063|1894|9585|11065|22974,CENPF|ECT2|KIF20B|UBE2C|TPX2,-6.3
MyList,GO Biological Processes,19,GO:1905820,positive regulation of chromosome separation,19_GO:0048518 positive regulation of biological process,-8.6,91,21,30284,32,52,5,9.6,4.1,332|991|9787|10051|11065,BIRC5|CDC20|DLGAP5|SMC4|UBE2C,-6.1
MyList,Canonical Pathways,11,M176,PID FOXM1 PATHWAY,,-8.1,73,19,30284,40,52,5,9.6,4.1,332|890|1063|4751|5347,BIRC5|CCNA2|CENPF|NEK2|PLK1,-5.6
MyList,GO Biological Processes,19,GO:0140694,membraneless organelle assembly,19_GO:0009987 cellular process,-8.1,15,11,30284,352,52,9,17,5.2,332|991|1063|4751|9787|22974|29128|54443|259266,BIRC5|CDC20|CENPF|NEK2|DLGAP5|TPX2|UHRF1|ANLN|ASPM,-5.6
MyList,GO Biological Processes,19,GO:0044770,cell cycle phase transition,19_GO:0009987 cellular process,-8,26,13,30284,159,52,7,13,4.7,332|890|991|5347|10460|11065|128239,BIRC5|CCNA2|CDC20|PLK1|TACC3|UBE2C|IQGAP3,-5.5
MyList,GO Biological Processes,19,GO:0030071,regulation of mitotic metaphase/anaphase transition,19_GO:0050789 regulation of biological process,-7.9,38,15,30284,93,52,6,12,4.4,332|991|1063|5347|9787|11065,BIRC5|CDC20|CENPF|PLK1|DLGAP5|UBE2C,-5.4
MyList,GO Biological Processes,19,GO:1901990,regulation of mitotic cell cycle phase transition,19_GO:0050789 regulation of biological process,-7.9,14,11,30284,371,52,9,17,5.2,332|991|1063|5347|6241|9787|9928|11065|54443,BIRC5|CDC20|CENPF|PLK1|RRM2|DLGAP5|KIF14|UBE2C|ANLN,-5.4
MyList,GO Biological Processes,19,GO:1902099,regulation of metaphase/anaphase transition of cell cycle,19_GO:0050789 regulation of biological process,-7.8,36,14,30284,96,52,6,12,4.4,332|991|1063|5347|9787|11065,BIRC5|CDC20|CENPF|PLK1|DLGAP5|UBE2C,-5.3
MyList,GO Biological Processes,19,GO:0051225,spindle assembly,19_GO:0009987 cellular process,-7.6,34,14,30284,104,52,6,12,4.4,332|991|4751|22974|29128|259266,BIRC5|CDC20|NEK2|TPX2|UHRF1|ASPM,-5.2
MyList,GO Biological Processes,19,GO:0090307,mitotic spindle assembly,19_GO:0009987 cellular process,-7.6,57,17,30284,51,52,5,9.6,4.1,332|991|4751|22974|29128,BIRC5|CDC20|NEK2|TPX2|UHRF1,-5.1
MyList,GO Biological Processes,19,GO:0051640,organelle localization,19_GO:0051179 localization,-7.5,11,9.4,30284,551,52,10,19,5.5,332|1063|4001|5347|9787|9928|10460|11004|51203|259266,BIRC5|CENPF|LMNB1|PLK1|DLGAP5|KIF14|TACC3|KIF2C|NUSAP1|ASPM,-5.1
MyList,GO Biological Processes,19,GO:0051302,regulation of cell division,19_GO:0050789 regulation of biological process,-7.4,21,12,30284,190,52,7,13,4.7,332|1894|5347|9585|9928|146909|259266,BIRC5|ECT2|PLK1|KIF20B|KIF14|KIF18B|ASPM,-5
MyList,Reactome Gene Sets,6,R-HSA-176409,APC/C:Cdc20 mediated degradation of mitotic proteins,,-7.4,54,16,30284,54,52,5,9.6,4.1,890|991|4751|9232|11065,CCNA2|CDC20|NEK2|PTTG1|UBE2C,-5
MyList,GO Biological Processes,19,GO:1901970,positive regulation of mitotic sister chromatid separation,19_GO:0048518 positive regulation of biological process,-7.3,1.1e+02,21,30284,21,52,4,7.7,3.7,332|991|9787|11065,BIRC5|CDC20|DLGAP5|UBE2C,-5
MyList,GO Biological Processes,19,GO:1901987,regulation of cell cycle phase transition,19_GO:0050789 regulation of biological process,-6.9,11,9.1,30284,480,52,9,17,5.2,332|991|1063|5347|6241|9787|9928|11065|54443,BIRC5|CDC20|CENPF|PLK1|RRM2|DLGAP5|KIF14|UBE2C|ANLN,-4.6
MyList,Reactome Gene Sets,6,R-HSA-69620,Cell Cycle Checkpoints,,-6.8,17,10,30284,237,52,7,13,4.7,890|991|1063|5347|8340|11004|11065,CCNA2|CDC20|CENPF|PLK1|H2BC13|KIF2C|UBE2C,-4.5
MyList,GO Biological Processes,19,GO:0044772,mitotic cell cycle phase transition,19_GO:0009987 cellular process,-6.7,24,12,30284,146,52,6,12,4.4,332|890|5347|10460|11065|128239,BIRC5|CCNA2|PLK1|TACC3|UBE2C|IQGAP3,-4.4
MyList,GO Biological Processes,19,GO:0007094,mitotic spindle assembly checkpoint signaling,19_GO:0048519 negative regulation of biological process,-6.7,78,17,30284,30,52,4,7.7,3.7,332|991|1063|5347,BIRC5|CDC20|CENPF|PLK1,-4.4
MyList,GO Biological Processes,19,GO:0071174,mitotic spindle checkpoint signaling,19_GO:0048519 negative regulation of biological process,-6.7,78,17,30284,30,52,4,7.7,3.7,332|991|1063|5347,BIRC5|CDC20|CENPF|PLK1,-4.4
MyList,GO Biological Processes,19,GO:0071173,spindle assembly checkpoint signaling,19_GO:0048519 negative regulation of biological process,-6.7,78,17,30284,30,52,4,7.7,3.7,332|991|1063|5347,BIRC5|CDC20|CENPF|PLK1,-4.4
MyList,Reactome Gene Sets,6,R-HSA-2467813,Separation of Sister Chromatids,,-6.6,23,11,30284,150,52,6,12,4.4,991|1063|5347|9232|11004|11065,CDC20|CENPF|PLK1|PTTG1|KIF2C|UBE2C,-4.4
MyList,Canonical Pathways,11,M242,PID AURORA A PATHWAY,,-6.6,75,17,30284,31,52,4,7.7,3.7,332|9787|10460|22974,BIRC5|DLGAP5|TACC3|TPX2,-4.4
MyList,GO Biological Processes,19,GO:0031577,spindle checkpoint signaling,19_GO:0048519 negative regulation of biological process,-6.6,75,17,30284,31,52,4,7.7,3.7,332|991|1063|5347,BIRC5|CDC20|CENPF|PLK1,-4.4
MyList,GO Biological Processes,19,GO:0044784,metaphase/anaphase transition of cell cycle,19_GO:0050789 regulation of biological process,-6.6,2.2e+02,26,30284,8,52,3,5.8,3.2,991|5347|10460,CDC20|PLK1|TACC3,-4.3
MyList,GO Biological Processes,19,GO:0033046,negative regulation of sister chromatid segregation,19_GO:0048519 negative regulation of biological process,-6.5,71,17,30284,33,52,4,7.7,3.7,332|991|1063|5347,BIRC5|CDC20|CENPF|PLK1,-4.3
MyList,GO Biological Processes,19,GO:0045841,negative regulation of mitotic metaphase/anaphase transition,19_GO:0048519 negative regulation of biological process,-6.5,71,17,30284,33,52,4,7.7,3.7,332|991|1063|5347,BIRC5|CDC20|CENPF|PLK1,-4.3
MyList,GO Biological Processes,19,GO:0033048,negative regulation of mitotic sister chromatid segregation,19_GO:0048519 negative regulation of biological process,-6.5,71,17,30284,33,52,4,7.7,3.7,332|991|1063|5347,BIRC5|CDC20|CENPF|PLK1,-4.3
MyList,GO Biological Processes,19,GO:2000816,negative regulation of mitotic sister chromatid separation,19_GO:0048519 negative regulation of biological process,-6.5,71,17,30284,33,52,4,7.7,3.7,332|991|1063|5347,BIRC5|CDC20|CENPF|PLK1,-4.3
MyList,GO Biological Processes,19,GO:1905819,negative regulation of chromosome separation,19_GO:0048519 negative regulation of biological process,-6.4,67,16,30284,35,52,4,7.7,3.7,332|991|1063|5347,BIRC5|CDC20|CENPF|PLK1,-4.2
MyList,GO Biological Processes,19,GO:1902100,negative regulation of metaphase/anaphase transition of cell cycle,19_GO:0048519 negative regulation of biological process,-6.4,67,16,30284,35,52,4,7.7,3.7,332|991|1063|5347,BIRC5|CDC20|CENPF|PLK1,-4.2
MyList,GO Biological Processes,19,GO:1904668,positive regulation of ubiquitin protein ligase activity,19_GO:0048518 positive regulation of biological process,-6.4,1.9e+02,24,30284,9,52,3,5.8,3.2,991|5347|11065,CDC20|PLK1|UBE2C,-4.2
MyList,GO Biological Processes,19,GO:0051985,negative regulation of chromosome segregation,19_GO:0048519 negative regulation of biological process,-6.4,65,16,30284,36,52,4,7.7,3.7,332|991|1063|5347,BIRC5|CDC20|CENPF|PLK1,-4.2
MyList,WikiPathways,27,WP2446,Retinoblastoma gene in cancer,,-6.3,33,12,30284,89,52,5,9.6,4.1,890|3148|6241|7298|54443,CCNA2|HMGB2|RRM2|TYMS|ANLN,-4.2
MyList,Reactome Gene Sets,6,R-HSA-195258,RHO GTPase Effectors,,-6.3,15,9.5,30284,278,52,7,13,4.7,991|1063|5347|8340|9928|11004|128239,CDC20|CENPF|PLK1|H2BC13|KIF14|KIF2C|IQGAP3,-4.1
MyList,Reactome Gene Sets,6,R-HSA-68877,Mitotic Prometaphase,,-6.3,20,11,30284,173,52,6,12,4.4,991|1063|4751|5347|10051|11004,CDC20|CENPF|NEK2|PLK1|SMC4|KIF2C,-4.1
MyList,Reactome Gene Sets,6,R-HSA-69618,Mitotic Spindle Checkpoint,,-6.2,31,12,30284,93,52,5,9.6,4.1,991|1063|5347|11004|11065,CDC20|CENPF|PLK1|KIF2C|UBE2C,-4.1
MyList,GO Biological Processes,19,GO:0051656,establishment of organelle localization,19_GO:0051179 localization,-6.2,11,8.6,30284,425,52,8,15,5,332|1063|4001|5347|9928|10460|11004|51203,BIRC5|CENPF|LMNB1|PLK1|KIF14|TACC3|KIF2C|NUSAP1,-4.1
MyList,GO Biological Processes,19,GO:0032465,regulation of cytokinesis,19_GO:0050789 regulation of biological process,-6.2,31,12,30284,95,52,5,9.6,4.1,332|1894|5347|9585|9928,BIRC5|ECT2|PLK1|KIF20B|KIF14,-4
MyList,GO Biological Processes,19,GO:0045839,negative regulation of mitotic nuclear division,19_GO:0048519 negative regulation of biological process,-6.1,57,15,30284,41,52,4,7.7,3.7,332|991|1063|5347,BIRC5|CDC20|CENPF|PLK1,-4
MyList,GO Biological Processes,19,GO:0030261,chromosome condensation,19_GO:0009987 cellular process,-6.1,55,15,30284,42,52,4,7.7,3.7,3009|5347|10051|51203,H1-5|PLK1|SMC4|NUSAP1,-3.9
MyList,GO Biological Processes,19,GO:0050000,chromosome localization,19_GO:0051179 localization,-6,28,11,30284,104,52,5,9.6,4.1,332|1063|9787|9928|11004,BIRC5|CENPF|DLGAP5|KIF14|KIF2C,-3.9
MyList,GO Biological Processes,19,GO:1901992,positive regulation of mitotic cell cycle phase transition,19_GO:0048518 positive regulation of biological process,-6,28,11,30284,105,52,5,9.6,4.1,332|991|6241|9787|11065,BIRC5|CDC20|RRM2|DLGAP5|UBE2C,-3.9
MyList,Canonical Pathways,11,M129,PID PLK1 PATHWAY,,-5.9,51,14,30284,46,52,4,7.7,3.7,991|1894|5347|22974,CDC20|ECT2|PLK1|TPX2,-3.8
MyList,GO Biological Processes,19,GO:0051784,negative regulation of nuclear division,19_GO:0048519 negative regulation of biological process,-5.9,50,14,30284,47,52,4,7.7,3.7,332|991|1063|5347,BIRC5|CDC20|CENPF|PLK1,-3.8
MyList,GO Biological Processes,19,GO:0045840,positive regulation of mitotic nuclear division,19_GO:0048518 positive regulation of biological process,-5.9,50,14,30284,47,52,4,7.7,3.7,991|9787|11065|51203,CDC20|DLGAP5|UBE2C|NUSAP1,-3.8
MyList,GO Biological Processes,19,GO:1903490,positive regulation of mitotic cytokinesis,19_GO:0048518 positive regulation of biological process,-5.9,1.3e+02,20,30284,13,52,3,5.8,3.2,332|1894|9585,BIRC5|ECT2|KIF20B,-3.8
MyList,GO Biological Processes,19,GO:0032467,positive regulation of cytokinesis,19_GO:0048518 positive regulation of biological process,-5.7,46,13,30284,51,52,4,7.7,3.7,332|1894|9585|9928,BIRC5|ECT2|KIF20B|KIF14,-3.7
MyList,Reactome Gene Sets,6,R-HSA-174178,APC/C:Cdh1 mediated degradation of Cdc20 and other APC/C:Cdh1 targeted proteins in late mitosis/early G1,,-5.7,45,13,30284,52,52,4,7.7,3.7,991|5347|9232|11065,CDC20|PLK1|PTTG1|UBE2C,-3.6
MyList,Reactome Gene Sets,6,R-HSA-179419,APC:Cdc20 mediated degradation of cell cycle proteins prior to satisfation of the cell cycle checkpoint,,-5.7,45,13,30284,52,52,4,7.7,3.7,890|991|4751|11065,CCNA2|CDC20|NEK2|UBE2C,-3.6
MyList,Reactome Gene Sets,6,R-HSA-8980692,RHOA GTPase cycle,,-5.6,23,10,30284,124,52,5,9.6,4.1,857|1894|3930|54443|128239,CAV1|ECT2|LBR|ANLN|IQGAP3,-3.6
MyList,GO Biological Processes,19,GO:1901989,positive regulation of cell cycle phase transition,19_GO:0048518 positive regulation of biological process,-5.6,23,10,30284,126,52,5,9.6,4.1,332|991|6241|9787|11065,BIRC5|CDC20|RRM2|DLGAP5|UBE2C,-3.5
MyList,GO Biological Processes,19,GO:1902412,regulation of mitotic cytokinesis,19_GO:0050789 regulation of biological process,-5.6,1.1e+02,18,30284,16,52,3,5.8,3.2,332|1894|9585,BIRC5|ECT2|KIF20B,-3.5
MyList,GO Biological Processes,19,GO:0065004,protein-DNA complex assembly,19_GO:0009987 cellular process,-5.6,15,9,30284,230,52,6,12,4.4,1063|3009|3148|8340|9787|51053,CENPF|H1-5|HMGB2|H2BC13|DLGAP5|GMNN,-3.5
MyList,Reactome Gene Sets,6,R-HSA-176408,Regulation of APC/C activators between G1/S and early anaphase,,-5.5,41,12,30284,57,52,4,7.7,3.7,890|991|5347|11065,CCNA2|CDC20|PLK1|UBE2C,-3.5
MyList,GO Biological Processes,19,GO:0033047,regulation of mitotic sister chromatid segregation,19_GO:0050789 regulation of biological process,-5.5,40,12,30284,58,52,4,7.7,3.7,332|991|1063|5347,BIRC5|CDC20|CENPF|PLK1,-3.5
MyList,GO Biological Processes,19,GO:0007076,mitotic chromosome condensation,19_GO:0009987 cellular process,-5.5,1e+02,17,30284,17,52,3,5.8,3.2,5347|10051|51203,PLK1|SMC4|NUSAP1,-3.5
MyList,GO Biological Processes,19,GO:0045842,positive regulation of mitotic metaphase/anaphase transition,19_GO:0048518 positive regulation of biological process,-5.5,1e+02,17,30284,17,52,3,5.8,3.2,991|9787|11065,CDC20|DLGAP5|UBE2C,-3.5
MyList,Reactome Gene Sets,6,R-HSA-9013026,RHOB GTPase cycle,,-5.5,39,12,30284,59,52,4,7.7,3.7,857|1894|54443|128239,CAV1|ECT2|ANLN|IQGAP3,-3.5
MyList,Reactome Gene Sets,6,R-HSA-9013106,RHOC GTPase cycle,,-5.5,39,12,30284,60,52,4,7.7,3.7,857|3930|54443|128239,CAV1|LBR|ANLN|IQGAP3,-3.4
MyList,GO Biological Processes,19,GO:0045931,positive regulation of mitotic cell cycle,19_GO:0048518 positive regulation of biological process,-5.4,21,9.9,30284,136,52,5,9.6,4.1,332|991|6241|9787|11065,BIRC5|CDC20|RRM2|DLGAP5|UBE2C,-3.4
MyList,GO Biological Processes,19,GO:0051383,kinetochore organization,19_GO:0009987 cellular process,-5.4,97,17,30284,18,52,3,5.8,3.2,1063|9787|10051,CENPF|DLGAP5|SMC4,-3.4
MyList,GO Biological Processes,19,GO:1902101,positive regulation of metaphase/anaphase transition of cell cycle,19_GO:0048518 positive regulation of biological process,-5.4,97,17,30284,18,52,3,5.8,3.2,991|9787|11065,CDC20|DLGAP5|UBE2C,-3.4
MyList,Reactome Gene Sets,6,R-HSA-9012999,RHO GTPase cycle,,-5.4,11,7.9,30284,382,52,7,13,4.7,857|1894|3930|4001|9928|54443|128239,CAV1|ECT2|LBR|LMNB1|KIF14|ANLN|IQGAP3,-3.4
MyList,GO Biological Processes,19,GO:0051785,positive regulation of nuclear division,19_GO:0048518 positive regulation of biological process,-5.4,38,12,30284,62,52,4,7.7,3.7,991|9787|11065|51203,CDC20|DLGAP5|UBE2C|NUSAP1,-3.4
MyList,GO Biological Processes,19,GO:0071824,protein-DNA complex organization,19_GO:0009987 cellular process,-5.4,14,8.5,30284,250,52,6,12,4.4,1063|3009|3148|8340|9787|51053,CENPF|H1-5|HMGB2|H2BC13|DLGAP5|GMNN,-3.4
MyList,GO Biological Processes,19,GO:1904666,regulation of ubiquitin protein ligase activity,19_GO:0065007 biological regulation,-5.3,92,16,30284,19,52,3,5.8,3.2,991|5347|11065,CDC20|PLK1|UBE2C,-3.3
MyList,GO Biological Processes,19,GO:0051321,meiotic cell cycle,19_GO:0022414 reproductive process,-5.3,14,8.4,30284,257,52,6,12,4.4,991|4751|5347|9232|10051|259266,CDC20|NEK2|PLK1|PTTG1|SMC4|ASPM,-3.3
MyList,GO Biological Processes,19,GO:0051443,positive regulation of ubiquitin-protein transferase activity,19_GO:0048518 positive regulation of biological process,-5.3,87,16,30284,20,52,3,5.8,3.2,991|5347|11065,CDC20|PLK1|UBE2C,-3.3
MyList,GO Biological Processes,19,GO:0007096,regulation of exit from mitosis,19_GO:0050789 regulation of biological process,-5.3,87,16,30284,20,52,3,5.8,3.2,332|11065|54443,BIRC5|UBE2C|ANLN,-3.3
MyList,GO Biological Processes,19,GO:0051347,positive regulation of transferase activity,19_GO:0065007 biological regulation,-5.2,13,8.3,30284,264,52,6,12,4.4,991|1894|5347|9928|11065|22974,CDC20|ECT2|PLK1|KIF14|UBE2C|TPX2,-3.2
MyList,Reactome Gene Sets,6,R-HSA-179409,APC-Cdc20 mediated degradation of Nek2A,,-5.1,79,15,30284,22,52,3,5.8,3.2,991|4751|11065,CDC20|NEK2|UBE2C,-3.2
MyList,Reactome Gene Sets,6,R-HSA-69275,G2/M Transition,,-5.1,19,9.1,30284,157,52,5,9.6,4.1,890|1063|4751|5347|22974,CCNA2|CENPF|NEK2|PLK1|TPX2,-3.2
MyList,Reactome Gene Sets,6,R-HSA-453274,Mitotic G2-G2/M phases,,-5.1,18,9.1,30284,159,52,5,9.6,4.1,890|1063|4751|5347|22974,CCNA2|CENPF|NEK2|PLK1|TPX2,-3.1
MyList,GO Biological Processes,19,GO:0051988,regulation of attachment of spindle microtubules to kinetochore,19_GO:0051179 localization,-5.1,76,15,30284,23,52,3,5.8,3.2,332|1894|4751,BIRC5|ECT2|NEK2,-3.1
MyList,GO Biological Processes,19,GO:0046426,negative regulation of receptor signaling pathway via JAK-STAT,19_GO:0048519 negative regulation of biological process,-5.1,76,15,30284,23,52,3,5.8,3.2,857|1154|8835,CAV1|CISH|SOCS2,-3.1
MyList,Reactome Gene Sets,6,R-HSA-141424,Amplification of signal from the kinetochores,,-5,29,11,30284,79,52,4,7.7,3.7,991|1063|5347|11004,CDC20|CENPF|PLK1|KIF2C,-3
MyList,Reactome Gene Sets,6,R-HSA-141444,Amplification  of signal from unattached  kinetochores via a MAD2  inhibitory signal,,-5,29,11,30284,79,52,4,7.7,3.7,991|1063|5347|11004,CDC20|CENPF|PLK1|KIF2C,-3
MyList,GO Biological Processes,19,GO:2001251,negative regulation of chromosome organization,19_GO:0048519 negative regulation of biological process,-4.9,28,10,30284,82,52,4,7.7,3.7,332|991|1063|5347,BIRC5|CDC20|CENPF|PLK1,-3
MyList,Reactome Gene Sets,6,R-HSA-5689880,Ub-specific processing proteases,,-4.9,16,8.5,30284,178,52,5,9.6,4.1,890|991|8340|8969|440689,CCNA2|CDC20|H2BC13|H2AC11|H2BC18,-2.9
MyList,GO Biological Processes,19,GO:0045132,meiotic chromosome segregation,19_GO:0022414 reproductive process,-4.7,25,9.7,30284,92,52,4,7.7,3.7,5347|9232|10051|259266,PLK1|PTTG1|SMC4|ASPM,-2.8
MyList,GO Biological Processes,19,GO:1903046,meiotic cell cycle process,19_GO:0022414 reproductive process,-4.7,15,8.1,30284,194,52,5,9.6,4.1,991|5347|9232|10051|259266,CDC20|PLK1|PTTG1|SMC4|ASPM,-2.8
MyList,GO Biological Processes,19,GO:0051303,establishment of chromosome localization,19_GO:0051179 localization,-4.6,24,9.5,30284,96,52,4,7.7,3.7,332|1063|9928|11004,BIRC5|CENPF|KIF14|KIF2C,-2.7
MyList,GO Biological Processes,19,GO:0045814,"negative regulation of gene expression, epigenetic",19_GO:0048519 negative regulation of biological process,-4.6,15,8,30284,198,52,5,9.6,4.1,3930|4001|8969|26147|29128,LBR|LMNB1|H2AC11|PHF19|UHRF1,-2.7
MyList,Reactome Gene Sets,6,R-HSA-9648025,EML4 and NUDC in mitotic spindle formation,,-4.6,24,9.3,30284,99,52,4,7.7,3.7,991|1063|5347|11004,CDC20|CENPF|PLK1|KIF2C,-2.7
MyList,GO Biological Processes,19,GO:0051781,positive regulation of cell division,19_GO:0048518 positive regulation of biological process,-4.6,24,9.3,30284,99,52,4,7.7,3.7,332|1894|9585|9928,BIRC5|ECT2|KIF20B|KIF14,-2.7
MyList,WikiPathways,27,WP1601,Fluoropyrimidine activity,,-4.6,51,12,30284,34,52,3,5.8,3.2,6241|7298|8836,RRM2|TYMS|GGH,-2.7
MyList,GO Biological Processes,19,GO:1904893,negative regulation of receptor signaling pathway via STAT,19_GO:0048519 negative regulation of biological process,-4.5,50,12,30284,35,52,3,5.8,3.2,857|1154|8835,CAV1|CISH|SOCS2,-2.6
MyList,GO Biological Processes,19,GO:0051438,regulation of ubiquitin-protein transferase activity,19_GO:0065007 biological regulation,-4.5,49,12,30284,36,52,3,5.8,3.2,991|5347|11065,CDC20|PLK1|UBE2C,-2.6
MyList,Reactome Gene Sets,6,R-HSA-2500257,Resolution of Sister Chromatid Cohesion,,-4.5,22,8.9,30284,107,52,4,7.7,3.7,991|1063|5347|11004,CDC20|CENPF|PLK1|KIF2C,-2.6
MyList,Reactome Gene Sets,6,R-HSA-69206,G1/S Transition,,-4.5,22,8.9,30284,107,52,4,7.7,3.7,890|6241|7298|51053,CCNA2|RRM2|TYMS|GMNN,-2.6
MyList,GO Biological Processes,19,GO:0006259,DNA metabolic process,19_GO:0009987 cellular process,-4.4,6.2,6,30284,747,52,8,15,5,1063|3148|3838|5347|7298|9232|29128|51053,CENPF|HMGB2|KPNA2|PLK1|TYMS|PTTG1|UHRF1|GMNN,-2.5
MyList,GO Biological Processes,19,GO:0031398,positive regulation of protein ubiquitination,19_GO:0048518 positive regulation of biological process,-4.4,21,8.8,30284,110,52,4,7.7,3.7,857|991|5347|11065,CAV1|CDC20|PLK1|UBE2C,-2.5
MyList,Canonical Pathways,11,M14,PID AURORA B PATHWAY,,-4.4,45,11,30284,39,52,3,5.8,3.2,332|10051|11004,BIRC5|SMC4|KIF2C,-2.5
MyList,GO Biological Processes,19,GO:1901800,positive regulation of proteasomal protein catabolic process,19_GO:0048518 positive regulation of biological process,-4.3,20,8.6,30284,115,52,4,7.7,3.7,857|991|5347|7018,CAV1|CDC20|PLK1|TF,-2.5
MyList,Reactome Gene Sets,6,R-HSA-5663220,RHO GTPases Activate Formins,,-4.3,20,8.5,30284,117,52,4,7.7,3.7,991|1063|5347|11004,CDC20|CENPF|PLK1|KIF2C,-2.4
MyList,GO Biological Processes,19,GO:0031401,positive regulation of protein modification process,19_GO:0048518 positive regulation of biological process,-4.3,7.1,6.1,30284,574,52,7,13,4.7,857|991|1894|5347|9928|11065|22974,CAV1|CDC20|ECT2|PLK1|KIF14|UBE2C|TPX2,-2.4
MyList,Reactome Gene Sets,6,R-HSA-453279,Mitotic G1 phase and G1/S transition,,-4.3,19,8.4,30284,120,52,4,7.7,3.7,890|6241|7298|51053,CCNA2|RRM2|TYMS|GMNN,-2.4
MyList,WikiPathways,27,WP179,Cell cycle,,-4.3,19,8.4,30284,120,52,4,7.7,3.7,890|991|5347|9232,CCNA2|CDC20|PLK1|PTTG1,-2.4
MyList,GO Biological Processes,19,GO:0045786,negative regulation of cell cycle,19_GO:0048519 negative regulation of biological process,-4.3,8.9,6.5,30284,392,52,6,12,4.4,332|991|1063|4751|5347|51053,BIRC5|CDC20|CENPF|NEK2|PLK1|GMNN,-2.4
MyList,Reactome Gene Sets,6,R-HSA-5688426,Deubiquitination,,-4.2,12,7.2,30284,241,52,5,9.6,4.1,890|991|8340|8969|440689,CCNA2|CDC20|H2BC13|H2AC11|H2BC18,-2.4
MyList,GO Biological Processes,19,GO:0060236,regulation of mitotic spindle organization,19_GO:0050789 regulation of biological process,-4.2,40,11,30284,44,52,3,5.8,3.2,5347|10460|22974,PLK1|TACC3|TPX2,-2.4
MyList,GO Biological Processes,19,GO:0043085,positive regulation of catalytic activity,19_GO:0065007 biological regulation,-4.2,7,6.1,30284,584,52,7,13,4.7,991|1894|5347|9928|11065|22974|29128,CDC20|ECT2|PLK1|KIF14|UBE2C|TPX2|UHRF1,-2.4
MyList,GO Biological Processes,19,GO:0016567,protein ubiquitination,19_GO:0009987 cellular process,-4.2,6.9,6,30284,589,52,7,13,4.7,991|1154|5347|8835|11065|29128|83461,CDC20|CISH|PLK1|SOCS2|UBE2C|UHRF1|CDCA3,-2.4
MyList,GO Biological Processes,19,GO:0032506,cytokinetic process,19_GO:0009987 cellular process,-4.2,39,11,30284,45,52,3,5.8,3.2,54443|55165|128239,ANLN|CEP55|IQGAP3,-2.4
MyList,Reactome Gene Sets,6,R-HSA-9013405,RHOD GTPase cycle,,-4.2,38,10,30284,46,52,3,5.8,3.2,857|3930|4001,CAV1|LBR|LMNB1,-2.3
MyList,Reactome Gene Sets,6,R-HSA-9013148,CDC42 GTPase cycle,,-4.2,18,8.1,30284,128,52,4,7.7,3.7,857|1894|3930|128239,CAV1|ECT2|LBR|IQGAP3,-2.3
MyList,Reactome Gene Sets,6,R-HSA-174154,APC/C:Cdc20 mediated degradation of Securin,,-4.1,37,10,30284,47,52,3,5.8,3.2,991|9232|11065,CDC20|PTTG1|UBE2C,-2.3
MyList,GO Biological Processes,19,GO:0090224,regulation of spindle organization,19_GO:0050789 regulation of biological process,-4.1,36,10,30284,48,52,3,5.8,3.2,5347|10460|22974,PLK1|TACC3|TPX2,-2.3
MyList,GO Biological Processes,19,GO:0007093,mitotic cell cycle checkpoint signaling,19_GO:0048519 negative regulation of biological process,-4.1,18,7.9,30284,133,52,4,7.7,3.7,332|991|1063|5347,BIRC5|CDC20|CENPF|PLK1,-2.3
MyList,Reactome Gene Sets,6,R-HSA-68875,Mitotic Prophase,,-4.1,18,7.9,30284,133,52,4,7.7,3.7,4001|5347|8340|10051,LMNB1|PLK1|H2BC13|SMC4,-2.3
MyList,GO Biological Processes,19,GO:1903322,positive regulation of protein modification by small protein conjugation or removal,19_GO:0048518 positive regulation of biological process,-4.1,18,7.9,30284,133,52,4,7.7,3.7,857|991|5347|11065,CAV1|CDC20|PLK1|UBE2C,-2.3
MyList,GO Biological Processes,19,GO:1901875,positive regulation of post-translational protein modification,19_GO:0048518 positive regulation of biological process,-4.1,17,7.9,30284,134,52,4,7.7,3.7,857|991|5347|11065,CAV1|CDC20|PLK1|UBE2C,-2.3
MyList,GO Biological Processes,19,GO:0000086,G2/M transition of mitotic cell cycle,19_GO:0009987 cellular process,-4.1,35,10,30284,50,52,3,5.8,3.2,332|890|5347,BIRC5|CCNA2|PLK1,-2.2
MyList,Reactome Gene Sets,6,R-HSA-174184,Cdc20:Phospho-APC/C mediated degradation of Cyclin A,,-4,34,9.9,30284,51,52,3,5.8,3.2,890|991|11065,CCNA2|CDC20|UBE2C,-2.2
MyList,GO Biological Processes,19,GO:1903052,positive regulation of proteolysis involved in protein catabolic process,19_GO:0048518 positive regulation of biological process,-4,17,7.8,30284,138,52,4,7.7,3.7,857|991|5347|7018,CAV1|CDC20|PLK1|TF,-2.2
MyList,GO Biological Processes,19,GO:0042327,positive regulation of phosphorylation,19_GO:0048518 positive regulation of biological process,-4,8,6.1,30284,437,52,6,12,4.4,857|1894|5347|7018|9928|22974,CAV1|ECT2|PLK1|TF|KIF14|TPX2,-2.2
MyList,Reactome Gene Sets,6,R-HSA-983189,Kinesins,,-4,32,9.6,30284,54,52,3,5.8,3.2,9585|11004|146909,KIF20B|KIF2C|KIF18B,-2.1
MyList,GO Biological Processes,19,GO:0044839,cell cycle G2/M phase transition,19_GO:0009987 cellular process,-3.9,32,9.5,30284,55,52,3,5.8,3.2,332|890|5347,BIRC5|CCNA2|PLK1,-2.1
MyList,GO Biological Processes,19,GO:0032147,activation of protein kinase activity,19_GO:0048518 positive regulation of biological process,-3.9,31,9.3,30284,57,52,3,5.8,3.2,1894|9928|22974,ECT2|KIF14|TPX2,-2.1
MyList,GO Biological Processes,19,GO:0006997,nucleus organization,19_GO:0009987 cellular process,-3.9,15,7.3,30284,152,52,4,7.7,3.7,3148|4001|5347|23306,HMGB2|LMNB1|PLK1|NEMP1,-2.1
MyList,GO Biological Processes,19,GO:0031507,heterochromatin formation,19_GO:0048519 negative regulation of biological process,-3.9,15,7.3,30284,152,52,4,7.7,3.7,3930|4001|8969|29128,LBR|LMNB1|H2AC11|UHRF1,-2.1
MyList,GO Biological Processes,19,GO:0006998,nuclear envelope organization,19_GO:0009987 cellular process,-3.9,30,9.2,30284,58,52,3,5.8,3.2,4001|5347|23306,LMNB1|PLK1|NEMP1,-2.1
MyList,GO Biological Processes,19,GO:0032446,protein modification by small protein conjugation,19_GO:0009987 cellular process,-3.9,6.1,5.5,30284,667,52,7,13,4.7,991|1154|5347|8835|11065|29128|83461,CDC20|CISH|PLK1|SOCS2|UBE2C|UHRF1|CDCA3,-2.1
MyList,GO Biological Processes,19,GO:0051338,regulation of transferase activity,19_GO:0065007 biological regulation,-3.9,7.5,5.9,30284,464,52,6,12,4.4,991|1894|5347|9928|11065|22974,CDC20|ECT2|PLK1|KIF14|UBE2C|TPX2,-2.1
MyList,Reactome Gene Sets,6,R-HSA-9013149,RAC1 GTPase cycle,,-3.8,15,7.3,30284,154,52,4,7.7,3.7,857|1894|3930|128239,CAV1|ECT2|LBR|IQGAP3,-2
MyList,Reactome Gene Sets,6,R-HSA-2559583,Cellular Senescence,,-3.8,15,7.3,30284,155,52,4,7.7,3.7,890|4001|8340|11065,CCNA2|LMNB1|H2BC13|UBE2C,-2
MyList,KEGG Pathway,24,hsa04110,Cell cycle,,-3.8,15,7.2,30284,158,52,4,7.7,3.7,890|991|5347|9232,CCNA2|CDC20|PLK1|PTTG1,-2
MyList,GO Biological Processes,19,GO:0040029,epigenetic regulation of gene expression,19_GO:0050789 regulation of biological process,-3.8,9.7,6.3,30284,300,52,5,9.6,4.1,3930|4001|8969|26147|29128,LBR|LMNB1|H2AC11|PHF19|UHRF1,-2
MyList,Reactome Gene Sets,6,R-HSA-8854518,AURKA Activation by TPX2,,-3.8,28,8.9,30284,62,52,3,5.8,3.2,4751|5347|22974,NEK2|PLK1|TPX2,-2
MyList,GO Biological Processes,19,GO:0031109,microtubule polymerization or depolymerization,19_GO:0009987 cellular process,-3.8,28,8.9,30284,62,52,3,5.8,3.2,11004|22974|146909,KIF2C|TPX2|KIF18B,-2
MyList,GO Biological Processes,19,GO:0010948,negative regulation of cell cycle process,19_GO:0048519 negative regulation of biological process,-3.8,9.6,6.2,30284,303,52,5,9.6,4.1,332|991|1063|4751|5347,BIRC5|CDC20|CENPF|NEK2|PLK1,-2
MyList,GO Biological Processes,19,GO:0045937,positive regulation of phosphate metabolic process,19_GO:0048518 positive regulation of biological process,-3.7,7.1,5.7,30284,493,52,6,12,4.4,857|1894|5347|7018|9928|22974,CAV1|ECT2|PLK1|TF|KIF14|TPX2,-1.9
MyList,GO Biological Processes,19,GO:0010562,positive regulation of phosphorus metabolic process,19_GO:0048518 positive regulation of biological process,-3.7,7.1,5.7,30284,493,52,6,12,4.4,857|1894|5347|7018|9928|22974,CAV1|ECT2|PLK1|TF|KIF14|TPX2,-1.9
MyList,Reactome Gene Sets,6,R-HSA-2559586,DNA Damage/Telomere Stress Induced Senescence,,-3.7,26,8.6,30284,66,52,3,5.8,3.2,890|4001|8340,CCNA2|LMNB1|H2BC13,-1.9
MyList,GO Biological Processes,19,GO:0051653,spindle localization,19_GO:0051179 localization,-3.7,26,8.6,30284,66,52,3,5.8,3.2,5347|51203|259266,PLK1|NUSAP1|ASPM,-1.9
MyList,GO Biological Processes,19,GO:0000075,cell cycle checkpoint signaling,19_GO:0048519 negative regulation of biological process,-3.7,14,6.9,30284,169,52,4,7.7,3.7,332|991|1063|5347,BIRC5|CDC20|CENPF|PLK1,-1.9
MyList,Reactome Gene Sets,6,R-HSA-69306,DNA Replication,,-3.7,14,6.9,30284,169,52,4,7.7,3.7,890|8340|11065|51053,CCNA2|H2BC13|UBE2C|GMNN,-1.9
MyList,GO Biological Processes,19,GO:0010638,positive regulation of organelle organization,19_GO:0048518 positive regulation of biological process,-3.7,7,5.6,30284,499,52,6,12,4.4,991|4751|9787|10051|11065|51203,CDC20|NEK2|DLGAP5|SMC4|UBE2C|NUSAP1,-1.9
MyList,Reactome Gene Sets,6,R-HSA-69052,Switching of origins to a post-replicative state,,-3.7,26,8.5,30284,68,52,3,5.8,3.2,890|11065|51053,CCNA2|UBE2C|GMNN,-1.9
MyList,GO Biological Processes,19,GO:0051052,regulation of DNA metabolic process,19_GO:0050789 regulation of biological process,-3.7,6.9,5.6,30284,505,52,6,12,4.4,890|3009|3838|4751|5347|51053,CCNA2|H1-5|KPNA2|NEK2|PLK1|GMNN,-1.9
MyList,GO Biological Processes,19,GO:0140013,meiotic nuclear division,19_GO:0022414 reproductive process,-3.6,13,6.8,30284,173,52,4,7.7,3.7,5347|9232|10051|259266,PLK1|PTTG1|SMC4|ASPM,-1.9
MyList,GO Biological Processes,19,GO:0051129,negative regulation of cellular component organization,19_GO:0048519 negative regulation of biological process,-3.6,5.6,5.2,30284,730,52,7,13,4.7,332|857|991|1063|5347|9928|22974,BIRC5|CAV1|CDC20|CENPF|PLK1|KIF14|TPX2,-1.8
MyList,Reactome Gene Sets,6,R-HSA-2299718,Condensation of Prophase Chromosomes,,-3.6,25,8.3,30284,71,52,3,5.8,3.2,5347|8340|10051,PLK1|H2BC13|SMC4,-1.8
MyList,Canonical Pathways,11,M40,PID E2F PATHWAY,,-3.6,24,8.1,30284,73,52,3,5.8,3.2,890|6241|7298,CCNA2|RRM2|TYMS,-1.8
MyList,GO Biological Processes,19,GO:0046425,regulation of receptor signaling pathway via JAK-STAT,19_GO:0050896 response to stimulus,-3.5,24,8.1,30284,74,52,3,5.8,3.2,857|1154|8835,CAV1|CISH|SOCS2,-1.8
MyList,Reactome Gene Sets,6,R-HSA-109582,Hemostasis,,-3.5,6.5,5.4,30284,535,52,6,12,4.4,857|3672|7018|9585|11004|146909,CAV1|ITGA1|TF|KIF20B|KIF2C|KIF18B,-1.8
MyList,GO Biological Processes,19,GO:0010639,negative regulation of organelle organization,19_GO:0048519 negative regulation of biological process,-3.5,8.4,5.7,30284,348,52,5,9.6,4.1,332|991|1063|5347|22974,BIRC5|CDC20|CENPF|PLK1|TPX2,-1.7
MyList,GO Biological Processes,19,GO:1901991,negative regulation of mitotic cell cycle phase transition,19_GO:0048519 negative regulation of biological process,-3.5,12,6.4,30284,191,52,4,7.7,3.7,332|991|1063|5347,BIRC5|CDC20|CENPF|PLK1,-1.7
MyList,GO Biological Processes,19,GO:0070647,protein modification by small protein conjugation or removal,19_GO:0009987 cellular process,-3.5,5.2,5,30284,777,52,7,13,4.7,991|1154|5347|8835|11065|29128|83461,CDC20|CISH|PLK1|SOCS2|UBE2C|UHRF1|CDCA3,-1.7
MyList,KEGG Pathway,24,hsa04814,Motor proteins,,-3.4,12,6.3,30284,197,52,4,7.7,3.7,9585|9928|11004|146909,KIF20B|KIF14|KIF2C|KIF18B,-1.7
MyList,GO Biological Processes,19,GO:0032436,positive regulation of proteasomal ubiquitin-dependent protein catabolic process,19_GO:0048518 positive regulation of biological process,-3.4,22,7.7,30284,81,52,3,5.8,3.2,991|5347|7018,CDC20|PLK1|TF,-1.7
MyList,GO Biological Processes,19,GO:0061136,regulation of proteasomal protein catabolic process,19_GO:0050789 regulation of biological process,-3.4,12,6.3,30284,200,52,4,7.7,3.7,857|991|5347|7018,CAV1|CDC20|PLK1|TF,-1.7
MyList,GO Biological Processes,19,GO:0031396,regulation of protein ubiquitination,19_GO:0050789 regulation of biological process,-3.4,12,6.2,30284,201,52,4,7.7,3.7,857|991|5347|11065,CAV1|CDC20|PLK1|UBE2C,-1.7
MyList,GO Biological Processes,19,GO:0051310,metaphase chromosome alignment,19_GO:0051179 localization,-3.4,21,7.6,30284,83,52,3,5.8,3.2,1063|9928|11004,CENPF|KIF14|KIF2C,-1.7
MyList,Reactome Gene Sets,6,R-HSA-3214815,HDACs deacetylate histones,,-3.4,21,7.5,30284,85,52,3,5.8,3.2,8340|8969|440689,H2BC13|H2AC11|H2BC18,-1.6
MyList,KEGG Pathway,24,hsa05203,Viral carcinogenesis,,-3.4,11,6.2,30284,205,52,4,7.7,3.7,890|991|8340|440689,CCNA2|CDC20|H2BC13|H2BC18,-1.6
MyList,GO Biological Processes,19,GO:0045732,positive regulation of protein catabolic process,19_GO:0048518 positive regulation of biological process,-3.3,11,6,30284,214,52,4,7.7,3.7,857|991|5347|7018,CAV1|CDC20|PLK1|TF,-1.6
MyList,Reactome Gene Sets,6,R-HSA-6811434,COPI-dependent Golgi-to-ER retrograde traffic,,-3.3,19,7.1,30284,93,52,3,5.8,3.2,9585|11004|146909,KIF20B|KIF2C|KIF18B,-1.5
MyList,GO Biological Processes,19,GO:1904892,regulation of receptor signaling pathway via STAT,19_GO:0050896 response to stimulus,-3.3,19,7.1,30284,93,52,3,5.8,3.2,857|1154|8835,CAV1|CISH|SOCS2,-1.5
MyList,GO Biological Processes,19,GO:0097435,supramolecular fiber organization,19_GO:0009987 cellular process,-3.2,5.7,4.9,30284,608,52,6,12,4.4,7018|11004|22974|128239|146909|283431,TF|KIF2C|TPX2|IQGAP3|KIF18B|GAS2L3,-1.5
MyList,Reactome Gene Sets,6,R-HSA-69239,Synthesis of DNA,,-3.2,18,7,30284,96,52,3,5.8,3.2,890|11065|51053,CCNA2|UBE2C|GMNN,-1.5
MyList,Reactome Gene Sets,6,R-HSA-2559582,Senescence-Associated Secretory Phenotype (SASP),,-3.2,17,6.8,30284,101,52,3,5.8,3.2,890|8340|11065,CCNA2|H2BC13|UBE2C,-1.4
MyList,GO Biological Processes,19,GO:0001934,positive regulation of protein phosphorylation,19_GO:0048518 positive regulation of biological process,-3.1,7,5.1,30284,414,52,5,9.6,4.1,857|1894|5347|9928|22974,CAV1|ECT2|PLK1|KIF14|TPX2,-1.4
MyList,GO Biological Processes,19,GO:1903050,regulation of proteolysis involved in protein catabolic process,19_GO:0050789 regulation of biological process,-3.1,9.7,5.6,30284,239,52,4,7.7,3.7,857|991|5347|7018,CAV1|CDC20|PLK1|TF,-1.4
MyList,GO Biological Processes,19,GO:0045930,negative regulation of mitotic cell cycle,19_GO:0048519 negative regulation of biological process,-3.1,9.7,5.6,30284,240,52,4,7.7,3.7,332|991|1063|5347,BIRC5|CDC20|CENPF|PLK1,-1.4
MyList,GO Biological Processes,19,GO:2000060,positive regulation of ubiquitin-dependent protein catabolic process,19_GO:0048518 positive regulation of biological process,-3.1,16,6.6,30284,106,52,3,5.8,3.2,991|5347|7018,CDC20|PLK1|TF,-1.4
MyList,Reactome Gene Sets,6,R-HSA-9610379,HCMV Late Events,,-3.1,16,6.6,30284,106,52,3,5.8,3.2,8340|8969|440689,H2BC13|H2AC11|H2BC18,-1.4
MyList,GO Biological Processes,19,GO:1903320,regulation of protein modification by small protein conjugation or removal,19_GO:0050789 regulation of biological process,-3.1,9.5,5.6,30284,244,52,4,7.7,3.7,857|991|5347|11065,CAV1|CDC20|PLK1|UBE2C,-1.4
MyList,GO Biological Processes,19,GO:0048732,gland development,19_GO:0032502 developmental process,-3.1,6.8,5,30284,428,52,5,9.6,4.1,857|7298|8835|27122|128239,CAV1|TYMS|SOCS2|DKK3|IQGAP3,-1.4
MyList,GO Biological Processes,19,GO:0010389,regulation of G2/M transition of mitotic cell cycle,19_GO:0050789 regulation of biological process,-3.1,16,6.5,30284,109,52,3,5.8,3.2,1063|5347|9928,CENPF|PLK1|KIF14,-1.3
MyList,GO Biological Processes,19,GO:1901873,regulation of post-translational protein modification,19_GO:0050789 regulation of biological process,-3.1,9.4,5.5,30284,249,52,4,7.7,3.7,857|991|5347|11065,CAV1|CDC20|PLK1|UBE2C,-1.3
MyList,WikiPathways,27,WP5115,Network map of SARS CoV 2 signaling,,-3,9.2,5.4,30284,254,52,4,7.7,3.7,332|6241|7018|8836,BIRC5|RRM2|TF|GGH,-1.3
MyList,WikiPathways,27,WP3391,Senescence associated secretory phenotype SASP,,-3,15,6.4,30284,113,52,3,5.8,3.2,890|8340|11065,CCNA2|H2BC13|UBE2C,-1.3
MyList,GO Biological Processes,19,GO:1901988,negative regulation of cell cycle phase transition,19_GO:0048519 negative regulation of biological process,-3,9.1,5.4,30284,256,52,4,7.7,3.7,332|991|1063|5347,BIRC5|CDC20|CENPF|PLK1,-1.3
MyList,GO Biological Processes,19,GO:0007018,microtubule-based movement,19_GO:0009987 cellular process,-3,6.5,4.9,30284,447,52,5,9.6,4.1,9585|9787|9928|11004|146909,KIF20B|DLGAP5|KIF14|KIF2C|KIF18B,-1.3
MyList,GO Biological Processes,19,GO:0006334,nucleosome assembly,19_GO:0009987 cellular process,-2.9,15,6.2,30284,120,52,3,5.8,3.2,3009|3148|8340,H1-5|HMGB2|H2BC13,-1.2
MyList,GO Biological Processes,19,GO:0042325,regulation of phosphorylation,19_GO:0050789 regulation of biological process,-2.9,5,4.5,30284,694,52,6,12,4.4,857|1894|5347|7018|9928|22974,CAV1|ECT2|PLK1|TF|KIF14|TPX2,-1.2
MyList,Reactome Gene Sets,6,R-HSA-9609690,HCMV Early Events,,-2.9,14,6.1,30284,122,52,3,5.8,3.2,8340|8969|440689,H2BC13|H2AC11|H2BC18,-1.2
MyList,GO Biological Processes,19,GO:1902749,regulation of cell cycle G2/M phase transition,19_GO:0050789 regulation of biological process,-2.9,14,6.1,30284,122,52,3,5.8,3.2,1063|5347|9928,CENPF|PLK1|KIF14,-1.2
MyList,Reactome Gene Sets,6,R-HSA-68867,Assembly of the pre-replicative complex,,-2.9,14,6.1,30284,122,52,3,5.8,3.2,8340|11065|51053,H2BC13|UBE2C|GMNN,-1.2
MyList,Reactome Gene Sets,6,R-HSA-8856688,Golgi-to-ER retrograde transport,,-2.9,14,6.1,30284,123,52,3,5.8,3.2,9585|11004|146909,KIF20B|KIF2C|KIF18B,-1.2
MyList,Reactome Gene Sets,6,R-HSA-3214847,HATs acetylate histones,,-2.9,14,6.1,30284,123,52,3,5.8,3.2,8340|8969|440689,H2BC13|H2AC11|H2BC18,-1.2
MyList,GO Biological Processes,19,GO:0030879,mammary gland development,19_GO:0032502 developmental process,-2.9,14,6,30284,127,52,3,5.8,3.2,857|8835|128239,CAV1|SOCS2|IQGAP3,-1.2
MyList,GO Biological Processes,19,GO:0061982,meiosis I cell cycle process,19_GO:0022414 reproductive process,-2.9,14,5.9,30284,128,52,3,5.8,3.2,991|5347|9232,CDC20|PLK1|PTTG1,-1.1
MyList,GO Biological Processes,19,GO:0021987,cerebral cortex development,19_GO:0032502 developmental process,-2.8,13,5.9,30284,130,52,3,5.8,3.2,9928|10460|259266,KIF14|TACC3|ASPM,-1.1
MyList,Reactome Gene Sets,6,R-HSA-69242,S Phase,,-2.8,13,5.9,30284,131,52,3,5.8,3.2,890|11065|51053,CCNA2|UBE2C|GMNN,-1.1
MyList,GO Biological Processes,19,GO:0032434,regulation of proteasomal ubiquitin-dependent protein catabolic process,19_GO:0050789 regulation of biological process,-2.8,13,5.8,30284,132,52,3,5.8,3.2,991|5347|7018,CDC20|PLK1|TF,-1.1
MyList,GO Biological Processes,19,GO:0045862,positive regulation of proteolysis,19_GO:0048518 positive regulation of biological process,-2.8,7.9,4.9,30284,294,52,4,7.7,3.7,857|991|5347|7018,CAV1|CDC20|PLK1|TF,-1.1
MyList,Reactome Gene Sets,6,R-HSA-69002,DNA Replication Pre-Initiation,,-2.8,13,5.7,30284,137,52,3,5.8,3.2,8340|11065|51053,H2BC13|UBE2C|GMNN,-1.1
MyList,GO Biological Processes,19,GO:0051053,negative regulation of DNA metabolic process,19_GO:0048519 negative regulation of biological process,-2.8,13,5.7,30284,138,52,3,5.8,3.2,3009|5347|51053,H1-5|PLK1|GMNN,-1.1
MyList,KEGG Pathway,24,hsa04114,Oocyte meiosis,,-2.8,13,5.7,30284,139,52,3,5.8,3.2,991|5347|9232,CDC20|PLK1|PTTG1,-1.1
MyList,GO Biological Processes,19,GO:0034728,nucleosome organization,19_GO:0009987 cellular process,-2.7,12,5.6,30284,140,52,3,5.8,3.2,3009|3148|8340,H1-5|HMGB2|H2BC13,-1
MyList,Reactome Gene Sets,6,R-HSA-9609646,HCMV Infection,,-2.7,12,5.6,30284,140,52,3,5.8,3.2,8340|8969|440689,H2BC13|H2AC11|H2BC18,-1
MyList,KEGG Pathway,24,hsa05322,Systemic lupus erythematosus,,-2.7,12,5.6,30284,141,52,3,5.8,3.2,8340|8969|440689,H2BC13|H2AC11|H2BC18,-1
MyList,GO Biological Processes,19,GO:0022411,cellular component disassembly,19_GO:0009987 cellular process,-2.7,7.6,4.8,30284,305,52,4,7.7,3.7,5347|11004|23306|146909,PLK1|KIF2C|NEMP1|KIF18B,-1
MyList,GO Biological Processes,19,GO:0000018,regulation of DNA recombination,19_GO:0050789 regulation of biological process,-2.7,12,5.6,30284,142,52,3,5.8,3.2,3009|3838|5347,H1-5|KPNA2|PLK1,-1
MyList,Reactome Gene Sets,6,R-HSA-5693532,DNA Double-Strand Break Repair,,-2.7,12,5.6,30284,143,52,3,5.8,3.2,890|3838|8340,CCNA2|KPNA2|H2BC13,-1
MyList,Reactome Gene Sets,6,R-HSA-983231,Factors involved in megakaryocyte development and platelet production,,-2.7,12,5.4,30284,150,52,3,5.8,3.2,9585|11004|146909,KIF20B|KIF2C|KIF18B,-0.97
MyList,GO Biological Processes,19,GO:0030162,regulation of proteolysis,19_GO:0050789 regulation of biological process,-2.6,5.4,4.3,30284,538,52,5,9.6,4.1,332|857|991|5347|7018,BIRC5|CAV1|CDC20|PLK1|TF,-0.96
MyList,GO Biological Processes,19,GO:0006511,ubiquitin-dependent protein catabolic process,19_GO:0009987 cellular process,-2.6,5.3,4.2,30284,546,52,5,9.6,4.1,991|8835|9928|11065|29128,CDC20|SOCS2|KIF14|UBE2C|UHRF1,-0.93
MyList,GO Biological Processes,19,GO:0019941,modification-dependent protein catabolic process,19_GO:0009987 cellular process,-2.6,5.2,4.2,30284,557,52,5,9.6,4.1,991|8835|9928|11065|29128,CDC20|SOCS2|KIF14|UBE2C|UHRF1,-0.89
MyList,GO Biological Processes,19,GO:0043632,modification-dependent macromolecule catabolic process,19_GO:0009987 cellular process,-2.6,5.2,4.1,30284,562,52,5,9.6,4.1,991|8835|9928|11065|29128,CDC20|SOCS2|KIF14|UBE2C|UHRF1,-0.88
MyList,GO Biological Processes,19,GO:0070507,regulation of microtubule cytoskeleton organization,19_GO:0050789 regulation of biological process,-2.5,11,5.1,30284,166,52,3,5.8,3.2,5347|10460|22974,PLK1|TACC3|TPX2,-0.85
MyList,GO Biological Processes,19,GO:2000058,regulation of ubiquitin-dependent protein catabolic process,19_GO:0050789 regulation of biological process,-2.5,10,5,30284,172,52,3,5.8,3.2,991|5347|7018,CDC20|PLK1|TF,-0.81
MyList,GO Biological Processes,19,GO:0043161,proteasome-mediated ubiquitin-dependent protein catabolic process,19_GO:0009987 cellular process,-2.4,6.4,4.3,30284,365,52,4,7.7,3.7,991|8835|9928|11065,CDC20|SOCS2|KIF14|UBE2C,-0.77
MyList,GO Biological Processes,19,GO:0045859,regulation of protein kinase activity,19_GO:0050789 regulation of biological process,-2.4,6.3,4.3,30284,369,52,4,7.7,3.7,1894|5347|9928|22974,ECT2|PLK1|KIF14|TPX2,-0.75
MyList,Reactome Gene Sets,6,R-HSA-6811442,Intra-Golgi and retrograde Golgi-to-ER traffic,,-2.4,9.5,4.8,30284,183,52,3,5.8,3.2,9585|11004|146909,KIF20B|KIF2C|KIF18B,-0.74
MyList,GO Biological Processes,19,GO:0042176,regulation of protein catabolic process,19_GO:0050789 regulation of biological process,-2.4,6.2,4.2,30284,375,52,4,7.7,3.7,857|991|5347|7018,CAV1|CDC20|PLK1|TF,-0.73
MyList,KEGG Pathway,24,hsa05034,Alcoholism,,-2.4,9.3,4.7,30284,188,52,3,5.8,3.2,8340|8969|440689,H2BC13|H2AC11|H2BC18,-0.71
MyList,Reactome Gene Sets,6,R-HSA-8939211,ESR-mediated signaling,,-2.4,9.3,4.7,30284,188,52,3,5.8,3.2,857|3838|8340,CAV1|KPNA2|H2BC13,-0.71
MyList,KEGG Pathway,24,hsa04613,Neutrophil extracellular trap formation,,-2.3,9.1,4.7,30284,193,52,3,5.8,3.2,8340|8969|440689,H2BC13|H2AC11|H2BC18,-0.67
MyList,GO Biological Processes,19,GO:0021543,pallium development,19_GO:0032502 developmental process,-2.3,9,4.6,30284,194,52,3,5.8,3.2,9928|10460|259266,KIF14|TACC3|ASPM,-0.67
MyList,GO Biological Processes,19,GO:0045664,regulation of neuron differentiation,19_GO:0032502 developmental process,-2.3,9,4.6,30284,195,52,3,5.8,3.2,1894|8835|259266,ECT2|SOCS2|ASPM,-0.66
MyList,Reactome Gene Sets,6,R-HSA-157118,Signaling by NOTCH,,-2.3,8.9,4.6,30284,197,52,3,5.8,3.2,8340|9787|10460,H2BC13|DLGAP5|TACC3,-0.65
MyList,GO Biological Processes,19,GO:0043549,regulation of kinase activity,19_GO:0050789 regulation of biological process,-2.3,5.9,4,30284,397,52,4,7.7,3.7,1894|5347|9928|22974,ECT2|PLK1|KIF14|TPX2,-0.65
MyList,GO Biological Processes,19,GO:0001932,regulation of protein phosphorylation,19_GO:0050789 regulation of biological process,-2.3,4.5,3.7,30284,644,52,5,9.6,4.1,857|1894|5347|9928|22974,CAV1|ECT2|PLK1|KIF14|TPX2,-0.64
MyList,GO Biological Processes,19,GO:0034504,protein localization to nucleus,19_GO:0051179 localization,-2.3,8.7,4.6,30284,200,52,3,5.8,3.2,3838|4001|5347,KPNA2|LMNB1|PLK1,-0.64
MyList,GO Biological Processes,19,GO:0050678,regulation of epithelial cell proliferation,19_GO:0050789 regulation of biological process,-2.3,5.7,4,30284,409,52,4,7.7,3.7,857|3148|29128|128239,CAV1|HMGB2|UHRF1|IQGAP3,-0.61
MyList,GO Biological Processes,19,GO:0051603,proteolysis involved in protein catabolic process,19_GO:0009987 cellular process,-2.3,4.4,3.6,30284,666,52,5,9.6,4.1,991|8835|9928|11065|29128,CDC20|SOCS2|KIF14|UBE2C|UHRF1,-0.58
MyList,GO Biological Processes,19,GO:0045860,positive regulation of protein kinase activity,19_GO:0048518 positive regulation of biological process,-2.2,8.3,4.4,30284,210,52,3,5.8,3.2,1894|9928|22974,ECT2|KIF14|TPX2,-0.58
MyList,WikiPathways,27,WP2004,miR targeted genes in lymphocytes,,-2.2,5.5,3.9,30284,424,52,4,7.7,3.7,5347|7298|29128|128239,PLK1|TYMS|UHRF1|IQGAP3,-0.55
MyList,Reactome Gene Sets,6,R-HSA-4839726,Chromatin organization,,-2.2,8.1,4.3,30284,217,52,3,5.8,3.2,8340|8969|440689,H2BC13|H2AC11|H2BC18,-0.55
MyList,Reactome Gene Sets,6,R-HSA-3247509,Chromatin modifying enzymes,,-2.2,8.1,4.3,30284,217,52,3,5.8,3.2,8340|8969|440689,H2BC13|H2AC11|H2BC18,-0.55
MyList,GO Biological Processes,19,GO:0006302,double-strand break repair,19_GO:0050896 response to stimulus,-2.2,7.9,4.3,30284,220,52,3,5.8,3.2,3148|5347|29128,HMGB2|PLK1|UHRF1,-0.53
MyList,GO Biological Processes,19,GO:0000165,MAPK cascade,19_GO:0050896 response to stimulus,-2.2,7.9,4.3,30284,221,52,3,5.8,3.2,857|7018|128239,CAV1|TF|IQGAP3,-0.53
MyList,Reactome Gene Sets,6,R-HSA-9824446,Viral Infection Pathways,,-2.2,4.2,3.5,30284,692,52,5,9.6,4.1,857|3838|8340|8969|440689,CAV1|KPNA2|H2BC13|H2AC11|H2BC18,-0.52
MyList,GO Biological Processes,19,GO:0033674,positive regulation of kinase activity,19_GO:0048518 positive regulation of biological process,-2.2,7.8,4.2,30284,223,52,3,5.8,3.2,1894|9928|22974,ECT2|KIF14|TPX2,-0.52
MyList,KEGG Pathway,24,hsa05166,Human T-cell leukemia virus 1 infection,,-2.2,7.8,4.2,30284,224,52,3,5.8,3.2,890|991|9232,CCNA2|CDC20|PTTG1,-0.51
MyList,KEGG Pathway,24,hsa04820,Cytoskeleton in muscle cells,,-2.1,7.5,4.1,30284,232,52,3,5.8,3.2,3672|3930|4001,ITGA1|LBR|LMNB1,-0.47
MyList,GO Biological Processes,19,GO:0010498,proteasomal protein catabolic process,19_GO:0009987 cellular process,-2.1,5.1,3.7,30284,454,52,4,7.7,3.7,991|8835|9928|11065,CDC20|SOCS2|KIF14|UBE2C,-0.46
MyList,Reactome Gene Sets,6,R-HSA-9006931,Signaling by Nuclear Receptors,,-2,6.9,3.9,30284,253,52,3,5.8,3.2,857|3838|8340,CAV1|KPNA2|H2BC13,-0.37
MyList,GO Biological Processes,19,GO:0061024,membrane organization,19_GO:0009987 cellular process,-2,3.8,3.3,30284,764,52,5,9.6,4.1,857|4001|5347|23306|55165,CAV1|LMNB1|PLK1|NEMP1|CEP55,-0.35
MyList_MCODE_ALL,GO Biological Processes,19,GO:0051301,cell division,19_GO:0009987 cellular process,-15,41,20,30284,522,14,10,71,12,332|890|991|1894|5347|9585|9928|11004|54443|146909,BIRC5|CCNA2|CDC20|ECT2|PLK1|KIF20B|KIF14|KIF2C|ANLN|KIF18B,-12
MyList_MCODE_ALL,GO Biological Processes,19,GO:1903047,mitotic cell cycle process,19_GO:0009987 cellular process,-13,37,18,30284,523,14,9,64,13,332|890|991|1894|5347|9928|11004|54443|146909,BIRC5|CCNA2|CDC20|ECT2|PLK1|KIF14|KIF2C|ANLN|KIF18B,-9.6
MyList_MCODE_ALL,GO Biological Processes,19,GO:0000278,mitotic cell cycle,19_GO:0009987 cellular process,-12,32,17,30284,603,14,9,64,13,332|890|991|1894|5347|9928|11004|54443|146909,BIRC5|CCNA2|CDC20|ECT2|PLK1|KIF14|KIF2C|ANLN|KIF18B,-9.1
MyList_MCODE_ALL,GO Biological Processes,19,GO:0010564,regulation of cell cycle process,19_GO:0050789 regulation of biological process,-11,25,15,30284,776,14,9,64,13,332|991|1894|4288|5347|9585|9928|11004|54443,BIRC5|CDC20|ECT2|MKI67|PLK1|KIF20B|KIF14|KIF2C|ANLN,-8.1
MyList_MCODE_ALL,GO Biological Processes,19,GO:0000070,mitotic sister chromatid segregation,19_GO:0009987 cellular process,-11,91,23,30284,142,14,6,43,13,332|991|5347|9928|11004|146909,BIRC5|CDC20|PLK1|KIF14|KIF2C|KIF18B,-7.7
MyList_MCODE_ALL,GO Biological Processes,19,GO:0000819,sister chromatid segregation,19_GO:0009987 cellular process,-10,89,23,30284,146,14,6,43,13,332|991|5347|9928|11004|146909,BIRC5|CDC20|PLK1|KIF14|KIF2C|KIF18B,-7.6
MyList_MCODE_ALL,GO Biological Processes,19,GO:0007059,chromosome segregation,19_GO:0009987 cellular process,-10,45,17,30284,335,14,7,50,13,332|991|4288|5347|9928|11004|146909,BIRC5|CDC20|MKI67|PLK1|KIF14|KIF2C|KIF18B,-7.4
MyList_MCODE_ALL,GO Biological Processes,19,GO:0140014,mitotic nuclear division,19_GO:0009987 cellular process,-10,77,21,30284,168,14,6,43,13,332|991|5347|9928|11004|146909,BIRC5|CDC20|PLK1|KIF14|KIF2C|KIF18B,-7.3
MyList_MCODE_ALL,GO Biological Processes,19,GO:0051302,regulation of cell division,19_GO:0050789 regulation of biological process,-9.8,68,20,30284,190,14,6,43,13,332|1894|5347|9585|9928|146909,BIRC5|ECT2|PLK1|KIF20B|KIF14|KIF18B,-7
MyList_MCODE_ALL,GO Biological Processes,19,GO:0032465,regulation of cytokinesis,19_GO:0050789 regulation of biological process,-9.3,1.1e+02,24,30284,95,14,5,36,13,332|1894|5347|9585|9928,BIRC5|ECT2|PLK1|KIF20B|KIF14,-6.6
MyList_MCODE_ALL,GO Biological Processes,19,GO:0098813,nuclear chromosome segregation,19_GO:0009987 cellular process,-9.2,55,18,30284,234,14,6,43,13,332|991|5347|9928|11004|146909,BIRC5|CDC20|PLK1|KIF14|KIF2C|KIF18B,-6.5
MyList_MCODE_ALL,GO Biological Processes,19,GO:0051276,chromosome organization,19_GO:0009987 cellular process,-8.9,30,14,30284,511,14,7,50,13,332|991|3009|5347|9928|11004|146909,BIRC5|CDC20|H1-5|PLK1|KIF14|KIF2C|KIF18B,-6.3
MyList_MCODE_ALL,GO Biological Processes,19,GO:0007346,regulation of mitotic cell cycle,19_GO:0050789 regulation of biological process,-8.8,28,14,30284,533,14,7,50,13,332|991|4288|5347|9585|9928|54443,BIRC5|CDC20|MKI67|PLK1|KIF20B|KIF14|ANLN,-6.2
MyList_MCODE_ALL,GO Biological Processes,19,GO:0007088,regulation of mitotic nuclear division,19_GO:0050789 regulation of biological process,-8.7,89,21,30284,121,14,5,36,13,332|991|4288|5347|9585,BIRC5|CDC20|MKI67|PLK1|KIF20B,-6.2
MyList_MCODE_ALL,GO Biological Processes,19,GO:0051983,regulation of chromosome segregation,19_GO:0050789 regulation of biological process,-8.5,79,20,30284,137,14,5,36,13,332|991|4288|5347|11004,BIRC5|CDC20|MKI67|PLK1|KIF2C,-5.9
MyList_MCODE_ALL,GO Biological Processes,19,GO:0000280,nuclear division,19_GO:0009987 cellular process,-8.4,41,15,30284,320,14,6,43,13,332|991|5347|9928|11004|146909,BIRC5|CDC20|PLK1|KIF14|KIF2C|KIF18B,-5.9
MyList_MCODE_ALL,Reactome Gene Sets,6,R-HSA-194315,Signaling by Rho GTPases,,-8.4,25,13,30284,605,14,7,50,13,991|1894|4001|5347|9928|11004|54443,CDC20|ECT2|LMNB1|PLK1|KIF14|KIF2C|ANLN,-5.9
MyList_MCODE_ALL,Reactome Gene Sets,6,R-HSA-9716542,"Signaling by Rho GTPases, Miro GTPases and RHOBTB3",,-8.4,24,13,30284,619,14,7,50,13,991|1894|4001|5347|9928|11004|54443,CDC20|ECT2|LMNB1|PLK1|KIF14|KIF2C|ANLN,-5.8
MyList_MCODE_ALL,GO Biological Processes,19,GO:0051783,regulation of nuclear division,19_GO:0050789 regulation of biological process,-8.3,74,19,30284,147,14,5,36,13,332|991|4288|5347|9585,BIRC5|CDC20|MKI67|PLK1|KIF20B,-5.8
MyList_MCODE_ALL,GO Biological Processes,19,GO:0048285,organelle fission,19_GO:0009987 cellular process,-8.2,37,15,30284,348,14,6,43,13,332|991|5347|9928|11004|146909,BIRC5|CDC20|PLK1|KIF14|KIF2C|KIF18B,-5.7
MyList_MCODE_ALL,GO Biological Processes,19,GO:0032467,positive regulation of cytokinesis,19_GO:0048518 positive regulation of biological process,-8.2,1.7e+02,26,30284,51,14,4,29,12,332|1894|9585|9928,BIRC5|ECT2|KIF20B|KIF14,-5.6
MyList_MCODE_ALL,GO Biological Processes,19,GO:1903490,positive regulation of mitotic cytokinesis,19_GO:0048518 positive regulation of biological process,-7.6,5e+02,39,30284,13,14,3,21,11,332|1894|9585,BIRC5|ECT2|KIF20B,-5.2
MyList_MCODE_ALL,GO Biological Processes,19,GO:1902412,regulation of mitotic cytokinesis,19_GO:0050789 regulation of biological process,-7.4,4.1e+02,35,30284,16,14,3,21,11,332|1894|9585,BIRC5|ECT2|KIF20B,-5
MyList_MCODE_ALL,GO Biological Processes,19,GO:0000281,mitotic cytokinesis,19_GO:0009987 cellular process,-7.2,97,20,30284,89,14,4,29,12,332|1894|5347|54443,BIRC5|ECT2|PLK1|ANLN,-4.8
MyList_MCODE_ALL,GO Biological Processes,19,GO:0051781,positive regulation of cell division,19_GO:0048518 positive regulation of biological process,-7,87,19,30284,99,14,4,29,12,332|1894|9585|9928,BIRC5|ECT2|KIF20B|KIF14,-4.7
MyList_MCODE_ALL,GO Biological Processes,19,GO:0090068,positive regulation of cell cycle process,19_GO:0048518 positive regulation of biological process,-7,40,14,30284,273,14,5,36,13,332|991|1894|9585|9928,BIRC5|CDC20|ECT2|KIF20B|KIF14,-4.6
MyList_MCODE_ALL,GO Biological Processes,19,GO:0061640,cytoskeleton-dependent cytokinesis,19_GO:0009987 cellular process,-6.7,74,17,30284,117,14,4,29,12,332|1894|5347|54443,BIRC5|ECT2|PLK1|ANLN,-4.4
MyList_MCODE_ALL,GO Biological Processes,19,GO:0000910,cytokinesis,19_GO:0009987 cellular process,-6.7,73,17,30284,119,14,4,29,12,332|1894|5347|54443,BIRC5|ECT2|PLK1|ANLN,-4.4
MyList_MCODE_ALL,GO Biological Processes,19,GO:0071174,mitotic spindle checkpoint signaling,19_GO:0048519 negative regulation of biological process,-6.5,2.2e+02,25,30284,30,14,3,21,11,332|991|5347,BIRC5|CDC20|PLK1,-4.3
MyList_MCODE_ALL,GO Biological Processes,19,GO:0071173,spindle assembly checkpoint signaling,19_GO:0048519 negative regulation of biological process,-6.5,2.2e+02,25,30284,30,14,3,21,11,332|991|5347,BIRC5|CDC20|PLK1,-4.3
MyList_MCODE_ALL,GO Biological Processes,19,GO:0007094,mitotic spindle assembly checkpoint signaling,19_GO:0048519 negative regulation of biological process,-6.5,2.2e+02,25,30284,30,14,3,21,11,332|991|5347,BIRC5|CDC20|PLK1,-4.3
MyList_MCODE_ALL,GO Biological Processes,19,GO:0045787,positive regulation of cell cycle,19_GO:0048518 positive regulation of biological process,-6.5,32,12,30284,343,14,5,36,13,332|991|1894|9585|9928,BIRC5|CDC20|ECT2|KIF20B|KIF14,-4.3
MyList_MCODE_ALL,GO Biological Processes,19,GO:0031577,spindle checkpoint signaling,19_GO:0048519 negative regulation of biological process,-6.5,2.1e+02,25,30284,31,14,3,21,11,332|991|5347,BIRC5|CDC20|PLK1,-4.2
MyList_MCODE_ALL,GO Biological Processes,19,GO:0033046,negative regulation of sister chromatid segregation,19_GO:0048519 negative regulation of biological process,-6.4,2e+02,24,30284,33,14,3,21,11,332|991|5347,BIRC5|CDC20|PLK1,-4.2
MyList_MCODE_ALL,GO Biological Processes,19,GO:0045841,negative regulation of mitotic metaphase/anaphase transition,19_GO:0048519 negative regulation of biological process,-6.4,2e+02,24,30284,33,14,3,21,11,332|991|5347,BIRC5|CDC20|PLK1,-4.2
MyList_MCODE_ALL,GO Biological Processes,19,GO:0033048,negative regulation of mitotic sister chromatid segregation,19_GO:0048519 negative regulation of biological process,-6.4,2e+02,24,30284,33,14,3,21,11,332|991|5347,BIRC5|CDC20|PLK1,-4.2
MyList_MCODE_ALL,GO Biological Processes,19,GO:2000816,negative regulation of mitotic sister chromatid separation,19_GO:0048519 negative regulation of biological process,-6.4,2e+02,24,30284,33,14,3,21,11,332|991|5347,BIRC5|CDC20|PLK1,-4.2
MyList_MCODE_ALL,GO Biological Processes,19,GO:1901990,regulation of mitotic cell cycle phase transition,19_GO:0050789 regulation of biological process,-6.3,29,12,30284,371,14,5,36,13,332|991|5347|9928|54443,BIRC5|CDC20|PLK1|KIF14|ANLN,-4.1
MyList_MCODE_ALL,GO Biological Processes,19,GO:1905819,negative regulation of chromosome separation,19_GO:0048519 negative regulation of biological process,-6.3,1.9e+02,23,30284,35,14,3,21,11,332|991|5347,BIRC5|CDC20|PLK1,-4.1
MyList_MCODE_ALL,GO Biological Processes,19,GO:1902100,negative regulation of metaphase/anaphase transition of cell cycle,19_GO:0048519 negative regulation of biological process,-6.3,1.9e+02,23,30284,35,14,3,21,11,332|991|5347,BIRC5|CDC20|PLK1,-4.1
MyList_MCODE_ALL,GO Biological Processes,19,GO:0051985,negative regulation of chromosome segregation,19_GO:0048519 negative regulation of biological process,-6.3,1.8e+02,23,30284,36,14,3,21,11,332|991|5347,BIRC5|CDC20|PLK1,-4.1
MyList_MCODE_ALL,GO Biological Processes,19,GO:0044770,cell cycle phase transition,19_GO:0009987 cellular process,-6.2,54,15,30284,159,14,4,29,12,332|890|991|5347,BIRC5|CCNA2|CDC20|PLK1,-4
MyList_MCODE_ALL,Canonical Pathways,11,M176,PID FOXM1 PATHWAY,,-6.1,1.6e+02,22,30284,40,14,3,21,11,332|890|5347,BIRC5|CCNA2|PLK1,-4
MyList_MCODE_ALL,GO Biological Processes,19,GO:0045839,negative regulation of mitotic nuclear division,19_GO:0048519 negative regulation of biological process,-6.1,1.6e+02,22,30284,41,14,3,21,11,332|991|5347,BIRC5|CDC20|PLK1,-3.9
MyList_MCODE_ALL,GO Biological Processes,19,GO:0051656,establishment of organelle localization,19_GO:0051179 localization,-6,25,11,30284,425,14,5,36,13,332|4001|5347|9928|11004,BIRC5|LMNB1|PLK1|KIF14|KIF2C,-3.9
MyList_MCODE_ALL,Canonical Pathways,11,M129,PID PLK1 PATHWAY,,-5.9,1.4e+02,20,30284,46,14,3,21,11,991|1894|5347,CDC20|ECT2|PLK1,-3.8
MyList_MCODE_ALL,GO Biological Processes,19,GO:0051784,negative regulation of nuclear division,19_GO:0048519 negative regulation of biological process,-5.9,1.4e+02,20,30284,47,14,3,21,11,332|991|5347,BIRC5|CDC20|PLK1,-3.8
MyList_MCODE_ALL,Reactome Gene Sets,6,R-HSA-68882,Mitotic Anaphase,,-5.9,47,13,30284,186,14,4,29,12,991|4001|5347|11004,CDC20|LMNB1|PLK1|KIF2C,-3.8
MyList_MCODE_ALL,Reactome Gene Sets,6,R-HSA-2555396,Mitotic Metaphase and Anaphase,,-5.9,46,13,30284,187,14,4,29,12,991|4001|5347|11004,CDC20|LMNB1|PLK1|KIF2C,-3.8
MyList_MCODE_ALL,GO Biological Processes,19,GO:0000086,G2/M transition of mitotic cell cycle,19_GO:0009987 cellular process,-5.8,1.3e+02,20,30284,50,14,3,21,11,332|890|5347,BIRC5|CCNA2|PLK1,-3.7
MyList_MCODE_ALL,KEGG Pathway,24,hsa04814,Motor proteins,,-5.8,44,13,30284,197,14,4,29,12,9585|9928|11004|146909,KIF20B|KIF14|KIF2C|KIF18B,-3.7
MyList_MCODE_ALL,Reactome Gene Sets,6,R-HSA-69278,"Cell Cycle, Mitotic",,-5.8,23,10,30284,475,14,5,36,13,890|991|4001|5347|11004,CCNA2|CDC20|LMNB1|PLK1|KIF2C,-3.7
MyList_MCODE_ALL,GO Biological Processes,19,GO:1901987,regulation of cell cycle phase transition,19_GO:0050789 regulation of biological process,-5.8,23,10,30284,480,14,5,36,13,332|991|5347|9928|54443,BIRC5|CDC20|PLK1|KIF14|ANLN,-3.7
MyList_MCODE_ALL,Reactome Gene Sets,6,R-HSA-983189,Kinesins,,-5.7,1.2e+02,19,30284,54,14,3,21,11,9585|11004|146909,KIF20B|KIF2C|KIF18B,-3.6
MyList_MCODE_ALL,GO Biological Processes,19,GO:0044839,cell cycle G2/M phase transition,19_GO:0009987 cellular process,-5.7,1.2e+02,19,30284,55,14,3,21,11,332|890|5347,BIRC5|CCNA2|PLK1,-3.6
MyList_MCODE_ALL,Reactome Gene Sets,6,R-HSA-176814,Activation of APC/C and APC/C:Cdc20 mediated degradation of mitotic proteins,,-5.7,1.2e+02,19,30284,55,14,3,21,11,890|991|5347,CCNA2|CDC20|PLK1,-3.6
MyList_MCODE_ALL,Reactome Gene Sets,6,R-HSA-176408,Regulation of APC/C activators between G1/S and early anaphase,,-5.6,1.1e+02,18,30284,57,14,3,21,11,890|991|5347,CCNA2|CDC20|PLK1,-3.6
MyList_MCODE_ALL,GO Biological Processes,19,GO:0033047,regulation of mitotic sister chromatid segregation,19_GO:0050789 regulation of biological process,-5.6,1.1e+02,18,30284,58,14,3,21,11,332|991|5347,BIRC5|CDC20|PLK1,-3.6
MyList_MCODE_ALL,GO Biological Processes,19,GO:0010965,regulation of mitotic sister chromatid separation,19_GO:0050789 regulation of biological process,-5.5,1e+02,18,30284,62,14,3,21,11,332|991|5347,BIRC5|CDC20|PLK1,-3.5
MyList_MCODE_ALL,Reactome Gene Sets,6,R-HSA-174143,APC/C-mediated degradation of cell cycle proteins,,-5.5,1e+02,17,30284,63,14,3,21,11,890|991|5347,CCNA2|CDC20|PLK1,-3.5
MyList_MCODE_ALL,Reactome Gene Sets,6,R-HSA-453276,Regulation of mitotic cell cycle,,-5.5,1e+02,17,30284,63,14,3,21,11,890|991|5347,CCNA2|CDC20|PLK1,-3.5
MyList_MCODE_ALL,GO Biological Processes,19,GO:0051640,organelle localization,19_GO:0051179 localization,-5.5,20,9.5,30284,551,14,5,36,13,332|4001|5347|9928|11004,BIRC5|LMNB1|PLK1|KIF14|KIF2C,-3.4
MyList_MCODE_ALL,Reactome Gene Sets,6,R-HSA-69620,Cell Cycle Checkpoints,,-5.5,37,12,30284,237,14,4,29,12,890|991|5347|11004,CCNA2|CDC20|PLK1|KIF2C,-3.4
MyList_MCODE_ALL,GO Biological Processes,19,GO:0000226,microtubule cytoskeleton organization,19_GO:0009987 cellular process,-5.4,19,9.2,30284,578,14,5,36,13,332|991|5347|11004|146909,BIRC5|CDC20|PLK1|KIF2C|KIF18B,-3.4
MyList_MCODE_ALL,Reactome Gene Sets,6,R-HSA-1640170,Cell Cycle,,-5.3,19,9.2,30284,584,14,5,36,13,890|991|4001|5347|11004,CCNA2|CDC20|LMNB1|PLK1|KIF2C,-3.3
MyList_MCODE_ALL,GO Biological Processes,19,GO:0051347,positive regulation of transferase activity,19_GO:0065007 biological regulation,-5.3,33,11,30284,264,14,4,29,12,991|1894|5347|9928,CDC20|ECT2|PLK1|KIF14,-3.3
MyList_MCODE_ALL,GO Biological Processes,19,GO:1905818,regulation of chromosome separation,19_GO:0050789 regulation of biological process,-5.2,84,16,30284,77,14,3,21,11,332|991|5347,BIRC5|CDC20|PLK1,-3.3
MyList_MCODE_ALL,Reactome Gene Sets,6,R-HSA-141424,Amplification of signal from the kinetochores,,-5.2,82,16,30284,79,14,3,21,11,991|5347|11004,CDC20|PLK1|KIF2C,-3.2
MyList_MCODE_ALL,Reactome Gene Sets,6,R-HSA-141444,Amplification  of signal from unattached  kinetochores via a MAD2  inhibitory signal,,-5.2,82,16,30284,79,14,3,21,11,991|5347|11004,CDC20|PLK1|KIF2C,-3.2
MyList_MCODE_ALL,Reactome Gene Sets,6,R-HSA-195258,RHO GTPase Effectors,,-5.2,31,11,30284,278,14,4,29,12,991|5347|9928|11004,CDC20|PLK1|KIF14|KIF2C,-3.2
MyList_MCODE_ALL,GO Biological Processes,19,GO:2001251,negative regulation of chromosome organization,19_GO:0048519 negative regulation of biological process,-5.2,79,15,30284,82,14,3,21,11,332|991|5347,BIRC5|CDC20|PLK1,-3.2
MyList_MCODE_ALL,GO Biological Processes,19,GO:0030071,regulation of mitotic metaphase/anaphase transition,19_GO:0050789 regulation of biological process,-5,70,14,30284,93,14,3,21,11,332|991|5347,BIRC5|CDC20|PLK1,-3.1
MyList_MCODE_ALL,Reactome Gene Sets,6,R-HSA-6811434,COPI-dependent Golgi-to-ER retrograde traffic,,-5,70,14,30284,93,14,3,21,11,9585|11004|146909,KIF20B|KIF2C|KIF18B,-3.1
MyList_MCODE_ALL,Reactome Gene Sets,6,R-HSA-69618,Mitotic Spindle Checkpoint,,-5,70,14,30284,93,14,3,21,11,991|5347|11004,CDC20|PLK1|KIF2C,-3.1
MyList_MCODE_ALL,GO Biological Processes,19,GO:0051303,establishment of chromosome localization,19_GO:0051179 localization,-5,68,14,30284,96,14,3,21,11,332|9928|11004,BIRC5|KIF14|KIF2C,-3
MyList_MCODE_ALL,GO Biological Processes,19,GO:1902099,regulation of metaphase/anaphase transition of cell cycle,19_GO:0050789 regulation of biological process,-5,68,14,30284,96,14,3,21,11,332|991|5347,BIRC5|CDC20|PLK1,-3
MyList_MCODE_ALL,Reactome Gene Sets,6,R-HSA-9648025,EML4 and NUDC in mitotic spindle formation,,-4.9,66,14,30284,99,14,3,21,11,991|5347|11004,CDC20|PLK1|KIF2C,-3
MyList_MCODE_ALL,GO Biological Processes,19,GO:0007052,mitotic spindle organization,19_GO:0009987 cellular process,-4.9,66,14,30284,99,14,3,21,11,332|991|5347,BIRC5|CDC20|PLK1,-3
MyList_MCODE_ALL,GO Biological Processes,19,GO:0050000,chromosome localization,19_GO:0051179 localization,-4.9,62,13,30284,104,14,3,21,11,332|9928|11004,BIRC5|KIF14|KIF2C,-2.9
MyList_MCODE_ALL,Reactome Gene Sets,6,R-HSA-2500257,Resolution of Sister Chromatid Cohesion,,-4.8,61,13,30284,107,14,3,21,11,991|5347|11004,CDC20|PLK1|KIF2C,-2.9
MyList_MCODE_ALL,GO Biological Processes,19,GO:0033045,regulation of sister chromatid segregation,19_GO:0050789 regulation of biological process,-4.8,60,13,30284,108,14,3,21,11,332|991|5347,BIRC5|CDC20|PLK1,-2.9
MyList_MCODE_ALL,Reactome Gene Sets,6,R-HSA-68886,M Phase,,-4.8,24,9.5,30284,354,14,4,29,12,991|4001|5347|11004,CDC20|LMNB1|PLK1|KIF2C,-2.9
MyList_MCODE_ALL,Reactome Gene Sets,6,R-HSA-5663220,RHO GTPases Activate Formins,,-4.7,55,13,30284,117,14,3,21,11,991|5347|11004,CDC20|PLK1|KIF2C,-2.8
MyList_MCODE_ALL,GO Biological Processes,19,GO:0033365,protein localization to organelle,19_GO:0051179 localization,-4.7,14,7.8,30284,794,14,5,36,13,3009|3838|4001|5347|9585,H1-5|KPNA2|LMNB1|PLK1|KIF20B,-2.8
MyList_MCODE_ALL,WikiPathways,27,WP179,Cell cycle,,-4.7,54,13,30284,120,14,3,21,11,890|991|5347,CCNA2|CDC20|PLK1,-2.8
MyList_MCODE_ALL,Reactome Gene Sets,6,R-HSA-9012999,RHO GTPase cycle,,-4.6,23,9.2,30284,382,14,4,29,12,1894|4001|9928|54443,ECT2|LMNB1|KIF14|ANLN,-2.7
MyList_MCODE_ALL,Reactome Gene Sets,6,R-HSA-8856688,Golgi-to-ER retrograde transport,,-4.6,53,12,30284,123,14,3,21,11,9585|11004|146909,KIF20B|KIF2C|KIF18B,-2.7
MyList_MCODE_ALL,GO Biological Processes,19,GO:0007093,mitotic cell cycle checkpoint signaling,19_GO:0048519 negative regulation of biological process,-4.5,49,12,30284,133,14,3,21,11,332|991|5347,BIRC5|CDC20|PLK1,-2.6
MyList_MCODE_ALL,GO Biological Processes,19,GO:1902850,microtubule cytoskeleton organization involved in mitosis,19_GO:0009987 cellular process,-4.5,48,12,30284,135,14,3,21,11,332|991|5347,BIRC5|CDC20|PLK1,-2.6
MyList_MCODE_ALL,GO Biological Processes,19,GO:0000018,regulation of DNA recombination,19_GO:0050789 regulation of biological process,-4.5,46,11,30284,142,14,3,21,11,3009|3838|5347,H1-5|KPNA2|PLK1,-2.6
MyList_MCODE_ALL,GO Biological Processes,19,GO:0044772,mitotic cell cycle phase transition,19_GO:0009987 cellular process,-4.4,44,11,30284,146,14,3,21,11,332|890|5347,BIRC5|CCNA2|PLK1,-2.5
MyList_MCODE_ALL,Reactome Gene Sets,6,R-HSA-2467813,Separation of Sister Chromatids,,-4.4,43,11,30284,150,14,3,21,11,991|5347|11004,CDC20|PLK1|KIF2C,-2.5
MyList_MCODE_ALL,Reactome Gene Sets,6,R-HSA-983231,Factors involved in megakaryocyte development and platelet production,,-4.4,43,11,30284,150,14,3,21,11,9585|11004|146909,KIF20B|KIF2C|KIF18B,-2.5
MyList_MCODE_ALL,GO Biological Processes,19,GO:0007018,microtubule-based movement,19_GO:0009987 cellular process,-4.4,19,8.4,30284,447,14,4,29,12,9585|9928|11004|146909,KIF20B|KIF14|KIF2C|KIF18B,-2.5
MyList_MCODE_ALL,GO Biological Processes,19,GO:0051338,regulation of transferase activity,19_GO:0065007 biological regulation,-4.3,19,8.2,30284,464,14,4,29,12,991|1894|5347|9928,CDC20|ECT2|PLK1|KIF14,-2.5
MyList_MCODE_ALL,KEGG Pathway,24,hsa04110,Cell cycle,,-4.3,41,11,30284,158,14,3,21,11,890|991|5347,CCNA2|CDC20|PLK1,-2.5
MyList_MCODE_ALL,GO Biological Processes,19,GO:0007051,spindle organization,19_GO:0009987 cellular process,-4.2,38,10,30284,169,14,3,21,11,332|991|5347,BIRC5|CDC20|PLK1,-2.4
MyList_MCODE_ALL,GO Biological Processes,19,GO:0000075,cell cycle checkpoint signaling,19_GO:0048519 negative regulation of biological process,-4.2,38,10,30284,169,14,3,21,11,332|991|5347,BIRC5|CDC20|PLK1,-2.4
MyList_MCODE_ALL,Reactome Gene Sets,6,R-HSA-68877,Mitotic Prometaphase,,-4.2,38,10,30284,173,14,3,21,11,991|5347|11004,CDC20|PLK1|KIF2C,-2.4
MyList_MCODE_ALL,GO Biological Processes,19,GO:0051052,regulation of DNA metabolic process,19_GO:0050789 regulation of biological process,-4.2,17,7.9,30284,505,14,4,29,12,890|3009|3838|5347,CCNA2|H1-5|KPNA2|PLK1,-2.3
MyList_MCODE_ALL,Reactome Gene Sets,6,R-HSA-6811442,Intra-Golgi and retrograde Golgi-to-ER traffic,,-4.1,35,10,30284,183,14,3,21,11,9585|11004|146909,KIF20B|KIF2C|KIF18B,-2.3
MyList_MCODE_ALL,GO Biological Processes,19,GO:1901991,negative regulation of mitotic cell cycle phase transition,19_GO:0048519 negative regulation of biological process,-4.1,34,9.8,30284,191,14,3,21,11,332|991|5347,BIRC5|CDC20|PLK1,-2.2
MyList_MCODE_ALL,GO Biological Processes,19,GO:0034504,protein localization to nucleus,19_GO:0051179 localization,-4,32,9.6,30284,200,14,3,21,11,3838|4001|5347,KPNA2|LMNB1|PLK1,-2.2
MyList_MCODE_ALL,GO Biological Processes,19,GO:0031401,positive regulation of protein modification process,19_GO:0048518 positive regulation of biological process,-4,15,7.3,30284,574,14,4,29,12,991|1894|5347|9928,CDC20|ECT2|PLK1|KIF14,-2.1
MyList_MCODE_ALL,GO Biological Processes,19,GO:0043085,positive regulation of catalytic activity,19_GO:0065007 biological regulation,-3.9,15,7.3,30284,584,14,4,29,12,991|1894|5347|9928,CDC20|ECT2|PLK1|KIF14,-2.1
MyList_MCODE_ALL,GO Biological Processes,19,GO:0045930,negative regulation of mitotic cell cycle,19_GO:0048519 negative regulation of biological process,-3.8,27,8.7,30284,240,14,3,21,11,332|991|5347,BIRC5|CDC20|PLK1,-2
MyList_MCODE_ALL,GO Biological Processes,19,GO:0033044,regulation of chromosome organization,19_GO:0050789 regulation of biological process,-3.7,26,8.6,30284,246,14,3,21,11,332|991|5347,BIRC5|CDC20|PLK1,-2
MyList_MCODE_ALL,GO Biological Processes,19,GO:1901988,negative regulation of cell cycle phase transition,19_GO:0048519 negative regulation of biological process,-3.7,25,8.4,30284,256,14,3,21,11,332|991|5347,BIRC5|CDC20|PLK1,-1.9
MyList_MCODE_ALL,GO Biological Processes,19,GO:0051129,negative regulation of cellular component organization,19_GO:0048519 negative regulation of biological process,-3.6,12,6.4,30284,730,14,4,29,12,332|991|5347|9928,BIRC5|CDC20|PLK1|KIF14,-1.8
MyList_MCODE_ALL,GO Biological Processes,19,GO:0010948,negative regulation of cell cycle process,19_GO:0048519 negative regulation of biological process,-3.5,21,7.7,30284,303,14,3,21,11,332|991|5347,BIRC5|CDC20|PLK1,-1.7
MyList_MCODE_ALL,GO Biological Processes,19,GO:0022411,cellular component disassembly,19_GO:0009987 cellular process,-3.5,21,7.7,30284,305,14,3,21,11,5347|11004|146909,PLK1|KIF2C|KIF18B,-1.7
MyList_MCODE_ALL,GO Biological Processes,19,GO:0010639,negative regulation of organelle organization,19_GO:0048519 negative regulation of biological process,-3.3,19,7.1,30284,348,14,3,21,11,332|991|5347,BIRC5|CDC20|PLK1,-1.6
MyList_MCODE_ALL,GO Biological Processes,19,GO:0140694,membraneless organelle assembly,19_GO:0009987 cellular process,-3.3,18,7.1,30284,352,14,3,21,11,332|991|54443,BIRC5|CDC20|ANLN,-1.5
MyList_MCODE_ALL,GO Biological Processes,19,GO:0045859,regulation of protein kinase activity,19_GO:0050789 regulation of biological process,-3.2,18,6.9,30284,369,14,3,21,11,1894|5347|9928,ECT2|PLK1|KIF14,-1.5
MyList_MCODE_ALL,GO Biological Processes,19,GO:0045786,negative regulation of cell cycle,19_GO:0048519 negative regulation of biological process,-3.2,17,6.7,30284,392,14,3,21,11,332|991|5347,BIRC5|CDC20|PLK1,-1.4
MyList_MCODE_ALL,GO Biological Processes,19,GO:0043549,regulation of kinase activity,19_GO:0050789 regulation of biological process,-3.1,16,6.6,30284,397,14,3,21,11,1894|5347|9928,ECT2|PLK1|KIF14,-1.4
MyList_MCODE_ALL,GO Biological Processes,19,GO:0001934,positive regulation of protein phosphorylation,19_GO:0048518 positive regulation of biological process,-3.1,16,6.5,30284,414,14,3,21,11,1894|5347|9928,ECT2|PLK1|KIF14,-1.4
MyList_MCODE_ALL,GO Biological Processes,19,GO:0042327,positive regulation of phosphorylation,19_GO:0048518 positive regulation of biological process,-3,15,6.3,30284,437,14,3,21,11,1894|5347|9928,ECT2|PLK1|KIF14,-1.3
MyList_MCODE_ALL,GO Biological Processes,19,GO:0045937,positive regulation of phosphate metabolic process,19_GO:0048518 positive regulation of biological process,-2.9,13,5.9,30284,493,14,3,21,11,1894|5347|9928,ECT2|PLK1|KIF14,-1.2
MyList_MCODE_ALL,GO Biological Processes,19,GO:0010562,positive regulation of phosphorus metabolic process,19_GO:0048518 positive regulation of biological process,-2.9,13,5.9,30284,493,14,3,21,11,1894|5347|9928,ECT2|PLK1|KIF14,-1.2
MyList_MCODE_ALL,GO Biological Processes,19,GO:1903829,positive regulation of protein localization,19_GO:0051179 localization,-2.8,13,5.8,30284,499,14,3,21,11,1894|5347|9585,ECT2|PLK1|KIF20B,-1.1
MyList_MCODE_ALL,Reactome Gene Sets,6,R-HSA-109582,Hemostasis,,-2.8,12,5.6,30284,535,14,3,21,11,9585|11004|146909,KIF20B|KIF2C|KIF18B,-1.1
MyList_MCODE_ALL,GO Biological Processes,19,GO:0030162,regulation of proteolysis,19_GO:0050789 regulation of biological process,-2.8,12,5.6,30284,538,14,3,21,11,332|991|5347,BIRC5|CDC20|PLK1,-1.1
MyList_MCODE_ALL,Reactome Gene Sets,6,R-HSA-199991,Membrane Trafficking,,-2.7,12,5.5,30284,553,14,3,21,11,9585|11004|146909,KIF20B|KIF2C|KIF18B,-1
MyList_MCODE_ALL,Reactome Gene Sets,6,R-HSA-5653656,Vesicle-mediated transport,,-2.7,11,5.3,30284,585,14,3,21,11,9585|11004|146909,KIF20B|KIF2C|KIF18B,-0.96
MyList_MCODE_ALL,GO Biological Processes,19,GO:0001932,regulation of protein phosphorylation,19_GO:0050789 regulation of biological process,-2.5,10,5,30284,644,14,3,21,11,1894|5347|9928,ECT2|PLK1|KIF14,-0.85
MyList_MCODE_ALL,GO Biological Processes,19,GO:0042325,regulation of phosphorylation,19_GO:0050789 regulation of biological process,-2.4,9.4,4.8,30284,694,14,3,21,11,1894|5347|9928,ECT2|PLK1|KIF14,-0.76
MyList_SUB1_MCODE_1,GO Biological Processes,19,GO:0010564,regulation of cell cycle process,19_GO:0050789 regulation of biological process,-10,34,15,30284,776,8,7,88,12,332|991|1894|4288|5347|11004|54443,BIRC5|CDC20|ECT2|MKI67|PLK1|KIF2C|ANLN,-7.4
MyList_SUB1_MCODE_1,GO Biological Processes,19,GO:0051983,regulation of chromosome segregation,19_GO:0050789 regulation of biological process,-10,1.4e+02,26,30284,137,8,5,62,17,332|991|4288|5347|11004,BIRC5|CDC20|MKI67|PLK1|KIF2C,-7.2
MyList_SUB1_MCODE_1,GO Biological Processes,19,GO:0051301,cell division,19_GO:0009987 cellular process,-9.2,44,16,30284,522,8,6,75,15,332|991|1894|5347|11004|54443,BIRC5|CDC20|ECT2|PLK1|KIF2C|ANLN,-6.5
MyList_SUB1_MCODE_1,GO Biological Processes,19,GO:1903047,mitotic cell cycle process,19_GO:0009987 cellular process,-9.2,43,16,30284,523,8,6,75,15,332|991|1894|5347|11004|54443,BIRC5|CDC20|ECT2|PLK1|KIF2C|ANLN,-6.5
MyList_SUB1_MCODE_1,GO Biological Processes,19,GO:0000278,mitotic cell cycle,19_GO:0009987 cellular process,-8.8,38,15,30284,603,8,6,75,15,332|991|1894|5347|11004|54443,BIRC5|CDC20|ECT2|PLK1|KIF2C|ANLN,-6.2
MyList_SUB1_MCODE_1,GO Biological Processes,19,GO:0000281,mitotic cytokinesis,19_GO:0009987 cellular process,-8.3,1.7e+02,26,30284,89,8,4,50,18,332|1894|5347|54443,BIRC5|ECT2|PLK1|ANLN,-5.8
MyList_SUB1_MCODE_1,GO Biological Processes,19,GO:0007059,chromosome segregation,19_GO:0009987 cellular process,-8.1,56,17,30284,335,8,5,62,17,332|991|4288|5347|11004,BIRC5|CDC20|MKI67|PLK1|KIF2C,-5.6
MyList_SUB1_MCODE_1,GO Biological Processes,19,GO:0061640,cytoskeleton-dependent cytokinesis,19_GO:0009987 cellular process,-7.8,1.3e+02,23,30284,117,8,4,50,18,332|1894|5347|54443,BIRC5|ECT2|PLK1|ANLN,-5.4
MyList_SUB1_MCODE_1,GO Biological Processes,19,GO:0000910,cytokinesis,19_GO:0009987 cellular process,-7.8,1.3e+02,22,30284,119,8,4,50,18,332|1894|5347|54443,BIRC5|ECT2|PLK1|ANLN,-5.3
MyList_SUB1_MCODE_1,GO Biological Processes,19,GO:0007088,regulation of mitotic nuclear division,19_GO:0050789 regulation of biological process,-7.8,1.3e+02,22,30284,121,8,4,50,18,332|991|4288|5347,BIRC5|CDC20|MKI67|PLK1,-5.3
MyList_SUB1_MCODE_1,GO Biological Processes,19,GO:0000070,mitotic sister chromatid segregation,19_GO:0009987 cellular process,-7.5,1.1e+02,21,30284,142,8,4,50,18,332|991|5347|11004,BIRC5|CDC20|PLK1|KIF2C,-5.1
MyList_SUB1_MCODE_1,GO Biological Processes,19,GO:0000819,sister chromatid segregation,19_GO:0009987 cellular process,-7.4,1e+02,20,30284,146,8,4,50,18,332|991|5347|11004,BIRC5|CDC20|PLK1|KIF2C,-5
MyList_SUB1_MCODE_1,GO Biological Processes,19,GO:0051783,regulation of nuclear division,19_GO:0050789 regulation of biological process,-7.4,1e+02,20,30284,147,8,4,50,18,332|991|4288|5347,BIRC5|CDC20|MKI67|PLK1,-5
MyList_SUB1_MCODE_1,GO Biological Processes,19,GO:0007094,mitotic spindle assembly checkpoint signaling,19_GO:0048519 negative regulation of biological process,-7.3,3.8e+02,34,30284,30,8,3,38,17,332|991|5347,BIRC5|CDC20|PLK1,-4.9
MyList_SUB1_MCODE_1,GO Biological Processes,19,GO:0071174,mitotic spindle checkpoint signaling,19_GO:0048519 negative regulation of biological process,-7.3,3.8e+02,34,30284,30,8,3,38,17,332|991|5347,BIRC5|CDC20|PLK1,-4.9
MyList_SUB1_MCODE_1,GO Biological Processes,19,GO:0071173,spindle assembly checkpoint signaling,19_GO:0048519 negative regulation of biological process,-7.3,3.8e+02,34,30284,30,8,3,38,17,332|991|5347,BIRC5|CDC20|PLK1,-4.9
MyList_SUB1_MCODE_1,GO Biological Processes,19,GO:0031577,spindle checkpoint signaling,19_GO:0048519 negative regulation of biological process,-7.3,3.7e+02,33,30284,31,8,3,38,17,332|991|5347,BIRC5|CDC20|PLK1,-4.9
MyList_SUB1_MCODE_1,GO Biological Processes,19,GO:0140014,mitotic nuclear division,19_GO:0009987 cellular process,-7.2,90,19,30284,168,8,4,50,18,332|991|5347|11004,BIRC5|CDC20|PLK1|KIF2C,-4.8
MyList_SUB1_MCODE_1,GO Biological Processes,19,GO:0045841,negative regulation of mitotic metaphase/anaphase transition,19_GO:0048519 negative regulation of biological process,-7.2,3.4e+02,32,30284,33,8,3,38,17,332|991|5347,BIRC5|CDC20|PLK1,-4.8
MyList_SUB1_MCODE_1,GO Biological Processes,19,GO:0033048,negative regulation of mitotic sister chromatid segregation,19_GO:0048519 negative regulation of biological process,-7.2,3.4e+02,32,30284,33,8,3,38,17,332|991|5347,BIRC5|CDC20|PLK1,-4.8
MyList_SUB1_MCODE_1,GO Biological Processes,19,GO:0033046,negative regulation of sister chromatid segregation,19_GO:0048519 negative regulation of biological process,-7.2,3.4e+02,32,30284,33,8,3,38,17,332|991|5347,BIRC5|CDC20|PLK1,-4.8
MyList_SUB1_MCODE_1,GO Biological Processes,19,GO:2000816,negative regulation of mitotic sister chromatid separation,19_GO:0048519 negative regulation of biological process,-7.2,3.4e+02,32,30284,33,8,3,38,17,332|991|5347,BIRC5|CDC20|PLK1,-4.8
MyList_SUB1_MCODE_1,GO Biological Processes,19,GO:1905819,negative regulation of chromosome separation,19_GO:0048519 negative regulation of biological process,-7.1,3.2e+02,31,30284,35,8,3,38,17,332|991|5347,BIRC5|CDC20|PLK1,-4.8
MyList_SUB1_MCODE_1,GO Biological Processes,19,GO:1902100,negative regulation of metaphase/anaphase transition of cell cycle,19_GO:0048519 negative regulation of biological process,-7.1,3.2e+02,31,30284,35,8,3,38,17,332|991|5347,BIRC5|CDC20|PLK1,-4.8
MyList_SUB1_MCODE_1,GO Biological Processes,19,GO:0051985,negative regulation of chromosome segregation,19_GO:0048519 negative regulation of biological process,-7.1,3.2e+02,31,30284,36,8,3,38,17,332|991|5347,BIRC5|CDC20|PLK1,-4.7
MyList_SUB1_MCODE_1,GO Biological Processes,19,GO:0007346,regulation of mitotic cell cycle,19_GO:0050789 regulation of biological process,-7.1,36,13,30284,533,8,5,62,17,332|991|4288|5347|54443,BIRC5|CDC20|MKI67|PLK1|ANLN,-4.7
MyList_SUB1_MCODE_1,GO Biological Processes,19,GO:0045839,negative regulation of mitotic nuclear division,19_GO:0048519 negative regulation of biological process,-6.9,2.8e+02,29,30284,41,8,3,38,17,332|991|5347,BIRC5|CDC20|PLK1,-4.6
MyList_SUB1_MCODE_1,Reactome Gene Sets,6,R-HSA-194315,Signaling by Rho GTPases,,-6.8,31,12,30284,605,8,5,62,17,991|1894|5347|11004|54443,CDC20|ECT2|PLK1|KIF2C|ANLN,-4.5
MyList_SUB1_MCODE_1,Canonical Pathways,11,M129,PID PLK1 PATHWAY,,-6.7,2.5e+02,27,30284,46,8,3,38,17,991|1894|5347,CDC20|ECT2|PLK1,-4.4
MyList_SUB1_MCODE_1,Reactome Gene Sets,6,R-HSA-9716542,"Signaling by Rho GTPases, Miro GTPases and RHOBTB3",,-6.7,31,12,30284,619,8,5,62,17,991|1894|5347|11004|54443,CDC20|ECT2|PLK1|KIF2C|ANLN,-4.4
MyList_SUB1_MCODE_1,GO Biological Processes,19,GO:0051784,negative regulation of nuclear division,19_GO:0048519 negative regulation of biological process,-6.7,2.4e+02,27,30284,47,8,3,38,17,332|991|5347,BIRC5|CDC20|PLK1,-4.4
MyList_SUB1_MCODE_1,GO Biological Processes,19,GO:0098813,nuclear chromosome segregation,19_GO:0009987 cellular process,-6.6,65,16,30284,234,8,4,50,18,332|991|5347|11004,BIRC5|CDC20|PLK1|KIF2C,-4.4
MyList_SUB1_MCODE_1,GO Biological Processes,19,GO:0033047,regulation of mitotic sister chromatid segregation,19_GO:0050789 regulation of biological process,-6.4,2e+02,24,30284,58,8,3,38,17,332|991|5347,BIRC5|CDC20|PLK1,-4.2
MyList_SUB1_MCODE_1,GO Biological Processes,19,GO:0010965,regulation of mitotic sister chromatid separation,19_GO:0050789 regulation of biological process,-6.3,1.8e+02,23,30284,62,8,3,38,17,332|991|5347,BIRC5|CDC20|PLK1,-4.2
MyList_SUB1_MCODE_1,GO Biological Processes,19,GO:0000280,nuclear division,19_GO:0009987 cellular process,-6.1,47,14,30284,320,8,4,50,18,332|991|5347|11004,BIRC5|CDC20|PLK1|KIF2C,-3.9
MyList_SUB1_MCODE_1,GO Biological Processes,19,GO:1905818,regulation of chromosome separation,19_GO:0050789 regulation of biological process,-6.1,1.5e+02,21,30284,77,8,3,38,17,332|991|5347,BIRC5|CDC20|PLK1,-3.9
MyList_SUB1_MCODE_1,Reactome Gene Sets,6,R-HSA-141424,Amplification of signal from the kinetochores,,-6,1.4e+02,21,30284,79,8,3,38,17,991|5347|11004,CDC20|PLK1|KIF2C,-3.9
MyList_SUB1_MCODE_1,Reactome Gene Sets,6,R-HSA-141444,Amplification  of signal from unattached  kinetochores via a MAD2  inhibitory signal,,-6,1.4e+02,21,30284,79,8,3,38,17,991|5347|11004,CDC20|PLK1|KIF2C,-3.9
MyList_SUB1_MCODE_1,GO Biological Processes,19,GO:2001251,negative regulation of chromosome organization,19_GO:0048519 negative regulation of biological process,-6,1.4e+02,20,30284,82,8,3,38,17,332|991|5347,BIRC5|CDC20|PLK1,-3.9
MyList_SUB1_MCODE_1,GO Biological Processes,19,GO:0048285,organelle fission,19_GO:0009987 cellular process,-5.9,44,13,30284,348,8,4,50,18,332|991|5347|11004,BIRC5|CDC20|PLK1|KIF2C,-3.8
MyList_SUB1_MCODE_1,GO Biological Processes,19,GO:1901990,regulation of mitotic cell cycle phase transition,19_GO:0050789 regulation of biological process,-5.8,41,13,30284,371,8,4,50,18,332|991|5347|54443,BIRC5|CDC20|PLK1|ANLN,-3.7
MyList_SUB1_MCODE_1,Reactome Gene Sets,6,R-HSA-69618,Mitotic Spindle Checkpoint,,-5.8,1.2e+02,19,30284,93,8,3,38,17,991|5347|11004,CDC20|PLK1|KIF2C,-3.7
MyList_SUB1_MCODE_1,GO Biological Processes,19,GO:0030071,regulation of mitotic metaphase/anaphase transition,19_GO:0050789 regulation of biological process,-5.8,1.2e+02,19,30284,93,8,3,38,17,332|991|5347,BIRC5|CDC20|PLK1,-3.7
MyList_SUB1_MCODE_1,GO Biological Processes,19,GO:0032465,regulation of cytokinesis,19_GO:0050789 regulation of biological process,-5.8,1.2e+02,19,30284,95,8,3,38,17,332|1894|5347,BIRC5|ECT2|PLK1,-3.7
MyList_SUB1_MCODE_1,GO Biological Processes,19,GO:1902099,regulation of metaphase/anaphase transition of cell cycle,19_GO:0050789 regulation of biological process,-5.8,1.2e+02,19,30284,96,8,3,38,17,332|991|5347,BIRC5|CDC20|PLK1,-3.7
MyList_SUB1_MCODE_1,Reactome Gene Sets,6,R-HSA-9648025,EML4 and NUDC in mitotic spindle formation,,-5.7,1.1e+02,18,30284,99,8,3,38,17,991|5347|11004,CDC20|PLK1|KIF2C,-3.7
MyList_SUB1_MCODE_1,GO Biological Processes,19,GO:0007052,mitotic spindle organization,19_GO:0009987 cellular process,-5.7,1.1e+02,18,30284,99,8,3,38,17,332|991|5347,BIRC5|CDC20|PLK1,-3.7
MyList_SUB1_MCODE_1,Reactome Gene Sets,6,R-HSA-2500257,Resolution of Sister Chromatid Cohesion,,-5.6,1.1e+02,18,30284,107,8,3,38,17,991|5347|11004,CDC20|PLK1|KIF2C,-3.6
MyList_SUB1_MCODE_1,GO Biological Processes,19,GO:0033045,regulation of sister chromatid segregation,19_GO:0050789 regulation of biological process,-5.6,1.1e+02,18,30284,108,8,3,38,17,332|991|5347,BIRC5|CDC20|PLK1,-3.6
MyList_SUB1_MCODE_1,Reactome Gene Sets,6,R-HSA-5663220,RHO GTPases Activate Formins,,-5.5,97,17,30284,117,8,3,38,17,991|5347|11004,CDC20|PLK1|KIF2C,-3.5
MyList_SUB1_MCODE_1,GO Biological Processes,19,GO:1901987,regulation of cell cycle phase transition,19_GO:0050789 regulation of biological process,-5.4,32,11,30284,480,8,4,50,18,332|991|5347|54443,BIRC5|CDC20|PLK1|ANLN,-3.4
MyList_SUB1_MCODE_1,GO Biological Processes,19,GO:0007093,mitotic cell cycle checkpoint signaling,19_GO:0048519 negative regulation of biological process,-5.3,85,16,30284,133,8,3,38,17,332|991|5347,BIRC5|CDC20|PLK1,-3.3
MyList_SUB1_MCODE_1,GO Biological Processes,19,GO:1902850,microtubule cytoskeleton organization involved in mitosis,19_GO:0009987 cellular process,-5.3,84,16,30284,135,8,3,38,17,332|991|5347,BIRC5|CDC20|PLK1,-3.3
MyList_SUB1_MCODE_1,GO Biological Processes,19,GO:0051276,chromosome organization,19_GO:0009987 cellular process,-5.3,30,11,30284,511,8,4,50,18,332|991|5347|11004,BIRC5|CDC20|PLK1|KIF2C,-3.3
MyList_SUB1_MCODE_1,Reactome Gene Sets,6,R-HSA-2467813,Separation of Sister Chromatids,,-5.2,76,15,30284,150,8,3,38,17,991|5347|11004,CDC20|PLK1|KIF2C,-3.2
MyList_SUB1_MCODE_1,GO Biological Processes,19,GO:0044770,cell cycle phase transition,19_GO:0009987 cellular process,-5.1,71,14,30284,159,8,3,38,17,332|991|5347,BIRC5|CDC20|PLK1,-3.1
MyList_SUB1_MCODE_1,GO Biological Processes,19,GO:0000226,microtubule cytoskeleton organization,19_GO:0009987 cellular process,-5.1,26,9.9,30284,578,8,4,50,18,332|991|5347|11004,BIRC5|CDC20|PLK1|KIF2C,-3.1
MyList_SUB1_MCODE_1,GO Biological Processes,19,GO:0000075,cell cycle checkpoint signaling,19_GO:0048519 negative regulation of biological process,-5,67,14,30284,169,8,3,38,17,332|991|5347,BIRC5|CDC20|PLK1,-3.1
MyList_SUB1_MCODE_1,GO Biological Processes,19,GO:0007051,spindle organization,19_GO:0009987 cellular process,-5,67,14,30284,169,8,3,38,17,332|991|5347,BIRC5|CDC20|PLK1,-3.1
MyList_SUB1_MCODE_1,Reactome Gene Sets,6,R-HSA-68877,Mitotic Prometaphase,,-5,66,14,30284,173,8,3,38,17,991|5347|11004,CDC20|PLK1|KIF2C,-3.1
MyList_SUB1_MCODE_1,Reactome Gene Sets,6,R-HSA-68882,Mitotic Anaphase,,-4.9,61,13,30284,186,8,3,38,17,991|5347|11004,CDC20|PLK1|KIF2C,-3
MyList_SUB1_MCODE_1,Reactome Gene Sets,6,R-HSA-2555396,Mitotic Metaphase and Anaphase,,-4.9,61,13,30284,187,8,3,38,17,991|5347|11004,CDC20|PLK1|KIF2C,-3
MyList_SUB1_MCODE_1,GO Biological Processes,19,GO:0051302,regulation of cell division,19_GO:0050789 regulation of biological process,-4.9,60,13,30284,190,8,3,38,17,332|1894|5347,BIRC5|ECT2|PLK1,-3
MyList_SUB1_MCODE_1,GO Biological Processes,19,GO:1901991,negative regulation of mitotic cell cycle phase transition,19_GO:0048519 negative regulation of biological process,-4.9,59,13,30284,191,8,3,38,17,332|991|5347,BIRC5|CDC20|PLK1,-2.9
MyList_SUB1_MCODE_1,Reactome Gene Sets,6,R-HSA-69620,Cell Cycle Checkpoints,,-4.6,48,12,30284,237,8,3,38,17,991|5347|11004,CDC20|PLK1|KIF2C,-2.7
MyList_SUB1_MCODE_1,GO Biological Processes,19,GO:0045930,negative regulation of mitotic cell cycle,19_GO:0048519 negative regulation of biological process,-4.6,47,12,30284,240,8,3,38,17,332|991|5347,BIRC5|CDC20|PLK1,-2.7
MyList_SUB1_MCODE_1,GO Biological Processes,19,GO:0033044,regulation of chromosome organization,19_GO:0050789 regulation of biological process,-4.5,46,12,30284,246,8,3,38,17,332|991|5347,BIRC5|CDC20|PLK1,-2.6
MyList_SUB1_MCODE_1,GO Biological Processes,19,GO:1901988,negative regulation of cell cycle phase transition,19_GO:0048519 negative regulation of biological process,-4.5,44,11,30284,256,8,3,38,17,332|991|5347,BIRC5|CDC20|PLK1,-2.6
MyList_SUB1_MCODE_1,GO Biological Processes,19,GO:0051347,positive regulation of transferase activity,19_GO:0065007 biological regulation,-4.4,43,11,30284,264,8,3,38,17,991|1894|5347,CDC20|ECT2|PLK1,-2.6
MyList_SUB1_MCODE_1,GO Biological Processes,19,GO:0090068,positive regulation of cell cycle process,19_GO:0048518 positive regulation of biological process,-4.4,42,11,30284,273,8,3,38,17,332|991|1894,BIRC5|CDC20|ECT2,-2.5
MyList_SUB1_MCODE_1,Reactome Gene Sets,6,R-HSA-195258,RHO GTPase Effectors,,-4.4,41,11,30284,278,8,3,38,17,991|5347|11004,CDC20|PLK1|KIF2C,-2.5
MyList_SUB1_MCODE_1,GO Biological Processes,19,GO:0010948,negative regulation of cell cycle process,19_GO:0048519 negative regulation of biological process,-4.3,37,10,30284,303,8,3,38,17,332|991|5347,BIRC5|CDC20|PLK1,-2.4
MyList_SUB1_MCODE_1,GO Biological Processes,19,GO:0045787,positive regulation of cell cycle,19_GO:0048518 positive regulation of biological process,-4.1,33,9.7,30284,343,8,3,38,17,332|991|1894,BIRC5|CDC20|ECT2,-2.3
MyList_SUB1_MCODE_1,GO Biological Processes,19,GO:0010639,negative regulation of organelle organization,19_GO:0048519 negative regulation of biological process,-4.1,33,9.6,30284,348,8,3,38,17,332|991|5347,BIRC5|CDC20|PLK1,-2.3
MyList_SUB1_MCODE_1,GO Biological Processes,19,GO:0140694,membraneless organelle assembly,19_GO:0009987 cellular process,-4.1,32,9.6,30284,352,8,3,38,17,332|991|54443,BIRC5|CDC20|ANLN,-2.3
MyList_SUB1_MCODE_1,Reactome Gene Sets,6,R-HSA-68886,M Phase,,-4.1,32,9.6,30284,354,8,3,38,17,991|5347|11004,CDC20|PLK1|KIF2C,-2.2
MyList_SUB1_MCODE_1,GO Biological Processes,19,GO:0045786,negative regulation of cell cycle,19_GO:0048519 negative regulation of biological process,-3.9,29,9.1,30284,392,8,3,38,17,332|991|5347,BIRC5|CDC20|PLK1,-2.1
MyList_SUB1_MCODE_1,GO Biological Processes,19,GO:0051656,establishment of organelle localization,19_GO:0051179 localization,-3.8,27,8.7,30284,425,8,3,38,17,332|5347|11004,BIRC5|PLK1|KIF2C,-2
MyList_SUB1_MCODE_1,GO Biological Processes,19,GO:0051338,regulation of transferase activity,19_GO:0065007 biological regulation,-3.7,24,8.3,30284,464,8,3,38,17,991|1894|5347,CDC20|ECT2|PLK1,-1.9
MyList_SUB1_MCODE_1,Reactome Gene Sets,6,R-HSA-69278,"Cell Cycle, Mitotic",,-3.7,24,8.2,30284,475,8,3,38,17,991|5347|11004,CDC20|PLK1|KIF2C,-1.9
MyList_SUB1_MCODE_1,GO Biological Processes,19,GO:0030162,regulation of proteolysis,19_GO:0050789 regulation of biological process,-3.5,21,7.6,30284,538,8,3,38,17,332|991|5347,BIRC5|CDC20|PLK1,-1.8
MyList_SUB1_MCODE_1,GO Biological Processes,19,GO:0051640,organelle localization,19_GO:0051179 localization,-3.5,21,7.6,30284,551,8,3,38,17,332|5347|11004,BIRC5|PLK1|KIF2C,-1.7
MyList_SUB1_MCODE_1,GO Biological Processes,19,GO:0031401,positive regulation of protein modification process,19_GO:0048518 positive regulation of biological process,-3.5,20,7.4,30284,574,8,3,38,17,991|1894|5347,CDC20|ECT2|PLK1,-1.7
MyList_SUB1_MCODE_1,GO Biological Processes,19,GO:0043085,positive regulation of catalytic activity,19_GO:0065007 biological regulation,-3.4,19,7.3,30284,584,8,3,38,17,991|1894|5347,CDC20|ECT2|PLK1,-1.7
MyList_SUB1_MCODE_1,Reactome Gene Sets,6,R-HSA-1640170,Cell Cycle,,-3.4,19,7.3,30284,584,8,3,38,17,991|5347|11004,CDC20|PLK1|KIF2C,-1.7
MyList_SUB1_MCODE_1,GO Biological Processes,19,GO:0051129,negative regulation of cellular component organization,19_GO:0048519 negative regulation of biological process,-3.1,16,6.5,30284,730,8,3,38,17,332|991|5347,BIRC5|CDC20|PLK1,-1.4
MyList_SUB1_MCODE_3,GO Biological Processes,19,GO:0051302,regulation of cell division,19_GO:0050789 regulation of biological process,-6.6,1.6e+02,22,30284,190,3,3,1e+02,27,9585|9928|146909,KIF20B|KIF14|KIF18B,-4.4
MyList_SUB1_MCODE_3,KEGG Pathway,24,hsa04814,Motor proteins,,-6.6,1.5e+02,21,30284,197,3,3,1e+02,27,9585|9928|146909,KIF20B|KIF14|KIF18B,-4.3
MyList_SUB1_MCODE_3,GO Biological Processes,19,GO:0007018,microtubule-based movement,19_GO:0009987 cellular process,-5.5,68,14,30284,447,3,3,1e+02,27,9585|9928|146909,KIF20B|KIF14|KIF18B,-3.5
MyList_SUB1_MCODE_3,GO Biological Processes,19,GO:0051301,cell division,19_GO:0009987 cellular process,-5.3,58,13,30284,522,3,3,1e+02,27,9585|9928|146909,KIF20B|KIF14|KIF18B,-3.3
