_MEMBER_MyList,_LogP_MyList,GO,_PATTERN_,_RANK_,GiniIndex,Category,CategoryID,Description,PARENT_GO,LogP,Enrichment,Z-score,#TotalGeneInLibrary,#GeneInGO,#GeneInHitList,#GeneInGOAndHitList,%InGO,STDV %InGO,GeneID,Hits,Log(q-value),EvidenceCutoff
1,-28,COVID054,M1,1,0,COVID,200,RNA_Xiong_PBMC_Up,,-28,32,26,30284,300,73,23,32,5.4,332|890|991|1063|3485|4288|5347|6241|7298|9787|9928|10024|11004|11065|22974|54443|55165|79801|83461|146909|157313|259266|283431,BIRC5|CCNA2|CDC20|CENPF|IGFBP2|MKI67|PLK1|RRM2|TYMS|DLGAP5|KIF14|TROAP|KIF2C|UBE2C|TPX2|ANLN|CEP55|SHCBP1|CDCA3|KIF18B|CDCA2|ASPM|GAS2L3,-24,0
1,-21,COVID015,M1,1,0,COVID,200,RNA_Blanco-Melo_Calu-3_Down,,-21,26,22,30284,300,73,19,26,5.1,332|991|1462|3838|4001|4288|5347|6241|7298|9787|10460|11004|22974|25840|51435|83461|89958|146909|157313,BIRC5|CDC20|VCAN|KPNA2|LMNB1|MKI67|PLK1|RRM2|TYMS|DLGAP5|TACC3|KIF2C|TPX2|TMT1A|SCARA3|CDCA3|SAPCD2|KIF18B|CDCA2,-18,0
1,-15,COVID007,M1,1,0,COVID,200,RNA_Blanco-Melo_A549_Down,,-15,21,17,30284,300,73,15,21,4.7,332|3838|4001|4288|5347|6241|9837|10024|10460|26147|29128|51435|83461|89958|146909,BIRC5|KPNA2|LMNB1|MKI67|PLK1|RRM2|GINS1|TROAP|TACC3|PHF19|UHRF1|SCARA3|CDCA3|SAPCD2|KIF18B,-12,0
1,-12,COVID071,M1,1,0,COVID,200,Proteome_Bouhaddou_Vero_E6_24h_Down,,-12,39,18,30284,95,73,9,12,3.8,1063|3838|4288|6241|7018|11004|11065|29128|54443,CENPF|KPNA2|MKI67|RRM2|TF|KIF2C|UBE2C|UHRF1|ANLN,-8.6,0
1,-11,COVID134,M1,1,0,COVID,200,Proteome_Stukalov_A549-ACE2_24h_Down,,-11,17,13,30284,299,73,12,16,4.3,890|1063|4288|5347|7298|9787|11065|22974|29028|29128|55165|128239,CCNA2|CENPF|MKI67|PLK1|TYMS|DLGAP5|UBE2C|TPX2|ATAD2|UHRF1|CEP55|IQGAP3,-8,0
1,-8.9,COVID055,M1,1,0,COVID,200,Phosphoproteome_Bouhaddou_Vero_E6_0h_Down,,-8.9,15,11,30284,277,73,10,14,4,991|1894|3009|4001|4288|5347|11004|22974|54443|157313,CDC20|ECT2|H1-5|LMNB1|MKI67|PLK1|KIF2C|TPX2|ANLN|CDCA2,-5.8,0
1,-8.6,COVID059,M1,1,0,COVID,200,Phosphoproteome_Bouhaddou_Vero_E6_24h_Down,,-8.6,14,11,30284,300,73,10,14,4,991|1063|1894|4001|4288|5347|22974|29028|29128|54443,CDC20|CENPF|ECT2|LMNB1|MKI67|PLK1|TPX2|ATAD2|UHRF1|ANLN,-5.5,0
1,-7.3,COVID315,M1,1,0,COVID,200,RNA_Wilk_CD8+T-cells_patient-C6_Up,,-7.3,51,16,30284,41,73,5,6.8,3,1063|3148|4288|10051|22974,CENPF|HMGB2|MKI67|SMC4|TPX2,-4.4,0
1,-6.8,COVID069,M1,1,0,COVID,200,Proteome_Bouhaddou_Vero_E6_12h_Down,,-6.8,40,14,30284,52,73,5,6.8,3,1063|6241|7018|29128|54443,CENPF|RRM2|TF|UHRF1|ANLN,-3.9,0
1,-5.1,COVID347,M1,1,0,COVID,200,RNA_Wilk_B-cells_patient-C6_Up,,-5.1,19,9.2,30284,110,73,5,6.8,3,1063|4288|29028|54443|81611,CENPF|MKI67|ATAD2|ANLN|ANP32E,-2.4,0
1,-5.1,COVID039,M1,1,0,COVID,200,RNA_Sun_Calu-3_24h_Down,,-5.1,9.7,7.4,30284,300,73,7,9.6,3.4,3838|4001|4288|6241|29028|54443|340547,KPNA2|LMNB1|MKI67|RRM2|ATAD2|ANLN|VSIG1,-2.3,0
1,-5.1,COVID057,M1,1,0,COVID,200,Phosphoproteome_Bouhaddou_Vero_E6_12h_Down,,-5.1,9.7,7.4,30284,300,73,7,9.6,3.4,1063|4001|4288|5347|22974|29028|54443,CENPF|LMNB1|MKI67|PLK1|TPX2|ATAD2|ANLN,-2.3,0
1,-5.1,COVID061,M1,1,0,COVID,200,Phosphoproteome_Bouhaddou_Vero_E6_2h_Down,,-5.1,9.7,7.4,30284,300,73,7,9.6,3.4,1894|4288|5347|11004|22974|54443|157313,ECT2|MKI67|PLK1|KIF2C|TPX2|ANLN|CDCA2,-2.3,0
1,-5,COVID369,M1,1,0,COVID,200,Interactome_Laurent_HEK293_24h_NSP13,,-5,29,10,30284,57,73,4,5.5,2.7,991|6241|9232|51203,CDC20|RRM2|PTTG1|NUSAP1,-2.2,0
1,-4.5,COVID220,M1,1,0,COVID,200,Proteome_Bojkova_Caco-2_24h_Down,,-4.5,23,9.2,30284,72,73,4,5.5,2.7,6241|11065|51053|51203,RRM2|UBE2C|GMNN|NUSAP1,-1.9,0
1,-4.5,COVID200,M1,1,0,COVID,200,Ubiquitinome_Stukalov_A549-ACE2_6h_Down,,-4.5,10,7,30284,250,73,6,8.2,3.2,991|3009|3930|4288|8340|440689,CDC20|H1-5|LBR|MKI67|H2BC13|H2BC18,-1.9,0
1,-4.2,COVID206,M1,1,0,COVID,200,Proteome_Li_Urine-mild-vs-healthy_Up,,-4.2,19,8.4,30284,86,73,4,5.5,2.7,1356|3009|29028|654483,CP|H1-5|ATAD2|BOLA2B,-1.7,0
1,-4.1,COVID037,M1,1,0,COVID,200,RNA_Sun_Calu-3_12h_Down,,-4.1,8.3,6.2,30284,300,73,6,8.2,3.2,3838|4001|6241|9232|11065|340547,KPNA2|LMNB1|RRM2|PTTG1|UBE2C|VSIG1,-1.5,0
1,-3.8,COVID313,M1,1,0,COVID,200,RNA_Wilk_CD8+T-cells_patient-C5_Up,,-3.8,29,9,30284,43,73,3,4.1,2.3,3148|4001|4288,HMGB2|LMNB1|MKI67,-1.3,0
1,-3.7,COVID345,M1,1,0,COVID,200,RNA_Wilk_B-cells_patient-C5_Up,,-3.7,14,7.1,30284,116,73,4,5.5,2.7,1462|4288|6241|10051,VCAN|MKI67|RRM2|SMC4,-1.3,0
1,-3.7,COVID025,M1,1,0,COVID,200,RNA_Lamers_intestinal-organoid_differentiated_Down,,-3.7,27,8.7,30284,46,73,3,4.1,2.3,5347|9585|340547,PLK1|KIF20B|VSIG1,-1.2,0
1,-3.3,COVID212,M1,1,0,COVID,200,Proteome_Shen_Serum-severe-vs-healthy_Up,,-3.3,20,7.4,30284,62,73,3,4.1,2.3,1356|8836|440689,CP|GGH|H2BC18,-0.94,0
1,-3.3,COVID185,M1,1,0,COVID,200,Proteome_Stukalov_A549_72h_S_Up,,-3.3,19,7.3,30284,64,73,3,4.1,2.3,332|4288|128239,BIRC5|MKI67|IQGAP3,-0.91,0
1,-3.2,COVID132,M1,1,0,COVID,200,Phosphoproteome_Stukalov_A549-ACE2_6h_Down,,-3.2,18,7,30284,69,73,3,4.1,2.3,4288|29028|54443,MKI67|ATAD2|ANLN,-0.83,0
1,-3.1,COVID374,M1,1,0,COVID,200,Interactome_Laurent_HEK293_24h_NSP3,,-3.1,6.9,5.1,30284,299,73,5,6.8,3,3930|9928|25840|51203|83461,LBR|KIF14|TMT1A|NUSAP1|CDCA3,-0.77,0
1,-3.1,COVID035,M1,1,0,COVID,200,RNA_Sun_Calu-3_0h_Down,,-3.1,9.7,5.6,30284,171,73,4,5.5,2.7,1063|4254|259266|283431,CENPF|KITLG|ASPM|GAS2L3,-0.77,0
1,-3.1,COVID049,M1,1,0,COVID,200,RNA_Wyler_Calu-3_24h_Down,,-3.1,6.9,5.1,30284,300,73,5,6.8,3,1063|4751|25840|83461|128239,CENPF|NEK2|TMT1A|CDCA3|IQGAP3,-0.77,0
1,-3.1,COVID065,M1,1,0,COVID,200,Phosphoproteome_Bouhaddou_Vero_E6_8h_Down,,-3.1,6.9,5.1,30284,300,73,5,6.8,3,4288|5347|22974|29028|54443,MKI67|PLK1|TPX2|ATAD2|ANLN,-0.77,0
1,-3,COVID204,M1,1,0,COVID,200,Proteome_Li_Urine-severe-vs-healthy_Up,,-3,15,6.3,30284,83,73,3,4.1,2.3,3009|29028|654483,H1-5|ATAD2|BOLA2B,-0.67,0
1,-3,COVID240,M1,1,0,COVID,200,RNA_Lieberman_Nasopharynx_High_vs_Low_Down,,-3,8.8,5.3,30284,188,73,4,5.5,2.7,4288|51203|54443|259266,MKI67|NUSAP1|ANLN|ASPM,-0.66,0
1,-2.8,COVID009,M1,1,0,COVID,200,RNA_Blanco-Melo_A549-ACE2_Down,,-2.8,8,5,30284,207,73,4,5.5,2.7,857|27122|51435|57530,CAV1|DKK3|SCARA3|CGN,-0.56,0
1,-2.7,COVID254,M1,1,0,COVID,200,RNA_Wilk_CD14+Monocytes_patient-C5_Up,,-2.7,12,5.5,30284,104,73,3,4.1,2.3,1462|4001|4288,VCAN|LMNB1|MKI67,-0.49,0
1,-2.7,COVID337,M1,1,0,COVID,200,RNA_Wilk_B-cells_patient-C1B-severe_Up,,-2.7,12,5.5,30284,104,73,3,4.1,2.3,1462|4288|6241,VCAN|MKI67|RRM2,-0.49,0
1,-2.7,COVID371,M1,1,0,COVID,200,Interactome_Laurent_HEK293_24h_NSP15,,-2.7,12,5.4,30284,106,73,3,4.1,2.3,7298|9787|55165,TYMS|DLGAP5|CEP55,-0.47,0
1,-2.6,COVID373,M1,1,0,COVID,200,Interactome_Laurent_HEK293_24h_NSP2,,-2.6,7.3,4.7,30284,228,73,4,5.5,2.7,857|9787|10460|55165,CAV1|DLGAP5|TACC3|CEP55,-0.46,0
1,-2.5,COVID343,M1,1,0,COVID,200,RNA_Wilk_B-cells_patient-C4_Up,,-2.5,10,5,30284,121,73,3,4.1,2.3,1462|4288|6241,VCAN|MKI67|RRM2,-0.36,0
1,-2.4,COVID155,M1,1,0,COVID,200,Proteome_Stukalov_A549_72h_NSP1_Up,,-2.4,9.7,4.9,30284,128,73,3,4.1,2.3,991|11004|83461,CDC20|KIF2C|CDCA3,-0.33,0
1,-2.2,COVID034,M1,1,0,COVID,200,RNA_Liao_BALF-severe-vs-mild_Up,,-2.2,5.5,3.9,30284,300,73,4,5.5,2.7,857|7042|22943|54443,CAV1|TGFB2|DKK1|ANLN,-0.18,0
1,-2.2,COVID130,M1,1,0,COVID,200,Phosphoproteome_Stukalov_A549-ACE2_24h_Down,,-2.2,5.5,3.9,30284,300,73,4,5.5,2.7,1063|4001|4288|157313,CENPF|LMNB1|MKI67|CDCA2,-0.18,0
1,-2.2,COVID256,M1,1,0,COVID,200,RNA_Wilk_CD14+Monocytes_patient-C6_Up,,-2.2,8.1,4.3,30284,154,73,3,4.1,2.3,1462|4001|4288,VCAN|LMNB1|MKI67,-0.17,0
