_MEMBER_MyList,_LogP_MyList,GO,_PATTERN_,_RANK_,GiniIndex,Category,CategoryID,Description,PARENT_GO,LogP,Enrichment,Z-score,#TotalGeneInLibrary,#GeneInGO,#GeneInHitList,#GeneInGOAndHitList,%InGO,STDV %InGO,GeneID,Hits,Log(q-value),EvidenceCutoff
1,-9.6,C0007138,M1,1,0,DisGeNET,35,"Carcinoma, Transitional Cell",,-9.6,9.3,10,30284,622,73,14,19,4.6,857|890|991|1154|3838|4288|5347|6241|7042|8836|9585|9787|10460|55165,CAV1|CCNA2|CDC20|CISH|KPNA2|MKI67|PLK1|RRM2|TGFB2|GGH|KIF20B|DLGAP5|TACC3|CEP55,-6.5,0
1,-7.8,C0555198,M1,1,0,DisGeNET,35,Malignant Glioma,,-7.8,7.4,8.6,30284,724,73,13,18,4.5,332|857|1356|1462|1894|3485|4288|4751|5347|7042|22943|27122|259266,BIRC5|CAV1|CP|VCAN|ECT2|IGFBP2|MKI67|NEK2|PLK1|TGFB2|DKK1|DKK3|ASPM,-4.8,0
1,-7.6,C4086152,M1,1,0,DisGeNET,35,Childhood Astrocytoma,,-7.6,8.1,8.7,30284,615,73,12,16,4.3,857|991|1462|1894|3485|4288|9232|9928|22974|29128|51203|259266,CAV1|CDC20|VCAN|ECT2|IGFBP2|MKI67|PTTG1|KIF14|TPX2|UHRF1|NUSAP1|ASPM,-4.6,0
1,-7.4,C0025286,M1,1,0,DisGeNET,35,Meningioma,,-7.4,7.9,8.6,30284,634,73,12,16,4.3,332|857|1063|1462|3485|4288|7298|9232|9928|11065|27122|283120,BIRC5|CAV1|CENPF|VCAN|IGFBP2|MKI67|TYMS|PTTG1|KIF14|UBE2C|DKK3|H19,-4.5,0
1,-7.1,C1328504,M1,1,0,DisGeNET,35,Hormone refractory prostate cancer,,-7.1,7.3,8.2,30284,683,73,12,16,4.3,857|890|991|3485|3838|5347|9232|9787|11065|29028|54443|55165,CAV1|CCNA2|CDC20|IGFBP2|KPNA2|PLK1|PTTG1|DLGAP5|UBE2C|ATAD2|ANLN|CEP55,-4.2,0
1,-6.5,C1704272,M1,1,0,DisGeNET,35,Benign Prostatic Hyperplasia,,-6.5,6.5,7.6,30284,770,73,12,16,4.3,857|1154|1462|3485|4254|4288|5347|7042|22943|27122|55165|283120,CAV1|CISH|VCAN|IGFBP2|KITLG|MKI67|PLK1|TGFB2|DKK1|DKK3|CEP55|H19,-3.6,0
1,-5.9,C0206624,M1,1,0,DisGeNET,35,Hepatoblastoma,,-5.9,8.3,7.7,30284,451,73,9,12,3.8,332|890|3485|5347|22943|27122|29128|54443|283120,BIRC5|CCNA2|IGFBP2|PLK1|DKK1|DKK3|UHRF1|ANLN|H19,-3,0
1,-5.8,C0521158,M1,1,0,DisGeNET,35,Recurrent tumor,,-5.8,6.2,7,30284,735,73,11,15,4.2,332|857|1063|1154|4288|4751|5347|7298|8835|22943|55165,BIRC5|CAV1|CENPF|CISH|MKI67|NEK2|PLK1|TYMS|SOCS2|DKK1|CEP55,-3,0
1,-5.7,C0279628,M1,1,0,DisGeNET,35,Adenocarcinoma Of Esophagus,,-5.7,8,7.5,30284,467,73,9,12,3.8,857|3485|5347|7298|11065|22943|27122|29128|259266,CAV1|IGFBP2|PLK1|TYMS|UBE2C|DKK1|DKK3|UHRF1|ASPM,-2.9,0
1,-5.7,C0853879,M1,1,0,DisGeNET,35,Invasive carcinoma of breast,,-5.7,7.9,7.4,30284,472,73,9,12,3.8,890|1894|4254|7298|8836|9232|9787|51053|51203,CCNA2|ECT2|KITLG|TYMS|GGH|PTTG1|DLGAP5|GMNN|NUSAP1,-2.8,0
1,-5.7,C0030297,M1,1,0,DisGeNET,35,Pancreatic Neoplasm,,-5.7,6,6.8,30284,764,73,11,15,4.2,332|857|1894|3485|3672|5347|7042|7298|9232|27122|51053,BIRC5|CAV1|ECT2|IGFBP2|ITGA1|PLK1|TGFB2|TYMS|PTTG1|DKK3|GMNN,-2.8,0
1,-5.5,C0085669,M1,1,0,DisGeNET,35,Acute leukemia,,-5.5,6.5,6.9,30284,639,73,10,14,4,890|1462|3485|3930|5347|7018|7298|8835|8836|27122,CCNA2|VCAN|IGFBP2|LBR|PLK1|TF|TYMS|SOCS2|GGH|DKK3,-2.7,0
1,-5.4,C1378703,M1,1,0,DisGeNET,35,Renal carcinoma,,-5.4,6.2,6.7,30284,665,73,10,14,4,857|1462|4254|5347|7298|9232|9585|22943|27122|29128,CAV1|VCAN|KITLG|PLK1|TYMS|PTTG1|KIF20B|DKK1|DKK3|UHRF1,-2.6,0
1,-5,C0597984,M1,1,0,DisGeNET,35,Biliary stricture,,-5,73,15,30284,17,73,3,4.1,2.3,332|4751|11004,BIRC5|NEK2|KIF2C,-2.3,0
1,-5,C0024305,M1,1,0,DisGeNET,35,"Lymphoma, Non-Hodgkin",,-5,5.7,6.3,30284,733,73,10,14,4,332|3930|4288|5347|7298|8836|10051|11065|22974|283120,BIRC5|LBR|MKI67|PLK1|TYMS|GGH|SMC4|UBE2C|TPX2|H19,-2.3,0
1,-5,C0220641,M1,1,0,DisGeNET,35,Lip and Oral Cavity Carcinoma,,-5,5.7,6.3,30284,734,73,10,14,4,332|857|991|1356|1894|5347|22943|27122|51053|83461,BIRC5|CAV1|CDC20|CP|ECT2|PLK1|DKK1|DKK3|GMNN|CDCA3,-2.3,0
1,-4.9,C2145472,M1,1,0,DisGeNET,35,Urothelial Carcinoma,,-4.9,7.4,6.7,30284,448,73,8,11,3.7,991|1154|3838|4288|5347|6241|7042|9585,CDC20|CISH|KPNA2|MKI67|PLK1|RRM2|TGFB2|KIF20B,-2.2,0
1,-4.9,C0153381,M1,1,0,DisGeNET,35,Malignant neoplasm of mouth,,-4.9,5.5,6.1,30284,756,73,10,14,4,332|857|991|1356|1894|5347|22943|27122|51053|83461,BIRC5|CAV1|CDC20|CP|ECT2|PLK1|DKK1|DKK3|GMNN|CDCA3,-2.2,0
1,-4.8,C0278876,M1,1,0,DisGeNET,35,Adult Medulloblastoma,,-4.8,5.4,6.1,30284,762,73,10,14,4,5347|7018|7042|7298|9232|9928|22943|27122|29128|259266,PLK1|TF|TGFB2|TYMS|PTTG1|KIF14|DKK1|DKK3|UHRF1|ASPM,-2.2,0
1,-4.8,C0278510,M1,1,0,DisGeNET,35,Childhood Medulloblastoma,,-4.8,5.4,6.1,30284,771,73,10,14,4,5347|7018|7042|7298|9232|9928|22943|27122|29128|259266,PLK1|TF|TGFB2|TYMS|PTTG1|KIF14|DKK1|DKK3|UHRF1|ASPM,-2.1,0
1,-4.8,C0175754,M1,1,0,DisGeNET,35,Agenesis of corpus callosum,,-4.8,6.1,6.2,30284,615,73,9,12,3.8,1063|1356|1462|6241|7298|9232|9928|27122|259266,CENPF|CP|VCAN|RRM2|TYMS|PTTG1|KIF14|DKK3|ASPM,-2.1,0
1,-4.7,C0007112,M1,1,0,DisGeNET,35,Adenocarcinoma of prostate,,-4.7,8.5,6.8,30284,342,73,7,9.6,3.4,1462|3485|4254|4288|6241|7298|8835,VCAN|IGFBP2|KITLG|MKI67|RRM2|TYMS|SOCS2,-2.1,0
1,-4.7,C0333516,M1,1,0,DisGeNET,35,Tumor necrosis,,-4.7,8.3,6.7,30284,350,73,7,9.6,3.4,1154|3485|4288|5347|7042|7298|27122,CISH|IGFBP2|MKI67|PLK1|TGFB2|TYMS|DKK3,-2,0
1,-4.5,C1292778,M1,1,0,DisGeNET,35,Chronic myeloproliferative disorder,,-4.5,7.9,6.6,30284,366,73,7,9.6,3.4,1063|1154|4254|8835|22943|27122|51053,CENPF|CISH|KITLG|SOCS2|DKK1|DKK3|GMNN,-1.9,0
1,-4.5,C0030246,M1,1,0,DisGeNET,35,Pustulosis of Palms and Soles,,-4.5,22,9.1,30284,74,73,4,5.5,2.7,1356|4288|7298|9232,CP|MKI67|TYMS|PTTG1,-1.9,0
1,-4.4,C0677932,M1,1,0,DisGeNET,35,Progressive Neoplastic Disease,,-4.4,7.6,6.4,30284,382,73,7,9.6,3.4,332|3930|4254|7018|7042|7298|22943,BIRC5|LBR|KITLG|TF|TGFB2|TYMS|DKK1,-1.8,0
1,-4.4,C3539781,M1,1,0,DisGeNET,35,Progressive cGVHD,,-4.4,7.6,6.4,30284,382,73,7,9.6,3.4,332|3930|4254|7018|7042|7298|22943,BIRC5|LBR|KITLG|TF|TGFB2|TYMS|DKK1,-1.8,0
1,-4.4,C1257931,M1,1,0,DisGeNET,35,"Mammary Neoplasms, Human",,-4.4,6.3,6,30284,527,73,8,11,3.7,332|857|1063|4288|7298|11065|22943|283120,BIRC5|CAV1|CENPF|MKI67|TYMS|UBE2C|DKK1|H19,-1.8,0
1,-4.4,C1861305,M1,1,0,DisGeNET,35,TARSAL-CARPAL COALITION SYNDROME,,-4.4,9.6,6.8,30284,260,73,6,8.2,3.2,857|1154|4288|9787|29128|55165,CAV1|CISH|MKI67|DLGAP5|UHRF1|CEP55,-1.8,0
1,-4.4,C0271694,M1,1,0,DisGeNET,35,Familial partial lipodystrophy,,-4.4,44,11,30284,28,73,3,4.1,2.3,857|3930|4001,CAV1|LBR|LMNB1,-1.8,0
1,-4.3,C0002793,M1,1,0,DisGeNET,35,Anaplasia,,-4.3,6.2,5.9,30284,538,73,8,11,3.7,857|3485|4254|4288|5347|7042|27122|29128,CAV1|IGFBP2|KITLG|MKI67|PLK1|TGFB2|DKK3|UHRF1,-1.7,0
1,-4.3,C4704874,M1,1,0,DisGeNET,35,"Mammary Carcinoma, Human",,-4.3,6.1,5.9,30284,545,73,8,11,3.7,332|857|1063|4288|7298|11065|22943|283120,BIRC5|CAV1|CENPF|MKI67|TYMS|UBE2C|DKK1|H19,-1.7,0
1,-4.2,C0013221,M1,1,0,DisGeNET,35,Drug toxicity,,-4.2,19,8.4,30284,86,73,4,5.5,2.7,1356|4254|7018|7298,CP|KITLG|TF|TYMS,-1.7,0
1,-4.2,C1512127,M1,1,0,DisGeNET,35,HER2 gene amplification,,-4.2,12,7.2,30284,170,73,5,6.8,3,857|1154|4288|7298|10460,CAV1|CISH|MKI67|TYMS|TACC3,-1.7,0
1,-4.2,C0041755,M1,1,0,DisGeNET,35,Adverse reaction to drug,,-4.2,19,8.3,30284,87,73,4,5.5,2.7,1356|4254|7018|7298,CP|KITLG|TF|TYMS,-1.7,0
1,-4.2,C0025500,M1,1,0,DisGeNET,35,Mesothelioma,,-4.2,5.9,5.8,30284,559,73,8,11,3.7,332|1462|3485|4254|4288|7298|22943|51435,BIRC5|VCAN|IGFBP2|KITLG|MKI67|TYMS|DKK1|SCARA3,-1.7,0
1,-4.2,C0206686,M1,1,0,DisGeNET,35,Adrenocortical carcinoma,,-4.2,8.9,6.5,30284,281,73,6,8.2,3.2,1356|3485|7298|9232|27122|283120,CP|IGFBP2|TYMS|PTTG1|DKK3|H19,-1.7,0
1,-4.2,C1827293,M1,1,0,DisGeNET,35,"Carcinoma of urinary bladder, invasive",,-4.2,8.7,6.4,30284,287,73,6,8.2,3.2,857|1063|1154|4288|55165|283120,CAV1|CENPF|CISH|MKI67|CEP55|H19,-1.6,0
1,-4.2,C0345967,M1,1,0,DisGeNET,35,Malignant mesothelioma,,-4.2,6.9,6,30284,420,73,7,9.6,3.4,5347|7018|7042|7298|22943|27122|259266,PLK1|TF|TGFB2|TYMS|DKK1|DKK3|ASPM,-1.6,0
1,-4.2,C0149519,M1,1,0,DisGeNET,35,Chronic Persistent Hepatitis,,-4.2,38,10,30284,33,73,3,4.1,2.3,1356|4288|7018,CP|MKI67|TF,-1.6,0
1,-4.1,C0027658,M1,1,0,DisGeNET,35,"Neoplasms, Germ Cell and Embryonal",,-4.1,37,10,30284,34,73,3,4.1,2.3,332|3485|4254,BIRC5|IGFBP2|KITLG,-1.6,0
1,-4.1,C0016059,M1,1,0,DisGeNET,35,Fibrosis,,-4.1,11,6.9,30284,184,73,5,6.8,3,857|890|4288|7042|51053,CAV1|CCNA2|MKI67|TGFB2|GMNN,-1.5,0
1,-4.1,C0039101,M1,1,0,DisGeNET,35,synovial sarcoma,,-4.1,8.3,6.3,30284,299,73,6,8.2,3.2,857|3930|4288|5347|9837|79801,CAV1|LBR|MKI67|PLK1|GINS1|SHCBP1,-1.5,0
1,-4,C0854985,M1,1,0,DisGeNET,35,"Adenocarcinoma of lung, stage I",,-4,34,9.8,30284,37,73,3,4.1,2.3,857|4288|7298,CAV1|MKI67|TYMS,-1.5,0
1,-3.9,C2749675,M1,1,0,DisGeNET,35,Cortical gyral simplification,,-3.9,32,9.5,30284,39,73,3,4.1,2.3,9928|51053|259266,KIF14|GMNN|ASPM,-1.4,0
1,-3.9,C0595989,M1,1,0,DisGeNET,35,Carcinoma of larynx,,-3.9,6.4,5.7,30284,456,73,7,9.6,3.4,857|1462|4288|5347|7042|9232|22943,CAV1|VCAN|MKI67|PLK1|TGFB2|PTTG1|DKK1,-1.4,0
1,-3.9,C0010606,M1,1,0,DisGeNET,35,Adenoid Cystic Carcinoma,,-3.9,7.7,5.9,30284,325,73,6,8.2,3.2,1063|1462|3485|7298|29128|259266,CENPF|VCAN|IGFBP2|TYMS|UHRF1|ASPM,-1.4,0
1,-3.8,C0007113,M1,1,0,DisGeNET,35,Rectal Carcinoma,,-3.8,6.2,5.5,30284,472,73,7,9.6,3.4,332|4288|5347|7298|8836|11065|51053,BIRC5|MKI67|PLK1|TYMS|GGH|UBE2C|GMNN,-1.3,0
1,-3.8,C0004763,M1,1,0,DisGeNET,35,Barrett Esophagus,,-3.8,6.1,5.5,30284,478,73,7,9.6,3.4,857|890|4254|4288|7298|11065|22943,CAV1|CCNA2|KITLG|MKI67|TYMS|UBE2C|DKK1,-1.3,0
1,-3.8,C0079772,M1,1,0,DisGeNET,35,T-Cell Lymphoma,,-3.8,6,5.4,30284,485,73,7,9.6,3.4,857|4288|5347|7018|7298|22974|55165,CAV1|MKI67|PLK1|TF|TYMS|TPX2|CEP55,-1.3,0
1,-3.7,C0149782,M1,1,0,DisGeNET,35,Squamous cell carcinoma of lung,,-3.7,5,5.1,30284,670,73,8,11,3.7,857|1894|5347|6241|7298|10460|22974|51053,CAV1|ECT2|PLK1|RRM2|TYMS|TACC3|TPX2|GMNN,-1.2,0
1,-3.7,C0280324,M1,1,0,DisGeNET,35,Laryngeal Squamous Cell Carcinoma,,-3.7,5.8,5.3,30284,504,73,7,9.6,3.4,857|1462|1894|4288|8835|29128|51053,CAV1|VCAN|ECT2|MKI67|SOCS2|UHRF1|GMNN,-1.2,0
1,-3.7,C3146257,M1,1,0,DisGeNET,35,Stage II Colon Cancer AJCC v7,,-3.7,26,8.5,30284,48,73,3,4.1,2.3,1462|7298|22943,VCAN|TYMS|DKK1,-1.2,0
1,-3.7,C4525119,M1,1,0,DisGeNET,35,Stage II Colon Cancer AJCC v8,,-3.7,26,8.5,30284,48,73,3,4.1,2.3,1462|7298|22943,VCAN|TYMS|DKK1,-1.2,0
1,-3.6,C0279550,M1,1,0,DisGeNET,35,Adult Rhabdomyosarcoma,,-3.6,5.7,5.3,30284,509,73,7,9.6,3.4,857|3485|4254|4288|5347|6241|283120,CAV1|IGFBP2|KITLG|MKI67|PLK1|RRM2|H19,-1.2,0
1,-3.6,C0278479,M1,1,0,DisGeNET,35,Stage II Colon Cancer,,-3.6,25,8.4,30284,49,73,3,4.1,2.3,1462|7298|22943,VCAN|TYMS|DKK1,-1.2,0
1,-3.6,C0282612,M1,1,0,DisGeNET,35,Prostatic Intraepithelial Neoplasias,,-3.6,9,6,30284,230,73,5,6.8,3,857|3485|4288|5347|7042,CAV1|IGFBP2|MKI67|PLK1|TGFB2,-1.2,0
1,-3.6,C0220611,M1,1,0,DisGeNET,35,Childhood Rhabdomyosarcoma,,-3.6,5.6,5.2,30284,517,73,7,9.6,3.4,857|3485|4254|4288|5347|6241|283120,CAV1|IGFBP2|KITLG|MKI67|PLK1|RRM2|H19,-1.2,0
1,-3.6,C0027022,M1,1,0,DisGeNET,35,Myeloproliferative disease,,-3.6,6.8,5.5,30284,365,73,6,8.2,3.2,1154|4254|8835|22943|27122|283120,CISH|KITLG|SOCS2|DKK1|DKK3|H19,-1.2,0
1,-3.5,C0334276,M1,1,0,DisGeNET,35,Adenocarcinoma in Situ,,-3.5,23,7.9,30284,55,73,3,4.1,2.3,857|4288|27122,CAV1|MKI67|DKK3,-1.1,0
1,-3.5,C0008479,M1,1,0,DisGeNET,35,Chondrosarcoma,,-3.5,6.5,5.3,30284,385,73,6,8.2,3.2,890|1462|4288|5347|7042|22943,CCNA2|VCAN|MKI67|PLK1|TGFB2|DKK1,-1,0
1,-3.4,C0238461,M1,1,0,DisGeNET,35,Anaplastic thyroid carcinoma,,-3.4,6.3,5.2,30284,392,73,6,8.2,3.2,857|5347|11065|29128|55165|259266,CAV1|PLK1|UBE2C|UHRF1|CEP55|ASPM,-1,0
1,-3.4,C0282160,M1,1,0,DisGeNET,35,Aplasia Cutis Congenita,,-3.4,6.3,5.2,30284,392,73,6,8.2,3.2,1356|1462|6241|7298|9232|27122,CP|VCAN|RRM2|TYMS|PTTG1|DKK3,-1,0
1,-3.4,C0220668,M1,1,0,DisGeNET,35,Congenital contractural arachnodactyly,,-3.4,5.2,4.9,30284,559,73,7,9.6,3.4,332|5347|7018|7042|7298|9232|10460,BIRC5|PLK1|TF|TGFB2|TYMS|PTTG1|TACC3,-0.98,0
1,-3.4,C1136382,M1,1,0,DisGeNET,35,Sclerocystic Ovaries,,-3.4,12,6.2,30284,144,73,4,5.5,2.7,6241|54443|55165|259266,RRM2|ANLN|CEP55|ASPM,-0.98,0
1,-3.4,C0024620,M1,1,0,DisGeNET,35,Primary Malignant Liver Neoplasm,,-3.4,21,7.5,30284,60,73,3,4.1,2.3,890|7298|10051,CCNA2|TYMS|SMC4,-0.98,0
1,-3.4,C0346402,M1,1,0,DisGeNET,35,Malignant neoplasm of adrenal cortex,,-3.4,21,7.5,30284,60,73,3,4.1,2.3,3485|7298|9232,IGFBP2|TYMS|PTTG1,-0.98,0
1,-3.4,C0035412,M1,1,0,DisGeNET,35,Rhabdomyosarcoma,,-3.4,5.1,4.9,30284,565,73,7,9.6,3.4,857|3485|4254|4288|5347|6241|283120,CAV1|IGFBP2|KITLG|MKI67|PLK1|RRM2|H19,-0.97,0
1,-3.3,C0016057,M1,1,0,DisGeNET,35,Fibrosarcoma,,-3.3,6,5.1,30284,413,73,6,8.2,3.2,857|4254|4288|6241|7042|8836,CAV1|KITLG|MKI67|RRM2|TGFB2|GGH,-0.92,0
1,-3.3,C0271561,M1,1,0,DisGeNET,35,Somatotropin deficiency,,-3.3,11,6,30284,154,73,4,5.5,2.7,857|8835|51053|283120,CAV1|SOCS2|GMNN|H19,-0.89,0
1,-3.3,C0812413,M1,1,0,DisGeNET,35,Malignant Pleural Mesothelioma,,-3.3,5.9,5,30284,421,73,6,8.2,3.2,332|857|1356|3930|5347|7298,BIRC5|CAV1|CP|LBR|PLK1|TYMS,-0.89,0
1,-3.2,C0205851,M1,1,0,DisGeNET,35,Germ cell tumor,,-3.2,7.5,5.3,30284,278,73,5,6.8,3,1154|4254|7042|9232|283120,CISH|KITLG|TGFB2|PTTG1|H19,-0.87,0
1,-3.2,C0009376,M1,1,0,DisGeNET,35,Colonic Polyps,,-3.2,18,7,30284,69,73,3,4.1,2.3,3485|4254|22943,IGFBP2|KITLG|DKK1,-0.83,0
1,-3.2,C0266294,M1,1,0,DisGeNET,35,Unilateral agenesis of kidney,,-3.2,18,7,30284,69,73,3,4.1,2.3,3930|9928|259266,LBR|KIF14|ASPM,-0.83,0
1,-3.2,C0346429,M1,1,0,DisGeNET,35,Multiple malignancy,,-3.2,10,5.8,30284,163,73,4,5.5,2.7,857|3838|4751|10051,CAV1|KPNA2|NEK2|SMC4,-0.82,0
1,-3.2,C0751075,M1,1,0,DisGeNET,35,Cancer of Digestive System,,-3.2,18,6.9,30284,71,73,3,4.1,2.3,4751|7298|22974,NEK2|TYMS|TPX2,-0.8,0
1,-3.1,C3714796,M1,1,0,DisGeNET,35,Isolated somatotropin deficiency,,-3.1,9.9,5.7,30284,168,73,4,5.5,2.7,857|8835|51053|283120,CAV1|SOCS2|GMNN|H19,-0.77,0
1,-3.1,C0027962,M1,1,0,DisGeNET,35,Melanocytic nevus,,-3.1,7,5.1,30284,296,73,5,6.8,3,1462|4254|4288|11065|79801,VCAN|KITLG|MKI67|UBE2C|SHCBP1,-0.77,0
1,-3.1,C0003872,M1,1,0,DisGeNET,35,"Arthritis, Psoriatic",,-3.1,5.5,4.8,30284,450,73,6,8.2,3.2,3672|4288|7298|9232|22943|259266,ITGA1|MKI67|TYMS|PTTG1|DKK1|ASPM,-0.77,0
1,-3.1,C0039538,M1,1,0,DisGeNET,35,Teratoma,,-3.1,9.7,5.6,30284,171,73,4,5.5,2.7,332|1154|4254|51053,BIRC5|CISH|KITLG|GMNN,-0.77,0
1,-3.1,C0010633,M1,1,0,DisGeNET,35,Cystadenoma,,-3.1,17,6.6,30284,75,73,3,4.1,2.3,4288|5347|22943,MKI67|PLK1|DKK1,-0.77,0
1,-3.1,C0023461,M1,1,0,DisGeNET,35,"Leukemia, Mast-Cell",,-3.1,17,6.6,30284,75,73,3,4.1,2.3,4254|5347|283120,KITLG|PLK1|H19,-0.77,0
1,-3.1,C0017525,M1,1,0,DisGeNET,35,Giant Cell Tumors,,-3.1,16,6.6,30284,76,73,3,4.1,2.3,890|4288|283120,CCNA2|MKI67|H19,-0.75,0
1,-3.1,C0024232,M1,1,0,DisGeNET,35,Lymphatic Metastasis,,-3.1,5.4,4.7,30284,463,73,6,8.2,3.2,857|4288|5347|7298|11065|22974,CAV1|MKI67|PLK1|TYMS|UBE2C|TPX2,-0.73,0
1,-3,C4721414,M1,1,0,DisGeNET,35,Mantle cell lymphoma,,-3,5.4,4.6,30284,465,73,6,8.2,3.2,991|3930|5347|7042|22974|51053,CDC20|LBR|PLK1|TGFB2|TPX2|GMNN,-0.72,0
1,-3,C0019348,M1,1,0,DisGeNET,35,Herpes Simplex Infections,,-3,4.5,4.4,30284,644,73,7,9.6,3.4,1154|3148|3930|4001|7298|10051|283120,CISH|HMGB2|LBR|LMNB1|TYMS|SMC4|H19,-0.72,0
1,-3,C0036631,M1,1,0,DisGeNET,35,Seminoma,,-3,6.7,4.9,30284,311,73,5,6.8,3,1154|4254|4751|9232|283120,CISH|KITLG|NEK2|PTTG1|H19,-0.71,0
1,-3,C0032927,M1,1,0,DisGeNET,35,Precancerous Conditions,,-3,5.3,4.6,30284,471,73,6,8.2,3.2,857|1154|1356|1462|3485|29128,CAV1|CISH|CP|VCAN|IGFBP2|UHRF1,-0.7,0
1,-3,C0278601,M1,1,0,DisGeNET,35,Inflammatory Breast Carcinoma,,-3,9.1,5.4,30284,183,73,4,5.5,2.7,857|1894|11065|51203,CAV1|ECT2|UBE2C|NUSAP1,-0.69,0
1,-3,C0677936,M1,1,0,DisGeNET,35,Refractory cancer,,-3,9,5.4,30284,184,73,4,5.5,2.7,5347|7298|8836|29128,PLK1|TYMS|GGH|UHRF1,-0.68,0
1,-3,C0205969,M1,1,0,DisGeNET,35,Thymic Carcinoma,,-3,15,6.3,30284,82,73,3,4.1,2.3,4254|7298|8836,KITLG|TYMS|GGH,-0.68,0
1,-3,C0740457,M1,1,0,DisGeNET,35,Malignant neoplasm of kidney,,-3,4.4,4.3,30284,664,73,7,9.6,3.4,857|1462|7298|9232|22943|27122|29128,CAV1|VCAN|TYMS|PTTG1|DKK1|DKK3|UHRF1,-0.66,0
1,-3,C0220620,M1,1,0,DisGeNET,35,Gastrointestinal Carcinoid Tumor,,-3,6.4,4.8,30284,323,73,5,6.8,3,1154|4254|4288|7042|27122,CISH|KITLG|MKI67|TGFB2|DKK3,-0.66,0
1,-2.9,C0007124,M1,1,0,DisGeNET,35,Noninfiltrating Intraductal Carcinoma,,-2.9,5.1,4.5,30284,486,73,6,8.2,3.2,857|1154|3838|3930|4288|4751,CAV1|CISH|KPNA2|LBR|MKI67|NEK2,-0.65,0
1,-2.9,C1368683,M1,1,0,DisGeNET,35,Epithelioma,,-2.9,6.4,4.8,30284,326,73,5,6.8,3,857|4254|5347|7042|7298,CAV1|KITLG|PLK1|TGFB2|TYMS,-0.65,0
1,-2.9,C4722099,M1,1,0,DisGeNET,35,High grade glioma,,-2.9,8.7,5.3,30284,190,73,4,5.5,2.7,1462|1894|3485|7042,VCAN|ECT2|IGFBP2|TGFB2,-0.65,0
1,-2.9,C0002170,M1,1,0,DisGeNET,35,Alopecia,,-2.9,5.1,4.5,30284,490,73,6,8.2,3.2,332|1356|7042|7298|22943|79801,BIRC5|CP|TGFB2|TYMS|DKK1|SHCBP1,-0.64,0
1,-2.9,C0021843,M1,1,0,DisGeNET,35,Intestinal Obstruction,,-2.9,14,6.1,30284,87,73,3,4.1,2.3,4254|7298|115019,KITLG|TYMS|SLC26A9,-0.63,0
1,-2.9,C0085215,M1,1,0,DisGeNET,35,"Ovarian Failure, Premature",,-2.9,6.2,4.7,30284,333,73,5,6.8,3,857|4254|7298|22943|283120,CAV1|KITLG|TYMS|DKK1|H19,-0.62,0
1,-2.9,C0279680,M1,1,0,DisGeNET,35,Transitional cell carcinoma of bladder,,-2.9,6.2,4.7,30284,333,73,5,6.8,3,857|11065|29128|54443|55165,CAV1|UBE2C|UHRF1|ANLN|CEP55,-0.62,0
1,-2.9,C0030305,M1,1,0,DisGeNET,35,Pancreatitis,,-2.9,5,4.4,30284,502,73,6,8.2,3.2,857|991|7018|7298|54443|259266,CAV1|CDC20|TF|TYMS|ANLN|ASPM,-0.6,0
1,-2.9,C0003962,M1,1,0,DisGeNET,35,Ascites,,-2.9,8.4,5.1,30284,198,73,4,5.5,2.7,3930|7298|29028|55165,LBR|TYMS|ATAD2|CEP55,-0.6,0
1,-2.9,C0278660,M1,1,0,DisGeNET,35,Adult Synovial Sarcoma,,-2.9,8.4,5.1,30284,198,73,4,5.5,2.7,4288|5347|9837|79801,MKI67|PLK1|GINS1|SHCBP1,-0.6,0
1,-2.9,C0279982,M1,1,0,DisGeNET,35,Childhood Synovial Sarcoma,,-2.9,8.4,5.1,30284,198,73,4,5.5,2.7,4288|5347|9837|79801,MKI67|PLK1|GINS1|SHCBP1,-0.6,0
1,-2.9,C0220636,M1,1,0,DisGeNET,35,Malignant neoplasm of salivary gland,,-2.9,14,6,30284,91,73,3,4.1,2.3,1462|3485|259266,VCAN|IGFBP2|ASPM,-0.59,0
1,-2.9,C0151779,M1,1,0,DisGeNET,35,Cutaneous Melanoma,,-2.9,4.9,4.4,30284,507,73,6,8.2,3.2,4288|4751|5347|7298|9232|146909,MKI67|NEK2|PLK1|TYMS|PTTG1|KIF18B,-0.59,0
1,-2.8,C2363741,M1,1,0,DisGeNET,35,HIV-1 infection,,-2.8,4.2,4.2,30284,695,73,7,9.6,3.4,332|890|3930|5347|27122|29028|55165,BIRC5|CCNA2|LBR|PLK1|DKK3|ATAD2|CEP55,-0.59,0
1,-2.8,C0220756,M1,1,0,DisGeNET,35,"Niemann-Pick Disease, Type C",,-2.8,8.3,5.1,30284,201,73,4,5.5,2.7,857|1356|27122|283120,CAV1|CP|DKK3|H19,-0.59,0
1,-2.8,C0221170,M1,1,0,DisGeNET,35,Muscular stiffness,,-2.8,14,5.9,30284,92,73,3,4.1,2.3,857|3930|283120,CAV1|LBR|H19,-0.59,0
1,-2.8,C0949691,M1,1,0,DisGeNET,35,Spondylarthropathies,,-2.8,14,5.9,30284,92,73,3,4.1,2.3,1462|4288|22943,VCAN|MKI67|DKK1,-0.59,0
1,-2.8,C0334579,M1,1,0,DisGeNET,35,Anaplastic astrocytoma,,-2.8,8.2,5.1,30284,202,73,4,5.5,2.7,857|3485|4288|9928,CAV1|IGFBP2|MKI67|KIF14,-0.59,0
1,-2.8,C0034885,M1,1,0,DisGeNET,35,Rectal Neoplasms,,-2.8,13,5.9,30284,93,73,3,4.1,2.3,332|4288|7298,BIRC5|MKI67|TYMS,-0.58,0
1,-2.8,C0333983,M1,1,0,DisGeNET,35,Hyperplastic Polyp,,-2.8,8.1,5,30284,204,73,4,5.5,2.7,1356|4254|4288|8835,CP|KITLG|MKI67|SOCS2,-0.58,0
1,-2.8,C0221013,M1,1,0,DisGeNET,35,"Mastocytosis, Systemic",,-2.8,13,5.8,30284,94,73,3,4.1,2.3,4254|5347|283120,KITLG|PLK1|H19,-0.57,0
1,-2.8,C0038013,M1,1,0,DisGeNET,35,Ankylosing spondylitis,,-2.8,4.1,4.1,30284,710,73,7,9.6,3.4,1154|3672|9837|22943|27122|79801|259266,CISH|ITGA1|GINS1|DKK1|DKK3|SHCBP1|ASPM,-0.56,0
1,-2.8,C0011853,M1,1,0,DisGeNET,35,"Diabetes Mellitus, Experimental",,-2.8,4.8,4.3,30284,522,73,6,8.2,3.2,857|890|1356|7018|7042|9153,CAV1|CCNA2|CP|TF|TGFB2|SLC28A2,-0.56,0
1,-2.8,C0007786,M1,1,0,DisGeNET,35,Brain Ischemia,,-2.8,5.8,4.5,30284,358,73,5,6.8,3,857|1356|4254|7018|22943,CAV1|CP|KITLG|TF|DKK1,-0.53,0
1,-2.8,C3469521,M1,1,0,DisGeNET,35,"FANCONI ANEMIA, COMPLEMENTATION GROUP A (disorder)",,-2.8,5.8,4.5,30284,359,73,5,6.8,3,857|4254|8836|22943|29128,CAV1|KITLG|GGH|DKK1|UHRF1,-0.53,0
1,-2.7,C0238198,M1,1,0,DisGeNET,35,Gastrointestinal Stromal Tumors,,-2.7,4.6,4.2,30284,538,73,6,8.2,3.2,332|1462|4254|4288|22974|340547,BIRC5|VCAN|KITLG|MKI67|TPX2|VSIG1,-0.5,0
1,-2.7,C0040028,M1,1,0,DisGeNET,35,"Thrombocythemia, Essential",,-2.7,7.5,4.8,30284,220,73,4,5.5,2.7,1154|8835|22943|27122,CISH|SOCS2|DKK1|DKK3,-0.49,0
1,-2.7,C0028840,M1,1,0,DisGeNET,35,Ocular Hypertension,,-2.7,12,5.5,30284,103,73,3,4.1,2.3,857|1356|7042,CAV1|CP|TGFB2,-0.49,0
1,-2.7,C0149978,M1,1,0,DisGeNET,35,Adenocarcinoma of rectum,,-2.7,12,5.5,30284,103,73,3,4.1,2.3,4288|7298|11065,MKI67|TYMS|UBE2C,-0.49,0
1,-2.7,C3642346,M1,1,0,DisGeNET,35,Luminal B Breast Carcinoma,,-2.7,12,5.5,30284,103,73,3,4.1,2.3,3485|4288|7298,IGFBP2|MKI67|TYMS,-0.49,0
1,-2.7,C3665593,M1,1,0,DisGeNET,35,Melanocytic nevus of skin,,-2.7,12,5.5,30284,103,73,3,4.1,2.3,1462|4288|11065,VCAN|MKI67|UBE2C,-0.49,0
1,-2.7,C0279671,M1,1,0,DisGeNET,35,Cervical Squamous Cell Carcinoma,,-2.7,5.6,4.4,30284,371,73,5,6.8,3,1154|3148|4288|7298|29128,CISH|HMGB2|MKI67|TYMS|UHRF1,-0.49,0
1,-2.7,C0019189,M1,1,0,DisGeNET,35,"Hepatitis, Chronic",,-2.7,7.4,4.7,30284,224,73,4,5.5,2.7,1356|4288|5347|7018,CP|MKI67|PLK1|TF,-0.47,0
1,-2.7,C0278987,M1,1,0,DisGeNET,35,Metastatic non-small cell lung cancer,,-2.7,12,5.4,30284,106,73,3,4.1,2.3,5347|7298|22943,PLK1|TYMS|DKK1,-0.47,0
1,-2.7,C0023787,M1,1,0,DisGeNET,35,Lipodystrophy,,-2.7,7.3,4.7,30284,226,73,4,5.5,2.7,857|7298|9153|51053,CAV1|TYMS|SLC28A2|GMNN,-0.47,0
1,-2.7,C0266470,M1,1,0,DisGeNET,35,Cerebellar Hypoplasia,,-2.7,7.3,4.7,30284,226,73,4,5.5,2.7,1063|9928|55165|259266,CENPF|KIF14|CEP55|ASPM,-0.47,0
1,-2.6,C0278484,M1,1,0,DisGeNET,35,Malignant neoplasm of colon stage IV,,-2.6,12,5.4,30284,108,73,3,4.1,2.3,7042|7298|22974,TGFB2|TYMS|TPX2,-0.46,0
1,-2.6,C0018965,M1,1,0,DisGeNET,35,Hematuria,,-2.6,7.1,4.6,30284,235,73,4,5.5,2.7,1154|11065|128239|283120,CISH|UBE2C|IQGAP3|H19,-0.43,0
1,-2.6,C0032584,M1,1,0,DisGeNET,35,polyps,,-2.6,5.3,4.2,30284,390,73,5,6.8,3,4254|4288|8835|259266|340547,KITLG|MKI67|SOCS2|ASPM|VSIG1,-0.43,0
1,-2.6,C1449563,M1,1,0,DisGeNET,35,"Cardiomyopathy, Familial Idiopathic",,-2.6,3.8,3.8,30284,772,73,7,9.6,3.4,4001|4254|4288|4751|6241|7042|51435,LMNB1|KITLG|MKI67|NEK2|RRM2|TGFB2|SCARA3,-0.43,0
1,-2.6,C0278488,M1,1,0,DisGeNET,35,Carcinoma breast stage IV,,-2.6,4.3,4,30284,573,73,6,8.2,3.2,857|3930|5347|6241|7298|9232,CAV1|LBR|PLK1|RRM2|TYMS|PTTG1,-0.43,0
1,-2.6,C0015625,M1,1,0,DisGeNET,35,Fanconi Anemia,,-2.6,5.3,4.2,30284,393,73,5,6.8,3,857|4254|8836|22943|29128,CAV1|KITLG|GGH|DKK1|UHRF1,-0.43,0
1,-2.6,C0235833,M1,1,0,DisGeNET,35,Congenital diaphragmatic hernia,,-2.6,6.9,4.5,30284,239,73,4,5.5,2.7,857|4288|7018|7042,CAV1|MKI67|TF|TGFB2,-0.42,0
1,-2.6,C0206655,M1,1,0,DisGeNET,35,Alveolar rhabdomyosarcoma,,-2.6,11,5.2,30284,115,73,3,4.1,2.3,857|3485|5347,CAV1|IGFBP2|PLK1,-0.42,0
1,-2.6,C0036095,M1,1,0,DisGeNET,35,Salivary Gland Neoplasms,,-2.6,11,5.2,30284,116,73,3,4.1,2.3,1462|3485|259266,VCAN|IGFBP2|ASPM,-0.41,0
1,-2.5,C0019193,M1,1,0,DisGeNET,35,"Hepatitis, Toxic",,-2.5,5,4.1,30284,412,73,5,6.8,3,1356|4254|7018|8836|283120,CP|KITLG|TF|GGH|H19,-0.36,0
1,-2.5,C4279912,M1,1,0,DisGeNET,35,Chemically-Induced Liver Toxicity,,-2.5,5,4.1,30284,412,73,5,6.8,3,1356|4254|7018|8836|283120,CP|KITLG|TF|GGH|H19,-0.36,0
1,-2.5,C0023267,M1,1,0,DisGeNET,35,Fibroid Tumor,,-2.5,5,4,30284,413,73,5,6.8,3,857|1462|3485|4288|9232,CAV1|VCAN|IGFBP2|MKI67|PTTG1,-0.36,0
1,-2.5,C3658290,M1,1,0,DisGeNET,35,Drug-Induced Acute Liver Injury,,-2.5,5,4,30284,413,73,5,6.8,3,1356|4254|7018|8836|283120,CP|KITLG|TF|GGH|H19,-0.36,0
1,-2.5,C1134719,M1,1,0,DisGeNET,35,Invasive Ductal Breast Carcinoma,,-2.5,5,4,30284,414,73,5,6.8,3,857|4288|4751|9232|27122,CAV1|MKI67|NEK2|PTTG1|DKK3,-0.36,0
1,-2.5,C0392514,M1,1,0,DisGeNET,35,Hereditary hemochromatosis,,-2.5,6.5,4.4,30284,254,73,4,5.5,2.7,1356|5347|7018|7042,CP|PLK1|TF|TGFB2,-0.35,0
1,-2.5,C0018671,M1,1,0,DisGeNET,35,Head and Neck Neoplasms,,-2.5,10,5,30284,124,73,3,4.1,2.3,4288|6241|7298,MKI67|RRM2|TYMS,-0.35,0
1,-2.5,C0019207,M1,1,0,DisGeNET,35,"Hepatoma, Morris",,-2.5,10,5,30284,124,73,3,4.1,2.3,1356|7042|283120,CP|TGFB2|H19,-0.35,0
1,-2.5,C1262760,M1,1,0,DisGeNET,35,"Hepatitis, Drug-Induced",,-2.5,5,4,30284,418,73,5,6.8,3,1356|4254|7018|8836|283120,CP|KITLG|TF|GGH|H19,-0.35,0
1,-2.5,C0018916,M1,1,0,DisGeNET,35,Hemangioma,,-2.5,6.5,4.3,30284,256,73,4,5.5,2.7,4288|22943|27122|79801,MKI67|DKK1|DKK3|SHCBP1,-0.35,0
1,-2.5,C0032580,M1,1,0,DisGeNET,35,Adenomatous Polyposis Coli,,-2.5,4.1,3.8,30284,609,73,6,8.2,3.2,332|857|4288|5347|22943|27122,BIRC5|CAV1|MKI67|PLK1|DKK1|DKK3,-0.34,0
1,-2.4,C0040021,M1,1,0,DisGeNET,35,Thromboangiitis Obliterans,,-2.4,9.8,4.9,30284,127,73,3,4.1,2.3,4288|7042|11065,MKI67|TGFB2|UBE2C,-0.33,0
1,-2.4,C0239998,M1,1,0,DisGeNET,35,Recurrent infections,,-2.4,9.8,4.9,30284,127,73,3,4.1,2.3,857|7018|9837,CAV1|TF|GINS1,-0.33,0
1,-2.4,C2826323,M1,1,0,DisGeNET,35,Refractory Cytopenia of Childhood,,-2.4,6.3,4.2,30284,264,73,4,5.5,2.7,22943|27122|29128|55165,DKK1|DKK3|UHRF1|CEP55,-0.32,0
1,-2.4,C1270972,M1,1,0,DisGeNET,35,Mild cognitive disorder,,-2.4,4.8,3.9,30284,430,73,5,6.8,3,1356|3485|7042|22943|79801,CP|IGFBP2|TGFB2|DKK1|SHCBP1,-0.32,0
1,-2.4,C0018800,M1,1,0,DisGeNET,35,Cardiomegaly,,-2.4,6.2,4.2,30284,267,73,4,5.5,2.7,857|3930|7042|283120,CAV1|LBR|TGFB2|H19,-0.3,0
1,-2.4,C0027533,M1,1,0,DisGeNET,35,Neck Neoplasms,,-2.4,9.4,4.8,30284,132,73,3,4.1,2.3,991|5347|7298,CDC20|PLK1|TYMS,-0.3,0
1,-2.4,C0022578,M1,1,0,DisGeNET,35,Keratoconus,,-2.4,6.2,4.2,30284,269,73,4,5.5,2.7,4751|7018|7042|7298,NEK2|TF|TGFB2|TYMS,-0.3,0
1,-2.4,C0751396,M1,1,0,DisGeNET,35,Well Differentiated Oligodendroglioma,,-2.4,6.1,4.2,30284,270,73,4,5.5,2.7,332|857|3485|4288,BIRC5|CAV1|IGFBP2|MKI67,-0.3,0
1,-2.4,C0023530,M1,1,0,DisGeNET,35,Leukopenia,,-2.4,4.7,3.9,30284,439,73,5,6.8,3,5347|7298|8836|9837|27122,PLK1|TYMS|GGH|GINS1|DKK3,-0.29,0
1,-2.4,C1176475,M1,1,0,DisGeNET,35,Ductal Carcinoma,,-2.4,6.1,4.1,30284,273,73,4,5.5,2.7,857|1154|4751|51435,CAV1|CISH|NEK2|SCARA3,-0.28,0
1,-2.4,C0022602,M1,1,0,DisGeNET,35,Actinic keratosis,,-2.4,9.2,4.7,30284,136,73,3,4.1,2.3,3930|4288|9232,LBR|MKI67|PTTG1,-0.28,0
1,-2.4,C0231341,M1,1,0,DisGeNET,35,Premature aging syndrome,,-2.4,9.2,4.7,30284,136,73,3,4.1,2.3,857|3930|259266,CAV1|LBR|ASPM,-0.28,0
1,-2.3,C0017168,M1,1,0,DisGeNET,35,Gastroesophageal reflux disease,,-2.3,4.7,3.8,30284,446,73,5,6.8,3,857|3485|3930|7298|22943,CAV1|IGFBP2|LBR|TYMS|DKK1,-0.27,0
1,-2.3,C0001206,M1,1,0,DisGeNET,35,Acromegaly,,-2.3,9,4.6,30284,138,73,3,4.1,2.3,1154|4288|8835,CISH|MKI67|SOCS2,-0.27,0
1,-2.3,C0269102,M1,1,0,DisGeNET,35,Endometrioma,,-2.3,5.9,4.1,30284,279,73,4,5.5,2.7,1462|7042|22943|25840,VCAN|TGFB2|DKK1|TMT1A,-0.26,0
1,-2.3,C1302401,M1,1,0,DisGeNET,35,Adenoma of large intestine,,-2.3,4.6,3.8,30284,452,73,5,6.8,3,4254|7298|9232|22974|27122,KITLG|TYMS|PTTG1|TPX2|DKK3,-0.25,0
1,-2.3,C0278701,M1,1,0,DisGeNET,35,Gastric Adenocarcinoma,,-2.3,4.6,3.8,30284,453,73,5,6.8,3,332|3838|7298|11065|22943,BIRC5|KPNA2|TYMS|UBE2C|DKK1,-0.25,0
1,-2.3,C0017668,M1,1,0,DisGeNET,35,Focal glomerulosclerosis,,-2.3,5.9,4.1,30284,281,73,4,5.5,2.7,1356|1462|1894|54443,CP|VCAN|ECT2|ANLN,-0.25,0
1,-2.3,C0023487,M1,1,0,DisGeNET,35,Acute Promyelocytic Leukemia,,-2.3,3.8,3.6,30284,650,73,6,8.2,3.2,332|890|3930|4001|7298|22943,BIRC5|CCNA2|LBR|LMNB1|TYMS|DKK1,-0.25,0
1,-2.3,C0028945,M1,1,0,DisGeNET,35,oligodendroglioma,,-2.3,5.9,4.1,30284,282,73,4,5.5,2.7,332|857|3485|4288,BIRC5|CAV1|IGFBP2|MKI67,-0.25,0
1,-2.3,C0023492,M1,1,0,DisGeNET,35,"Leukemia, T-Cell",,-2.3,4.5,3.7,30284,457,73,5,6.8,3,332|857|991|3930|22974,BIRC5|CAV1|CDC20|LBR|TPX2,-0.24,0
1,-2.3,C0260037,M1,1,0,DisGeNET,35,Multiple tumors,,-2.3,8.7,4.5,30284,143,73,3,4.1,2.3,991|55165|283120,CDC20|CEP55|H19,-0.24,0
1,-2.3,C0424678,M1,1,0,DisGeNET,35,Lean body mass,,-2.3,8.6,4.5,30284,144,73,3,4.1,2.3,1462|8835|10460,VCAN|SOCS2|TACC3,-0.23,0
1,-2.3,C4277682,M1,1,0,DisGeNET,35,Chemical and Drug Induced Liver Injury,,-2.3,4.5,3.7,30284,461,73,5,6.8,3,1356|4254|7018|8836|283120,CP|KITLG|TF|GGH|H19,-0.23,0
1,-2.3,C1960398,M1,1,0,DisGeNET,35,HER2-positive carcinoma of breast,,-2.3,5.8,4,30284,288,73,4,5.5,2.7,4288|5347|7298|11004,MKI67|PLK1|TYMS|KIF2C,-0.23,0
1,-2.3,C0279606,M1,1,0,DisGeNET,35,Childhood Hepatocellular Carcinoma,,-2.3,8.5,4.5,30284,146,73,3,4.1,2.3,8507|9585|22974,ENC1|KIF20B|TPX2,-0.22,0
1,-2.3,C0032463,M1,1,0,DisGeNET,35,Polycythemia Vera,,-2.3,5.7,4,30284,291,73,4,5.5,2.7,4254|8835|22943|27122,KITLG|SOCS2|DKK1|DKK3,-0.22,0
1,-2.3,C0040100,M1,1,0,DisGeNET,35,Thymoma,,-2.3,5.7,4,30284,291,73,4,5.5,2.7,4254|7298|29128|51435,KITLG|TYMS|UHRF1|SCARA3,-0.22,0
1,-2.2,C1857679,M1,1,0,DisGeNET,35,Sloping forehead,,-2.2,8.4,4.4,30284,149,73,3,4.1,2.3,9928|55165|259266,KIF14|CEP55|ASPM,-0.2,0
1,-2.2,C0279607,M1,1,0,DisGeNET,35,Adult Hepatocellular Carcinoma,,-2.2,8.3,4.4,30284,150,73,3,4.1,2.3,8507|9585|22974,ENC1|KIF20B|TPX2,-0.19,0
1,-2.2,C3495917,M1,1,0,DisGeNET,35,Advanced breast cancer,,-2.2,8.2,4.4,30284,151,73,3,4.1,2.3,3838|4288|7298,KPNA2|MKI67|TYMS,-0.19,0
1,-2.2,C0024301,M1,1,0,DisGeNET,35,"Lymphoma, Follicular",,-2.2,4.3,3.6,30284,477,73,5,6.8,3,4001|4288|5347|7298|8835,LMNB1|MKI67|PLK1|TYMS|SOCS2,-0.18,0
1,-2.2,C0025322,M1,1,0,DisGeNET,35,Premature Menopause,,-2.2,5.5,3.9,30284,299,73,4,5.5,2.7,857|4254|7298|22943,CAV1|KITLG|TYMS|DKK1,-0.18,0
1,-2.2,C0023904,M1,1,0,DisGeNET,35,"Liver Neoplasms, Experimental",,-2.2,8.2,4.4,30284,152,73,3,4.1,2.3,332|1356|283120,BIRC5|CP|H19,-0.18,0
1,-2.2,C0024530,M1,1,0,DisGeNET,35,Malaria,,-2.2,3.6,3.4,30284,683,73,6,8.2,3.2,1154|3930|4751|7042|7298|259266,CISH|LBR|NEK2|TGFB2|TYMS|ASPM,-0.18,0
1,-2.2,C0242383,M1,1,0,DisGeNET,35,Age related macular degeneration,,-2.2,3.6,3.4,30284,685,73,6,8.2,3.2,857|1356|7018|7042|22943|259266,CAV1|CP|TF|TGFB2|DKK1|ASPM,-0.17,0
1,-2.2,C0011303,M1,1,0,DisGeNET,35,Demyelinating Diseases,,-2.2,8,4.3,30284,155,73,3,4.1,2.3,1154|3485|4001,CISH|IGFBP2|LMNB1,-0.17,0
1,-2.2,C0153349,M1,1,0,DisGeNET,35,Malignant neoplasm of tongue,,-2.2,8,4.3,30284,155,73,3,4.1,2.3,857|7298|9585,CAV1|TYMS|KIF20B,-0.17,0
1,-2.2,C0206667,M1,1,0,DisGeNET,35,Adrenal Cortical Adenoma,,-2.2,8,4.3,30284,156,73,3,4.1,2.3,8507|9232|283120,ENC1|PTTG1|H19,-0.16,0
1,-2.2,C0206754,M1,1,0,DisGeNET,35,Neuroendocrine Tumors,,-2.2,4.2,3.5,30284,491,73,5,6.8,3,857|1462|4288|7298|8836,CAV1|VCAN|MKI67|TYMS|GGH,-0.15,0
1,-2.1,C0235782,M1,1,0,DisGeNET,35,Gallbladder Carcinoma,,-2.1,4.2,3.5,30284,498,73,5,6.8,3,3485|3838|7298|27122|29128,IGFBP2|KPNA2|TYMS|DKK3|UHRF1,-0.12,0
1,-2.1,C0021655,M1,1,0,DisGeNET,35,Insulin Resistance,,-2.1,7.7,4.2,30284,162,73,3,4.1,2.3,857|3485|7018,CAV1|IGFBP2|TF,-0.12,0
1,-2.1,C0011644,M1,1,0,DisGeNET,35,Scleroderma,,-2.1,5.3,3.7,30284,316,73,4,5.5,2.7,857|3930|4254|22943,CAV1|LBR|KITLG|DKK1,-0.12,0
1,-2.1,C0280099,M1,1,0,DisGeNET,35,Adult Solid Neoplasm,,-2.1,7.6,4.2,30284,163,73,3,4.1,2.3,3838|7298|27122,KPNA2|TYMS|DKK3,-0.12,0
1,-2.1,C1275122,M1,1,0,DisGeNET,35,Familial multiple trichoepitheliomata,,-2.1,5.2,3.7,30284,317,73,4,5.5,2.7,3485|4254|22943|29128,IGFBP2|KITLG|DKK1|UHRF1,-0.12,0
1,-2.1,C0872084,M1,1,0,DisGeNET,35,Sarcopenia,,-2.1,7.6,4.2,30284,164,73,3,4.1,2.3,857|22943|27122,CAV1|DKK1|DKK3,-0.11,0
1,-2.1,C0278883,M1,1,0,DisGeNET,35,Metastatic melanoma,,-2.1,4.1,3.5,30284,504,73,5,6.8,3,3672|3930|4254|4288|22943,ITGA1|LBR|KITLG|MKI67|DKK1,-0.11,0
1,-2.1,C0206659,M1,1,0,DisGeNET,35,Embryonal Carcinoma,,-2.1,7.5,4.1,30284,165,73,3,4.1,2.3,1154|4288|7042,CISH|MKI67|TGFB2,-0.11,0
1,-2.1,C0011265,M1,1,0,DisGeNET,35,Presenile dementia,,-2.1,3.5,3.3,30284,716,73,6,8.2,3.2,857|1356|3485|7018|7042|7298,CAV1|CP|IGFBP2|TF|TGFB2|TYMS,-0.1,0
1,-2.1,C2938924,M1,1,0,DisGeNET,35,Oestrogen receptor positive breast cancer,,-2.1,4.1,3.4,30284,510,73,5,6.8,3,991|1894|4288|9232|22943,CDC20|ECT2|MKI67|PTTG1|DKK1,-0.094,0
1,-2.1,C0279068,M1,1,0,DisGeNET,35,Childhood Solid Neoplasm,,-2.1,7.4,4.1,30284,169,73,3,4.1,2.3,3838|7298|27122,KPNA2|TYMS|DKK3,-0.085,0
1,-2.1,C1519689,M1,1,0,DisGeNET,35,Tumor Promotion,,-2.1,7.3,4.1,30284,170,73,3,4.1,2.3,4288|22943|83461,MKI67|DKK1|CDCA3,-0.081,0
1,-2.1,C4087504,M1,1,0,DisGeNET,35,Peritoneal dissemination,,-2.1,7.3,4.1,30284,170,73,3,4.1,2.3,4751|11004|27122,NEK2|KIF2C|DKK3,-0.081,0
1,-2.1,C0281361,M1,1,0,DisGeNET,35,Adenocarcinoma of pancreas,,-2.1,4,3.4,30284,518,73,5,6.8,3,857|3485|6241|22943|22974,CAV1|IGFBP2|RRM2|DKK1|TPX2,-0.071,0
1,-2.1,C1334274,M1,1,0,DisGeNET,35,Invasive Carcinoma,,-2.1,7.2,4,30284,173,73,3,4.1,2.3,1154|3838|4288,CISH|KPNA2|MKI67,-0.063,0
1,-2,C0598935,M1,1,0,DisGeNET,35,Tumor Initiation,,-2,3.9,3.3,30284,533,73,5,6.8,3,857|1154|1462|5347|22943,CAV1|CISH|VCAN|PLK1|DKK1,-0.025,0
1,-2,C2717836,M1,1,0,DisGeNET,35,Steroid Sulfatase Deficiency Disease,,-2,6.9,3.9,30284,181,73,3,4.1,2.3,4288|7298|10460,MKI67|TYMS|TACC3,-0.016,0
1,-2,C0860207,M1,1,0,DisGeNET,35,Drug-Induced Liver Disease,,-2,3.9,3.3,30284,537,73,5,6.8,3,1356|4254|7018|8836|283120,CP|KITLG|TF|GGH|H19,-0.016,0
1,-2,C0031511,M1,1,0,DisGeNET,35,Pheochromocytoma,,-2,4.8,3.5,30284,344,73,4,5.5,2.7,332|3485|4288|283120,BIRC5|IGFBP2|MKI67|H19,-0.016,0
1,-2,C0029925,M1,1,0,DisGeNET,35,Ovarian Carcinoma,,-2,3.8,3.3,30284,539,73,5,6.8,3,857|4288|7298|22943|26147,CAV1|MKI67|TYMS|DKK1|PHF19,-0.011,0
1,-2,C0023493,M1,1,0,DisGeNET,35,Adult T-Cell Lymphoma/Leukemia,,-2,3.8,3.3,30284,540,73,5,6.8,3,332|857|1154|3930|22974,BIRC5|CAV1|CISH|LBR|TPX2,-0.009,0
1,-2,C0033036,M1,1,0,DisGeNET,35,Atrial Premature Complexes,,-2,6.8,3.9,30284,183,73,3,4.1,2.3,857|5347|7042,CAV1|PLK1|TGFB2,-0.0087,0
1,-2,C1336076,M1,1,0,DisGeNET,35,Sporadic Breast Carcinoma,,-2,6.8,3.9,30284,183,73,3,4.1,2.3,857|7298|29128,CAV1|TYMS|UHRF1,-0.0087,0
