_MEMBER_MyList,_LogP_MyList,GO,_PATTERN_,_RANK_,GiniIndex,Category,CategoryID,Description,PARENT_GO,LogP,Enrichment,Z-score,#TotalGeneInLibrary,#GeneInGO,#GeneInHitList,#GeneInGOAndHitList,%InGO,STDV %InGO,GeneID,Hits,Log(q-value),EvidenceCutoff
1,-11,TRR01419,M1,1,0,TRRUST,34,Regulated by: TP53,,-11,24,15,30284,176,73,10,14,4,332|857|890|1462|4288|5347|7298|9232|22943|29128,BIRC5|CAV1|CCNA2|VCAN|MKI67|PLK1|TYMS|PTTG1|DKK1|UHRF1,-7.7,0
1,-10,TRR00230,M1,1,0,TRRUST,34,Regulated by: E2F1,,-10,26,15,30284,144,73,9,12,3.8,332|1894|5347|6241|7298|11004|29028|29128|283120,BIRC5|ECT2|PLK1|RRM2|TYMS|KIF2C|ATAD2|UHRF1|H19,-7.1,0
1,-4,TRR01546,M1,1,0,TRRUST,34,Regulated by: YBX1,,-4,34,9.8,30284,37,73,3,4.1,2.3,991|3838|7298,CDC20|KPNA2|TYMS,-1.5,0
1,-3.6,TRR01256,M1,1,0,TRRUST,34,Regulated by: SP1,,-3.6,5.5,5.1,30284,525,73,7,9.6,3.4,332|857|890|7018|7298|9232|11004,BIRC5|CAV1|CCNA2|TF|TYMS|PTTG1|KIF2C,-1.1,0
1,-2.6,TRR00780,M1,1,0,TRRUST,34,Regulated by: MYC,,-2.6,11,5.3,30284,112,73,3,4.1,2.3,890|11065|22943,CCNA2|UBE2C|DKK1,-0.43,0
