Category,CategoryID,GO,Description,PARENT_GO,LogP,Enrichment,Z-score,#TotalGeneInLibrary,#GeneInGO,#GeneInHitList,#GeneInGOAndHitList,%InGO,STDV %InGO,GeneID,Hits,Log(q-value),GeneList
GO Biological Processes,19,GO:0051301,cell division,19_GO:0009987 cellular process,-25,20,21,30284,522,73,25,34,5.6,332|890|991|1063|1894|4751|5347|7042|9232|9585|9928|10051|10460|11004|11065|22974|51203|54443|55165|83461|89958|128239|146909|157313|259266,BIRC5|CCNA2|CDC20|CENPF|ECT2|NEK2|PLK1|TGFB2|PTTG1|KIF20B|KIF14|SMC4|TACC3|KIF2C|UBE2C|TPX2|NUSAP1|ANLN|CEP55|CDCA3|SAPCD2|IQGAP3|KIF18B|CDCA2|ASPM,-21,MyList
GO Biological Processes,19,GO:1903047,mitotic cell cycle process,19_GO:0009987 cellular process,-21,17,19,30284,523,73,22,30,5.4,332|890|991|1063|1894|4751|5347|9787|9837|9928|10051|10460|11004|11065|22974|29128|51203|54443|55165|89958|128239|146909,BIRC5|CCNA2|CDC20|CENPF|ECT2|NEK2|PLK1|DLGAP5|GINS1|KIF14|SMC4|TACC3|KIF2C|UBE2C|TPX2|UHRF1|NUSAP1|ANLN|CEP55|SAPCD2|IQGAP3|KIF18B,-17,MyList
GO Biological Processes,19,GO:0000278,mitotic cell cycle,19_GO:0009987 cellular process,-20,15,17,30284,603,73,22,30,5.4,332|890|991|1063|1894|4751|5347|9787|9837|9928|10051|10460|11004|11065|22974|29128|51203|54443|55165|89958|128239|146909,BIRC5|CCNA2|CDC20|CENPF|ECT2|NEK2|PLK1|DLGAP5|GINS1|KIF14|SMC4|TACC3|KIF2C|UBE2C|TPX2|UHRF1|NUSAP1|ANLN|CEP55|SAPCD2|IQGAP3|KIF18B,-16,MyList
GO Biological Processes,19,GO:0007059,chromosome segregation,19_GO:0009987 cellular process,-17,21,18,30284,335,73,17,23,4.9,332|991|1063|4288|4751|5347|9232|9787|9928|10051|11004|22974|29128|51203|146909|157313|259266,BIRC5|CDC20|CENPF|MKI67|NEK2|PLK1|PTTG1|DLGAP5|KIF14|SMC4|KIF2C|TPX2|UHRF1|NUSAP1|KIF18B|CDCA2|ASPM,-14,MyList
GO Biological Processes,19,GO:0098813,nuclear chromosome segregation,19_GO:0009987 cellular process,-17,27,19,30284,234,73,15,21,4.7,332|991|1063|4751|5347|9232|9787|9928|10051|11004|22974|29128|51203|146909|259266,BIRC5|CDC20|CENPF|NEK2|PLK1|PTTG1|DLGAP5|KIF14|SMC4|KIF2C|TPX2|UHRF1|NUSAP1|KIF18B|ASPM,-13,MyList
GO Biological Processes,19,GO:0140014,mitotic nuclear division,19_GO:0009987 cellular process,-16,32,20,30284,168,73,13,18,4.5,332|991|4751|5347|9787|9928|10051|11004|11065|22974|29128|51203|146909,BIRC5|CDC20|NEK2|PLK1|DLGAP5|KIF14|SMC4|KIF2C|UBE2C|TPX2|UHRF1|NUSAP1|KIF18B,-12,MyList
GO Biological Processes,19,GO:0000070,mitotic sister chromatid segregation,19_GO:0009987 cellular process,-15,35,20,30284,142,73,12,16,4.3,332|991|4751|5347|9787|9928|10051|11004|22974|29128|51203|146909,BIRC5|CDC20|NEK2|PLK1|DLGAP5|KIF14|SMC4|KIF2C|TPX2|UHRF1|NUSAP1|KIF18B,-12,MyList
Reactome Gene Sets,6,R-HSA-69278,"Cell Cycle, Mitotic",,-15,15,15,30284,475,73,17,23,4.9,890|991|1063|3930|4001|4751|5347|6241|7298|8340|9232|9837|10051|11004|11065|22974|51053,CCNA2|CDC20|CENPF|LBR|LMNB1|NEK2|PLK1|RRM2|TYMS|H2BC13|PTTG1|GINS1|SMC4|KIF2C|UBE2C|TPX2|GMNN,-12,MyList
GO Biological Processes,19,GO:0000280,nuclear division,19_GO:0009987 cellular process,-15,19,16,30284,320,73,15,21,4.7,332|991|4751|5347|9232|9787|9928|10051|11004|11065|22974|29128|51203|146909|259266,BIRC5|CDC20|NEK2|PLK1|PTTG1|DLGAP5|KIF14|SMC4|KIF2C|UBE2C|TPX2|UHRF1|NUSAP1|KIF18B|ASPM,-12,MyList
GO Biological Processes,19,GO:0000819,sister chromatid segregation,19_GO:0009987 cellular process,-15,34,20,30284,146,73,12,16,4.3,332|991|4751|5347|9787|9928|10051|11004|22974|29128|51203|146909,BIRC5|CDC20|NEK2|PLK1|DLGAP5|KIF14|SMC4|KIF2C|TPX2|UHRF1|NUSAP1|KIF18B,-12,MyList
GO Biological Processes,19,GO:0051276,chromosome organization,19_GO:0009987 cellular process,-14,14,14,30284,511,73,17,23,4.9,332|991|1063|3009|3148|4751|5347|9232|9787|9837|9928|10051|11004|22974|29128|51203|146909,BIRC5|CDC20|CENPF|H1-5|HMGB2|NEK2|PLK1|PTTG1|DLGAP5|GINS1|KIF14|SMC4|KIF2C|TPX2|UHRF1|NUSAP1|KIF18B,-11,MyList
GO Biological Processes,19,GO:0048285,organelle fission,19_GO:0009987 cellular process,-14,18,16,30284,348,73,15,21,4.7,332|991|4751|5347|9232|9787|9928|10051|11004|11065|22974|29128|51203|146909|259266,BIRC5|CDC20|NEK2|PLK1|PTTG1|DLGAP5|KIF14|SMC4|KIF2C|UBE2C|TPX2|UHRF1|NUSAP1|KIF18B|ASPM,-11,MyList
GO Biological Processes,19,GO:0007088,regulation of mitotic nuclear division,19_GO:0050789 regulation of biological process,-14,38,20,30284,121,73,11,15,4.2,332|991|1063|4288|4751|5347|9585|9787|11065|51203|157313,BIRC5|CDC20|CENPF|MKI67|NEK2|PLK1|KIF20B|DLGAP5|UBE2C|NUSAP1|CDCA2,-11,MyList
GO Biological Processes,19,GO:0010564,regulation of cell cycle process,19_GO:0050789 regulation of biological process,-14,10,13,30284,776,73,19,26,5.1,332|991|1063|1894|4288|4751|5347|6241|9585|9787|9928|10051|10460|11004|11065|22974|51203|54443|157313,BIRC5|CDC20|CENPF|ECT2|MKI67|NEK2|PLK1|RRM2|KIF20B|DLGAP5|KIF14|SMC4|TACC3|KIF2C|UBE2C|TPX2|NUSAP1|ANLN|CDCA2,-10,MyList
GO Biological Processes,19,GO:0051983,regulation of chromosome segregation,19_GO:0050789 regulation of biological process,-14,33,19,30284,137,73,11,15,4.2,332|991|1063|4288|5347|9787|10051|10460|11004|11065|157313,BIRC5|CDC20|CENPF|MKI67|PLK1|DLGAP5|SMC4|TACC3|KIF2C|UBE2C|CDCA2,-10,MyList
Reactome Gene Sets,6,R-HSA-1640170,Cell Cycle,,-13,12,13,30284,584,73,17,23,4.9,890|991|1063|3930|4001|4751|5347|6241|7298|8340|9232|9837|10051|11004|11065|22974|51053,CCNA2|CDC20|CENPF|LBR|LMNB1|NEK2|PLK1|RRM2|TYMS|H2BC13|PTTG1|GINS1|SMC4|KIF2C|UBE2C|TPX2|GMNN,-10,MyList
GO Biological Processes,19,GO:0051783,regulation of nuclear division,19_GO:0050789 regulation of biological process,-13,31,18,30284,147,73,11,15,4.2,332|991|1063|4288|4751|5347|9585|9787|11065|51203|157313,BIRC5|CDC20|CENPF|MKI67|NEK2|PLK1|KIF20B|DLGAP5|UBE2C|NUSAP1|CDCA2,-10,MyList
GO Biological Processes,19,GO:1902850,microtubule cytoskeleton organization involved in mitosis,19_GO:0009987 cellular process,-12,31,17,30284,135,73,10,14,4,332|991|4751|5347|9787|10460|22974|29128|51203|89958,BIRC5|CDC20|NEK2|PLK1|DLGAP5|TACC3|TPX2|UHRF1|NUSAP1|SAPCD2,-8.9,MyList
GO Biological Processes,19,GO:0007346,regulation of mitotic cell cycle,19_GO:0050789 regulation of biological process,-12,12,12,30284,533,73,15,21,4.7,332|991|1063|4288|4751|5347|6241|9585|9787|9928|11065|51053|51203|54443|157313,BIRC5|CDC20|CENPF|MKI67|NEK2|PLK1|RRM2|KIF20B|DLGAP5|KIF14|UBE2C|GMNN|NUSAP1|ANLN|CDCA2,-8.6,MyList
GO Biological Processes,19,GO:0000226,microtubule cytoskeleton organization,19_GO:0009987 cellular process,-11,11,12,30284,578,73,15,21,4.7,332|991|4751|5347|9787|10460|11004|22974|29128|51203|57530|89958|146909|259266|283431,BIRC5|CDC20|NEK2|PLK1|DLGAP5|TACC3|KIF2C|TPX2|UHRF1|NUSAP1|CGN|SAPCD2|KIF18B|ASPM|GAS2L3,-8.1,MyList
GO Biological Processes,19,GO:0007052,mitotic spindle organization,19_GO:0009987 cellular process,-10,34,16,30284,99,73,8,11,3.7,332|991|4751|5347|9787|10460|22974|29128,BIRC5|CDC20|NEK2|PLK1|DLGAP5|TACC3|TPX2|UHRF1,-6.9,MyList
GO Biological Processes,19,GO:0007051,spindle organization,19_GO:0009987 cellular process,-9.5,22,14,30284,169,73,9,12,3.8,332|991|4751|5347|9787|10460|22974|29128|259266,BIRC5|CDC20|NEK2|PLK1|DLGAP5|TACC3|TPX2|UHRF1|ASPM,-6.5,MyList
GO Biological Processes,19,GO:0045787,positive regulation of cell cycle,19_GO:0048518 positive regulation of biological process,-9.2,13,11,30284,343,73,11,15,4.2,332|991|1894|6241|7042|9585|9787|9928|10051|11065|51203,BIRC5|CDC20|ECT2|RRM2|TGFB2|KIF20B|DLGAP5|KIF14|SMC4|UBE2C|NUSAP1,-6.2,MyList
GO Biological Processes,19,GO:1905818,regulation of chromosome separation,19_GO:0050789 regulation of biological process,-9.1,38,16,30284,77,73,7,9.6,3.4,332|991|1063|5347|9787|10051|11065,BIRC5|CDC20|CENPF|PLK1|DLGAP5|SMC4|UBE2C,-6.2,MyList
Reactome Gene Sets,6,R-HSA-68886,M Phase,,-9.1,13,11,30284,354,73,11,15,4.2,991|1063|3930|4001|4751|5347|8340|9232|10051|11004|11065,CDC20|CENPF|LBR|LMNB1|NEK2|PLK1|H2BC13|PTTG1|SMC4|KIF2C|UBE2C,-6.1,MyList
GO Biological Processes,19,GO:0090068,positive regulation of cell cycle process,19_GO:0048518 positive regulation of biological process,-8.9,15,12,30284,273,73,10,14,4,332|991|1894|6241|9585|9787|9928|10051|11065|51203,BIRC5|CDC20|ECT2|RRM2|KIF20B|DLGAP5|KIF14|SMC4|UBE2C|NUSAP1,-6,MyList
GO Biological Processes,19,GO:0000281,mitotic cytokinesis,19_GO:0009987 cellular process,-8.7,33,15,30284,89,73,7,9.6,3.4,332|1894|5347|51203|54443|55165|128239,BIRC5|ECT2|PLK1|NUSAP1|ANLN|CEP55|IQGAP3,-5.8,MyList
Reactome Gene Sets,6,R-HSA-176814,Activation of APC/C and APC/C:Cdc20 mediated degradation of mitotic proteins,,-8.4,45,16,30284,55,73,6,8.2,3.2,890|991|4751|5347|9232|11065,CCNA2|CDC20|NEK2|PLK1|PTTG1|UBE2C,-5.5,MyList
WikiPathways,27,WP2361,Gastric cancer network 1,,-8.1,72,19,30284,29,73,5,6.8,3,1063|1894|9585|11065|22974,CENPF|ECT2|KIF20B|UBE2C|TPX2,-5.2,MyList
GO Biological Processes,19,GO:0033045,regulation of sister chromatid segregation,19_GO:0050789 regulation of biological process,-8.1,27,13,30284,108,73,7,9.6,3.4,332|991|1063|5347|9787|10460|11065,BIRC5|CDC20|CENPF|PLK1|DLGAP5|TACC3|UBE2C,-5.2,MyList
GO Biological Processes,19,GO:0033044,regulation of chromosome organization,19_GO:0050789 regulation of biological process,-8.1,15,11,30284,246,73,9,12,3.8,332|991|1063|4751|5347|9787|10051|10460|11065,BIRC5|CDC20|CENPF|NEK2|PLK1|DLGAP5|SMC4|TACC3|UBE2C,-5.2,MyList
GO Biological Processes,19,GO:0010965,regulation of mitotic sister chromatid separation,19_GO:0050789 regulation of biological process,-8.1,40,15,30284,62,73,6,8.2,3.2,332|991|1063|5347|9787|11065,BIRC5|CDC20|CENPF|PLK1|DLGAP5|UBE2C,-5.2,MyList
Reactome Gene Sets,6,R-HSA-453276,Regulation of mitotic cell cycle,,-8,40,15,30284,63,73,6,8.2,3.2,890|991|4751|5347|9232|11065,CCNA2|CDC20|NEK2|PLK1|PTTG1|UBE2C,-5.2,MyList
Reactome Gene Sets,6,R-HSA-174143,APC/C-mediated degradation of cell cycle proteins,,-8,40,15,30284,63,73,6,8.2,3.2,890|991|4751|5347|9232|11065,CCNA2|CDC20|NEK2|PLK1|PTTG1|UBE2C,-5.2,MyList
GO Biological Processes,19,GO:1905820,positive regulation of chromosome separation,19_GO:0048518 positive regulation of biological process,-7.9,65,18,30284,32,73,5,6.8,3,332|991|9787|10051|11065,BIRC5|CDC20|DLGAP5|SMC4|UBE2C,-5.1,MyList
GO Biological Processes,19,GO:0061640,cytoskeleton-dependent cytokinesis,19_GO:0009987 cellular process,-7.8,25,13,30284,117,73,7,9.6,3.4,332|1894|5347|51203|54443|55165|128239,BIRC5|ECT2|PLK1|NUSAP1|ANLN|CEP55|IQGAP3,-5.1,MyList
GO Biological Processes,19,GO:0000910,cytokinesis,19_GO:0009987 cellular process,-7.8,24,13,30284,119,73,7,9.6,3.4,332|1894|5347|51203|54443|55165|128239,BIRC5|ECT2|PLK1|NUSAP1|ANLN|CEP55|IQGAP3,-5,MyList
Reactome Gene Sets,6,R-HSA-68882,Mitotic Anaphase,,-7.8,18,11,30284,186,73,8,11,3.7,991|1063|3930|4001|5347|9232|11004|11065,CDC20|CENPF|LBR|LMNB1|PLK1|PTTG1|KIF2C|UBE2C,-5,MyList
Reactome Gene Sets,6,R-HSA-2555396,Mitotic Metaphase and Anaphase,,-7.8,18,11,30284,187,73,8,11,3.7,991|1063|3930|4001|5347|9232|11004|11065,CDC20|CENPF|LBR|LMNB1|PLK1|PTTG1|KIF2C|UBE2C,-5,MyList
GO Biological Processes,19,GO:0051302,regulation of cell division,19_GO:0050789 regulation of biological process,-7.7,17,11,30284,190,73,8,11,3.7,332|1894|5347|7042|9585|9928|146909|259266,BIRC5|ECT2|PLK1|TGFB2|KIF20B|KIF14|KIF18B|ASPM,-5,MyList
Reactome Gene Sets,6,R-HSA-194315,Signaling by Rho GTPases,,-7.7,8.2,8.8,30284,605,73,12,16,4.3,857|991|1063|1894|3930|4001|5347|8340|9928|11004|54443|128239,CAV1|CDC20|CENPF|ECT2|LBR|LMNB1|PLK1|H2BC13|KIF14|KIF2C|ANLN|IQGAP3,-4.9,MyList
Reactome Gene Sets,6,R-HSA-9716542,"Signaling by Rho GTPases, Miro GTPases and RHOBTB3",,-7.5,8,8.7,30284,619,73,12,16,4.3,857|991|1063|1894|3930|4001|5347|8340|9928|11004|54443|128239,CAV1|CDC20|CENPF|ECT2|LBR|LMNB1|PLK1|H2BC13|KIF14|KIF2C|ANLN|IQGAP3,-4.8,MyList
Canonical Pathways,11,M176,PID FOXM1 PATHWAY,,-7.4,52,16,30284,40,73,5,6.8,3,332|890|1063|4751|5347,BIRC5|CCNA2|CENPF|NEK2|PLK1,-4.7,MyList
GO Biological Processes,19,GO:0051640,organelle localization,19_GO:0051179 localization,-7.1,8.3,8.5,30284,551,73,11,15,4.2,332|1063|4001|5347|9787|9928|10460|11004|51203|89958|259266,BIRC5|CENPF|LMNB1|PLK1|DLGAP5|KIF14|TACC3|KIF2C|NUSAP1|SAPCD2|ASPM,-4.4,MyList
GO Biological Processes,19,GO:0030071,regulation of mitotic metaphase/anaphase transition,19_GO:0050789 regulation of biological process,-7,27,12,30284,93,73,6,8.2,3.2,332|991|1063|5347|9787|11065,BIRC5|CDC20|CENPF|PLK1|DLGAP5|UBE2C,-4.3,MyList
GO Biological Processes,19,GO:0044770,cell cycle phase transition,19_GO:0009987 cellular process,-6.9,18,11,30284,159,73,7,9.6,3.4,332|890|991|5347|10460|11065|128239,BIRC5|CCNA2|CDC20|PLK1|TACC3|UBE2C|IQGAP3,-4.2,MyList
GO Biological Processes,19,GO:1902099,regulation of metaphase/anaphase transition of cell cycle,19_GO:0050789 regulation of biological process,-6.9,26,12,30284,96,73,6,8.2,3.2,332|991|1063|5347|9787|11065,BIRC5|CDC20|CENPF|PLK1|DLGAP5|UBE2C,-4.2,MyList
GO Biological Processes,19,GO:0090307,mitotic spindle assembly,19_GO:0009987 cellular process,-6.8,41,14,30284,51,73,5,6.8,3,332|991|4751|22974|29128,BIRC5|CDC20|NEK2|TPX2|UHRF1,-4.2,MyList
GO Biological Processes,19,GO:0140694,membraneless organelle assembly,19_GO:0009987 cellular process,-6.8,11,8.9,30284,352,73,9,12,3.8,332|991|1063|4751|9787|22974|29128|54443|259266,BIRC5|CDC20|CENPF|NEK2|DLGAP5|TPX2|UHRF1|ANLN|ASPM,-4.1,MyList
GO Biological Processes,19,GO:1901970,positive regulation of mitotic sister chromatid separation,19_GO:0048518 positive regulation of biological process,-6.7,79,18,30284,21,73,4,5.5,2.7,332|991|9787|11065,BIRC5|CDC20|DLGAP5|UBE2C,-4.1,MyList
GO Biological Processes,19,GO:0051225,spindle assembly,19_GO:0009987 cellular process,-6.7,24,12,30284,104,73,6,8.2,3.2,332|991|4751|22974|29128|259266,BIRC5|CDC20|NEK2|TPX2|UHRF1|ASPM,-4.1,MyList
Reactome Gene Sets,6,R-HSA-176409,APC/C:Cdc20 mediated degradation of mitotic proteins,,-6.7,38,14,30284,54,73,5,6.8,3,890|991|4751|9232|11065,CCNA2|CDC20|NEK2|PTTG1|UBE2C,-4.1,MyList
GO Biological Processes,19,GO:1901990,regulation of mitotic cell cycle phase transition,19_GO:0050789 regulation of biological process,-6.6,10,8.6,30284,371,73,9,12,3.8,332|991|1063|5347|6241|9787|9928|11065|54443,BIRC5|CDC20|CENPF|PLK1|RRM2|DLGAP5|KIF14|UBE2C|ANLN,-3.9,MyList
GO Biological Processes,19,GO:0044784,metaphase/anaphase transition of cell cycle,19_GO:0050789 regulation of biological process,-6.1,1.6e+02,21,30284,8,73,3,4.1,2.3,991|5347|10460,CDC20|PLK1|TACC3,-3.5,MyList
GO Biological Processes,19,GO:0007094,mitotic spindle assembly checkpoint signaling,19_GO:0048519 negative regulation of biological process,-6.1,55,15,30284,30,73,4,5.5,2.7,332|991|1063|5347,BIRC5|CDC20|CENPF|PLK1,-3.5,MyList
GO Biological Processes,19,GO:0071174,mitotic spindle checkpoint signaling,19_GO:0048519 negative regulation of biological process,-6.1,55,15,30284,30,73,4,5.5,2.7,332|991|1063|5347,BIRC5|CDC20|CENPF|PLK1,-3.5,MyList
GO Biological Processes,19,GO:0071173,spindle assembly checkpoint signaling,19_GO:0048519 negative regulation of biological process,-6.1,55,15,30284,30,73,4,5.5,2.7,332|991|1063|5347,BIRC5|CDC20|CENPF|PLK1,-3.5,MyList
GO Biological Processes,19,GO:0051656,establishment of organelle localization,19_GO:0051179 localization,-6.1,8.8,7.9,30284,425,73,9,12,3.8,332|1063|4001|5347|9928|10460|11004|51203|89958,BIRC5|CENPF|LMNB1|PLK1|KIF14|TACC3|KIF2C|NUSAP1|SAPCD2,-3.5,MyList
GO Biological Processes,19,GO:0031577,spindle checkpoint signaling,19_GO:0048519 negative regulation of biological process,-6,54,14,30284,31,73,4,5.5,2.7,332|991|1063|5347,BIRC5|CDC20|CENPF|PLK1,-3.5,MyList
Canonical Pathways,11,M242,PID AURORA A PATHWAY,,-6,54,14,30284,31,73,4,5.5,2.7,332|9787|10460|22974,BIRC5|DLGAP5|TACC3|TPX2,-3.5,MyList
GO Biological Processes,19,GO:1904668,positive regulation of ubiquitin protein ligase activity,19_GO:0048518 positive regulation of biological process,-6,1.4e+02,20,30284,9,73,3,4.1,2.3,991|5347|11065,CDC20|PLK1|UBE2C,-3.4,MyList
GO Biological Processes,19,GO:0045841,negative regulation of mitotic metaphase/anaphase transition,19_GO:0048519 negative regulation of biological process,-5.9,50,14,30284,33,73,4,5.5,2.7,332|991|1063|5347,BIRC5|CDC20|CENPF|PLK1,-3.4,MyList
GO Biological Processes,19,GO:0033048,negative regulation of mitotic sister chromatid segregation,19_GO:0048519 negative regulation of biological process,-5.9,50,14,30284,33,73,4,5.5,2.7,332|991|1063|5347,BIRC5|CDC20|CENPF|PLK1,-3.4,MyList
GO Biological Processes,19,GO:0033046,negative regulation of sister chromatid segregation,19_GO:0048519 negative regulation of biological process,-5.9,50,14,30284,33,73,4,5.5,2.7,332|991|1063|5347,BIRC5|CDC20|CENPF|PLK1,-3.4,MyList
GO Biological Processes,19,GO:2000816,negative regulation of mitotic sister chromatid separation,19_GO:0048519 negative regulation of biological process,-5.9,50,14,30284,33,73,4,5.5,2.7,332|991|1063|5347,BIRC5|CDC20|CENPF|PLK1,-3.4,MyList
GO Biological Processes,19,GO:0065004,protein-DNA complex assembly,19_GO:0009987 cellular process,-5.8,13,8.7,30284,230,73,7,9.6,3.4,1063|3009|3148|8340|9787|29028|51053,CENPF|H1-5|HMGB2|H2BC13|DLGAP5|ATAD2|GMNN,-3.3,MyList
GO Biological Processes,19,GO:0044772,mitotic cell cycle phase transition,19_GO:0009987 cellular process,-5.8,17,9.6,30284,146,73,6,8.2,3.2,332|890|5347|10460|11065|128239,BIRC5|CCNA2|PLK1|TACC3|UBE2C|IQGAP3,-3.3,MyList
GO Biological Processes,19,GO:1902100,negative regulation of metaphase/anaphase transition of cell cycle,19_GO:0048519 negative regulation of biological process,-5.8,47,14,30284,35,73,4,5.5,2.7,332|991|1063|5347,BIRC5|CDC20|CENPF|PLK1,-3.3,MyList
GO Biological Processes,19,GO:1905819,negative regulation of chromosome separation,19_GO:0048519 negative regulation of biological process,-5.8,47,14,30284,35,73,4,5.5,2.7,332|991|1063|5347,BIRC5|CDC20|CENPF|PLK1,-3.3,MyList
GO Biological Processes,19,GO:0051985,negative regulation of chromosome segregation,19_GO:0048519 negative regulation of biological process,-5.8,46,13,30284,36,73,4,5.5,2.7,332|991|1063|5347,BIRC5|CDC20|CENPF|PLK1,-3.3,MyList
Reactome Gene Sets,6,R-HSA-69620,Cell Cycle Checkpoints,,-5.8,12,8.5,30284,237,73,7,9.6,3.4,890|991|1063|5347|8340|11004|11065,CCNA2|CDC20|CENPF|PLK1|H2BC13|KIF2C|UBE2C,-3.3,MyList
Reactome Gene Sets,6,R-HSA-2467813,Separation of Sister Chromatids,,-5.8,17,9.4,30284,150,73,6,8.2,3.2,991|1063|5347|9232|11004|11065,CDC20|CENPF|PLK1|PTTG1|KIF2C|UBE2C,-3.3,MyList
GO Biological Processes,19,GO:1901987,regulation of cell cycle phase transition,19_GO:0050789 regulation of biological process,-5.6,7.8,7.4,30284,480,73,9,12,3.8,332|991|1063|5347|6241|9787|9928|11065|54443,BIRC5|CDC20|CENPF|PLK1|RRM2|DLGAP5|KIF14|UBE2C|ANLN,-3.2,MyList
GO Biological Processes,19,GO:0071824,protein-DNA complex organization,19_GO:0009987 cellular process,-5.6,12,8.3,30284,250,73,7,9.6,3.4,1063|3009|3148|8340|9787|29028|51053,CENPF|H1-5|HMGB2|H2BC13|DLGAP5|ATAD2|GMNN,-3.1,MyList
WikiPathways,27,WP2446,Retinoblastoma gene in cancer,,-5.6,23,10,30284,89,73,5,6.8,3,890|3148|6241|7298|54443,CCNA2|HMGB2|RRM2|TYMS|ANLN,-3.1,MyList
GO Biological Processes,19,GO:0045839,negative regulation of mitotic nuclear division,19_GO:0048519 negative regulation of biological process,-5.5,40,12,30284,41,73,4,5.5,2.7,332|991|1063|5347,BIRC5|CDC20|CENPF|PLK1,-3.1,MyList
Reactome Gene Sets,6,R-HSA-69618,Mitotic Spindle Checkpoint,,-5.5,22,10,30284,93,73,5,6.8,3,991|1063|5347|11004|11065,CDC20|CENPF|PLK1|KIF2C|UBE2C,-3,MyList
GO Biological Processes,19,GO:0030261,chromosome condensation,19_GO:0009987 cellular process,-5.5,40,12,30284,42,73,4,5.5,2.7,3009|5347|10051|51203,H1-5|PLK1|SMC4|NUSAP1,-3,MyList
GO Biological Processes,19,GO:0032465,regulation of cytokinesis,19_GO:0050789 regulation of biological process,-5.5,22,10,30284,95,73,5,6.8,3,332|1894|5347|9585|9928,BIRC5|ECT2|PLK1|KIF20B|KIF14,-3,MyList
GO Biological Processes,19,GO:0051347,positive regulation of transferase activity,19_GO:0065007 biological regulation,-5.5,11,8,30284,264,73,7,9.6,3.4,991|1894|5347|7042|9928|11065|22974,CDC20|ECT2|PLK1|TGFB2|KIF14|UBE2C|TPX2,-3,MyList
GO Biological Processes,19,GO:1903490,positive regulation of mitotic cytokinesis,19_GO:0048518 positive regulation of biological process,-5.4,96,17,30284,13,73,3,4.1,2.3,332|1894|9585,BIRC5|ECT2|KIF20B,-3,MyList
Reactome Gene Sets,6,R-HSA-68877,Mitotic Prometaphase,,-5.4,14,8.7,30284,173,73,6,8.2,3.2,991|1063|4751|5347|10051|11004,CDC20|CENPF|NEK2|PLK1|SMC4|KIF2C,-3,MyList
GO Biological Processes,19,GO:0051781,positive regulation of cell division,19_GO:0048518 positive regulation of biological process,-5.4,21,9.8,30284,99,73,5,6.8,3,332|1894|7042|9585|9928,BIRC5|ECT2|TGFB2|KIF20B|KIF14,-2.9,MyList
Canonical Pathways,11,M129,PID PLK1 PATHWAY,,-5.3,36,12,30284,46,73,4,5.5,2.7,991|1894|5347|22974,CDC20|ECT2|PLK1|TPX2,-2.9,MyList
Reactome Gene Sets,6,R-HSA-195258,RHO GTPase Effectors,,-5.3,10,7.8,30284,278,73,7,9.6,3.4,991|1063|5347|8340|9928|11004|128239,CDC20|CENPF|PLK1|H2BC13|KIF14|KIF2C|IQGAP3,-2.9,MyList
GO Biological Processes,19,GO:0045840,positive regulation of mitotic nuclear division,19_GO:0048518 positive regulation of biological process,-5.3,35,12,30284,47,73,4,5.5,2.7,991|9787|11065|51203,CDC20|DLGAP5|UBE2C|NUSAP1,-2.9,MyList
GO Biological Processes,19,GO:0051784,negative regulation of nuclear division,19_GO:0048519 negative regulation of biological process,-5.3,35,12,30284,47,73,4,5.5,2.7,332|991|1063|5347,BIRC5|CDC20|CENPF|PLK1,-2.9,MyList
GO Biological Processes,19,GO:0050000,chromosome localization,19_GO:0051179 localization,-5.3,20,9.5,30284,104,73,5,6.8,3,332|1063|9787|9928|11004,BIRC5|CENPF|DLGAP5|KIF14|KIF2C,-2.9,MyList
GO Biological Processes,19,GO:1901992,positive regulation of mitotic cell cycle phase transition,19_GO:0048518 positive regulation of biological process,-5.2,20,9.5,30284,105,73,5,6.8,3,332|991|6241|9787|11065,BIRC5|CDC20|RRM2|DLGAP5|UBE2C,-2.9,MyList
GO Biological Processes,19,GO:0032467,positive regulation of cytokinesis,19_GO:0048518 positive regulation of biological process,-5.1,33,11,30284,51,73,4,5.5,2.7,332|1894|9585|9928,BIRC5|ECT2|KIF20B|KIF14,-2.8,MyList
GO Biological Processes,19,GO:1902412,regulation of mitotic cytokinesis,19_GO:0050789 regulation of biological process,-5.1,78,15,30284,16,73,3,4.1,2.3,332|1894|9585,BIRC5|ECT2|KIF20B,-2.7,MyList
Reactome Gene Sets,6,R-HSA-174178,APC/C:Cdh1 mediated degradation of Cdc20 and other APC/C:Cdh1 targeted proteins in late mitosis/early G1,,-5.1,32,11,30284,52,73,4,5.5,2.7,991|5347|9232|11065,CDC20|PLK1|PTTG1|UBE2C,-2.7,MyList
Reactome Gene Sets,6,R-HSA-179419,APC:Cdc20 mediated degradation of cell cycle proteins prior to satisfation of the cell cycle checkpoint,,-5.1,32,11,30284,52,73,4,5.5,2.7,890|991|4751|11065,CCNA2|CDC20|NEK2|UBE2C,-2.7,MyList
GO Biological Processes,19,GO:0045842,positive regulation of mitotic metaphase/anaphase transition,19_GO:0048518 positive regulation of biological process,-5,73,15,30284,17,73,3,4.1,2.3,991|9787|11065,CDC20|DLGAP5|UBE2C,-2.7,MyList
GO Biological Processes,19,GO:0007076,mitotic chromosome condensation,19_GO:0009987 cellular process,-5,73,15,30284,17,73,3,4.1,2.3,5347|10051|51203,PLK1|SMC4|NUSAP1,-2.7,MyList
GO Biological Processes,19,GO:0031401,positive regulation of protein modification process,19_GO:0048518 positive regulation of biological process,-5,6.5,6.5,30284,574,73,9,12,3.8,857|991|1894|4254|5347|7042|9928|11065|22974,CAV1|CDC20|ECT2|KITLG|PLK1|TGFB2|KIF14|UBE2C|TPX2,-2.6,MyList
GO Biological Processes,19,GO:0042327,positive regulation of phosphorylation,19_GO:0048518 positive regulation of biological process,-5,7.6,6.8,30284,437,73,8,11,3.7,857|1894|4254|5347|7018|7042|9928|22974,CAV1|ECT2|KITLG|PLK1|TF|TGFB2|KIF14|TPX2,-2.6,MyList
GO Biological Processes,19,GO:1902101,positive regulation of metaphase/anaphase transition of cell cycle,19_GO:0048518 positive regulation of biological process,-5,69,14,30284,18,73,3,4.1,2.3,991|9787|11065,CDC20|DLGAP5|UBE2C,-2.6,MyList
GO Biological Processes,19,GO:0051383,kinetochore organization,19_GO:0009987 cellular process,-5,69,14,30284,18,73,3,4.1,2.3,1063|9787|10051,CENPF|DLGAP5|SMC4,-2.6,MyList
WikiPathways,27,WP179,Cell cycle,,-5,17,8.8,30284,120,73,5,6.8,3,890|991|5347|7042|9232,CCNA2|CDC20|PLK1|TGFB2|PTTG1,-2.6,MyList
Reactome Gene Sets,6,R-HSA-176408,Regulation of APC/C activators between G1/S and early anaphase,,-5,29,10,30284,57,73,4,5.5,2.7,890|991|5347|11065,CCNA2|CDC20|PLK1|UBE2C,-2.6,MyList
GO Biological Processes,19,GO:0032147,activation of protein kinase activity,19_GO:0048518 positive regulation of biological process,-5,29,10,30284,57,73,4,5.5,2.7,1894|7042|9928|22974,ECT2|TGFB2|KIF14|TPX2,-2.6,MyList
GO Biological Processes,19,GO:0033047,regulation of mitotic sister chromatid segregation,19_GO:0050789 regulation of biological process,-4.9,29,10,30284,58,73,4,5.5,2.7,332|991|1063|5347,BIRC5|CDC20|CENPF|PLK1,-2.6,MyList
GO Biological Processes,19,GO:0016567,protein ubiquitination,19_GO:0009987 cellular process,-4.9,6.3,6.4,30284,589,73,9,12,3.8,991|1154|5347|8507|8835|11065|29128|54492|83461,CDC20|CISH|PLK1|ENC1|SOCS2|UBE2C|UHRF1|NEURL1B|CDCA3,-2.6,MyList
GO Biological Processes,19,GO:1904666,regulation of ubiquitin protein ligase activity,19_GO:0065007 biological regulation,-4.9,66,14,30284,19,73,3,4.1,2.3,991|5347|11065,CDC20|PLK1|UBE2C,-2.6,MyList
Reactome Gene Sets,6,R-HSA-8980692,RHOA GTPase cycle,,-4.9,17,8.6,30284,124,73,5,6.8,3,857|1894|3930|54443|128239,CAV1|ECT2|LBR|ANLN|IQGAP3,-2.6,MyList
Reactome Gene Sets,6,R-HSA-9013026,RHOB GTPase cycle,,-4.9,28,10,30284,59,73,4,5.5,2.7,857|1894|54443|128239,CAV1|ECT2|ANLN|IQGAP3,-2.6,MyList
Reactome Gene Sets,6,R-HSA-9013106,RHOC GTPase cycle,,-4.9,28,10,30284,60,73,4,5.5,2.7,857|3930|54443|128239,CAV1|LBR|ANLN|IQGAP3,-2.6,MyList
GO Biological Processes,19,GO:1901989,positive regulation of cell cycle phase transition,19_GO:0048518 positive regulation of biological process,-4.9,16,8.5,30284,126,73,5,6.8,3,332|991|6241|9787|11065,BIRC5|CDC20|RRM2|DLGAP5|UBE2C,-2.6,MyList
GO Biological Processes,19,GO:0007096,regulation of exit from mitosis,19_GO:0050789 regulation of biological process,-4.8,62,13,30284,20,73,3,4.1,2.3,332|11065|54443,BIRC5|UBE2C|ANLN,-2.5,MyList
GO Biological Processes,19,GO:0051443,positive regulation of ubiquitin-protein transferase activity,19_GO:0048518 positive regulation of biological process,-4.8,62,13,30284,20,73,3,4.1,2.3,991|5347|11065,CDC20|PLK1|UBE2C,-2.5,MyList
GO Biological Processes,19,GO:0051785,positive regulation of nuclear division,19_GO:0048518 positive regulation of biological process,-4.8,27,10,30284,62,73,4,5.5,2.7,991|9787|11065|51203,CDC20|DLGAP5|UBE2C|NUSAP1,-2.5,MyList
GO Biological Processes,19,GO:0045931,positive regulation of mitotic cell cycle,19_GO:0048518 positive regulation of biological process,-4.7,15,8.2,30284,136,73,5,6.8,3,332|991|6241|9787|11065,BIRC5|CDC20|RRM2|DLGAP5|UBE2C,-2.4,MyList
GO Biological Processes,19,GO:0051653,spindle localization,19_GO:0051179 localization,-4.7,25,9.7,30284,66,73,4,5.5,2.7,5347|51203|89958|259266,PLK1|NUSAP1|SAPCD2|ASPM,-2.4,MyList
Reactome Gene Sets,6,R-HSA-179409,APC-Cdc20 mediated degradation of Nek2A,,-4.7,57,13,30284,22,73,3,4.1,2.3,991|4751|11065,CDC20|NEK2|UBE2C,-2.4,MyList
GO Biological Processes,19,GO:0051988,regulation of attachment of spindle microtubules to kinetochore,19_GO:0051179 localization,-4.6,54,13,30284,23,73,3,4.1,2.3,332|1894|4751,BIRC5|ECT2|NEK2,-2.4,MyList
GO Biological Processes,19,GO:0046426,negative regulation of receptor signaling pathway via JAK-STAT,19_GO:0048519 negative regulation of biological process,-4.6,54,13,30284,23,73,3,4.1,2.3,857|1154|8835,CAV1|CISH|SOCS2,-2.4,MyList
GO Biological Processes,19,GO:0045937,positive regulation of phosphate metabolic process,19_GO:0048518 positive regulation of biological process,-4.6,6.7,6.3,30284,493,73,8,11,3.7,857|1894|4254|5347|7018|7042|9928|22974,CAV1|ECT2|KITLG|PLK1|TF|TGFB2|KIF14|TPX2,-2.3,MyList
GO Biological Processes,19,GO:0010562,positive regulation of phosphorus metabolic process,19_GO:0048518 positive regulation of biological process,-4.6,6.7,6.3,30284,493,73,8,11,3.7,857|1894|4254|5347|7018|7042|9928|22974,CAV1|ECT2|KITLG|PLK1|TF|TGFB2|KIF14|TPX2,-2.3,MyList
GO Biological Processes,19,GO:0032446,protein modification by small protein conjugation,19_GO:0009987 cellular process,-4.5,5.6,5.9,30284,667,73,9,12,3.8,991|1154|5347|8507|8835|11065|29128|54492|83461,CDC20|CISH|PLK1|ENC1|SOCS2|UBE2C|UHRF1|NEURL1B|CDCA3,-2.2,MyList
GO Biological Processes,19,GO:0051321,meiotic cell cycle,19_GO:0022414 reproductive process,-4.4,9.7,6.9,30284,257,73,6,8.2,3.2,991|4751|5347|9232|10051|259266,CDC20|NEK2|PLK1|PTTG1|SMC4|ASPM,-2.2,MyList
Reactome Gene Sets,6,R-HSA-9012999,RHO GTPase cycle,,-4.4,7.6,6.4,30284,382,73,7,9.6,3.4,857|1894|3930|4001|9928|54443|128239,CAV1|ECT2|LBR|LMNB1|KIF14|ANLN|IQGAP3,-2.2,MyList
Reactome Gene Sets,6,R-HSA-69275,G2/M Transition,,-4.4,13,7.5,30284,157,73,5,6.8,3,890|1063|4751|5347|22974,CCNA2|CENPF|NEK2|PLK1|TPX2,-2.1,MyList
Reactome Gene Sets,6,R-HSA-141444,Amplification  of signal from unattached  kinetochores via a MAD2  inhibitory signal,,-4.4,21,8.8,30284,79,73,4,5.5,2.7,991|1063|5347|11004,CDC20|CENPF|PLK1|KIF2C,-2.1,MyList
Reactome Gene Sets,6,R-HSA-141424,Amplification of signal from the kinetochores,,-4.4,21,8.8,30284,79,73,4,5.5,2.7,991|1063|5347|11004,CDC20|CENPF|PLK1|KIF2C,-2.1,MyList
KEGG Pathway,24,hsa04110,Cell cycle,,-4.4,13,7.5,30284,158,73,5,6.8,3,890|991|5347|7042|9232,CCNA2|CDC20|PLK1|TGFB2|PTTG1,-2.1,MyList
Reactome Gene Sets,6,R-HSA-453274,Mitotic G2-G2/M phases,,-4.4,13,7.5,30284,159,73,5,6.8,3,890|1063|4751|5347|22974,CCNA2|CENPF|NEK2|PLK1|TPX2,-2.1,MyList
GO Biological Processes,19,GO:0042325,regulation of phosphorylation,19_GO:0050789 regulation of biological process,-4.4,5.4,5.7,30284,694,73,9,12,3.8,857|1894|4254|5347|7018|7042|9928|22943|22974,CAV1|ECT2|KITLG|PLK1|TF|TGFB2|KIF14|DKK1|TPX2,-2.1,MyList
GO Biological Processes,19,GO:2001251,negative regulation of chromosome organization,19_GO:0048519 negative regulation of biological process,-4.3,20,8.6,30284,82,73,4,5.5,2.7,332|991|1063|5347,BIRC5|CDC20|CENPF|PLK1,-2.1,MyList
Reactome Gene Sets,6,R-HSA-69306,DNA Replication,,-4.2,12,7.2,30284,169,73,5,6.8,3,890|8340|9837|11065|51053,CCNA2|H2BC13|GINS1|UBE2C|GMNN,-2,MyList
WikiPathways,27,WP2363,Gastric cancer network 2,,-4.2,40,11,30284,31,73,3,4.1,2.3,3930|11065|29028,LBR|UBE2C|ATAD2,-2,MyList
GO Biological Processes,19,GO:0001934,positive regulation of protein phosphorylation,19_GO:0048518 positive regulation of biological process,-4.2,7,6.1,30284,414,73,7,9.6,3.4,857|1894|4254|5347|7042|9928|22974,CAV1|ECT2|KITLG|PLK1|TGFB2|KIF14|TPX2,-2,MyList
Reactome Gene Sets,6,R-HSA-5689880,Ub-specific processing proteases,,-4.1,12,7,30284,178,73,5,6.8,3,890|991|8340|8969|440689,CCNA2|CDC20|H2BC13|H2AC11|H2BC18,-1.9,MyList
GO Biological Processes,19,GO:0045132,meiotic chromosome segregation,19_GO:0022414 reproductive process,-4.1,18,8,30284,92,73,4,5.5,2.7,5347|9232|10051|259266,PLK1|PTTG1|SMC4|ASPM,-1.9,MyList
WikiPathways,27,WP1601,Fluoropyrimidine activity,,-4.1,37,10,30284,34,73,3,4.1,2.3,6241|7298|8836,RRM2|TYMS|GGH,-1.9,MyList
GO Biological Processes,19,GO:0006259,DNA metabolic process,19_GO:0009987 cellular process,-4.1,5,5.4,30284,747,73,9,12,3.8,1063|3148|3838|5347|7298|9232|9837|29128|51053,CENPF|HMGB2|KPNA2|PLK1|TYMS|PTTG1|GINS1|UHRF1|GMNN,-1.9,MyList
GO Biological Processes,19,GO:0043085,positive regulation of catalytic activity,19_GO:0065007 biological regulation,-4.1,5.7,5.6,30284,584,73,8,11,3.7,991|1894|5347|7042|9928|11065|22974|29128,CDC20|ECT2|PLK1|TGFB2|KIF14|UBE2C|TPX2|UHRF1,-1.9,MyList
GO Biological Processes,19,GO:1904893,negative regulation of receptor signaling pathway via STAT,19_GO:0048519 negative regulation of biological process,-4.1,36,10,30284,35,73,3,4.1,2.3,857|1154|8835,CAV1|CISH|SOCS2,-1.9,MyList
Reactome Gene Sets,6,R-HSA-69239,Synthesis of DNA,,-4.1,17,7.9,30284,96,73,4,5.5,2.7,890|9837|11065|51053,CCNA2|GINS1|UBE2C|GMNN,-1.9,MyList
GO Biological Processes,19,GO:0051303,establishment of chromosome localization,19_GO:0051179 localization,-4.1,17,7.9,30284,96,73,4,5.5,2.7,332|1063|9928|11004,BIRC5|CENPF|KIF14|KIF2C,-1.9,MyList
GO Biological Processes,19,GO:0040029,epigenetic regulation of gene expression,19_GO:0050789 regulation of biological process,-4.1,8.3,6.2,30284,300,73,6,8.2,3.2,3930|4001|8969|26147|29028|29128,LBR|LMNB1|H2AC11|PHF19|ATAD2|UHRF1,-1.9,MyList
GO Biological Processes,19,GO:0051438,regulation of ubiquitin-protein transferase activity,19_GO:0065007 biological regulation,-4,35,9.9,30284,36,73,3,4.1,2.3,991|5347|11065,CDC20|PLK1|UBE2C,-1.9,MyList
GO Biological Processes,19,GO:0022411,cellular component disassembly,19_GO:0009987 cellular process,-4,8.2,6.2,30284,305,73,6,8.2,3.2,5347|11004|22943|23306|29028|146909,PLK1|KIF2C|DKK1|NEMP1|ATAD2|KIF18B,-1.8,MyList
Reactome Gene Sets,6,R-HSA-9648025,EML4 and NUDC in mitotic spindle formation,,-4,17,7.7,30284,99,73,4,5.5,2.7,991|1063|5347|11004,CDC20|CENPF|PLK1|KIF2C,-1.8,MyList
GO Biological Processes,19,GO:0070647,protein modification by small protein conjugation or removal,19_GO:0009987 cellular process,-4,4.8,5.3,30284,777,73,9,12,3.8,991|1154|5347|8507|8835|11065|29128|54492|83461,CDC20|CISH|PLK1|ENC1|SOCS2|UBE2C|UHRF1|NEURL1B|CDCA3,-1.8,MyList
GO Biological Processes,19,GO:1903046,meiotic cell cycle process,19_GO:0022414 reproductive process,-4,11,6.7,30284,194,73,5,6.8,3,991|5347|9232|10051|259266,CDC20|PLK1|PTTG1|SMC4|ASPM,-1.8,MyList
Canonical Pathways,11,M14,PID AURORA B PATHWAY,,-3.9,32,9.5,30284,39,73,3,4.1,2.3,332|10051|11004,BIRC5|SMC4|KIF2C,-1.8,MyList
GO Biological Processes,19,GO:0045814,"negative regulation of gene expression, epigenetic",19_GO:0048519 negative regulation of biological process,-3.9,10,6.6,30284,198,73,5,6.8,3,3930|4001|8969|26147|29128,LBR|LMNB1|H2AC11|PHF19|UHRF1,-1.8,MyList
GO Biological Processes,19,GO:0051338,regulation of transferase activity,19_GO:0065007 biological regulation,-3.9,6.3,5.6,30284,464,73,7,9.6,3.4,991|1894|5347|7042|9928|11065|22974,CDC20|ECT2|PLK1|TGFB2|KIF14|UBE2C|TPX2,-1.7,MyList
Reactome Gene Sets,6,R-HSA-69206,G1/S Transition,,-3.9,16,7.4,30284,107,73,4,5.5,2.7,890|6241|7298|51053,CCNA2|RRM2|TYMS|GMNN,-1.7,MyList
Reactome Gene Sets,6,R-HSA-2500257,Resolution of Sister Chromatid Cohesion,,-3.9,16,7.4,30284,107,73,4,5.5,2.7,991|1063|5347|11004,CDC20|CENPF|PLK1|KIF2C,-1.7,MyList
Reactome Gene Sets,6,R-HSA-381426,Regulation of Insulin-like Growth Factor (IGF) transport and uptake by Insulin-like Growth Factor Binding Proteins (IGFBPs),,-3.8,15,7.3,30284,109,73,4,5.5,2.7,1356|1462|3485|7018,CP|VCAN|IGFBP2|TF,-1.7,MyList
GO Biological Processes,19,GO:0040001,establishment of mitotic spindle localization,19_GO:0051179 localization,-3.8,30,9.1,30284,42,73,3,4.1,2.3,5347|51203|89958,PLK1|NUSAP1|SAPCD2,-1.7,MyList
GO Biological Processes,19,GO:0031398,positive regulation of protein ubiquitination,19_GO:0048518 positive regulation of biological process,-3.8,15,7.3,30284,110,73,4,5.5,2.7,857|991|5347|11065,CAV1|CDC20|PLK1|UBE2C,-1.7,MyList
Reactome Gene Sets,6,R-HSA-9012852,Signaling by NOTCH3,,-3.8,29,9,30284,43,73,3,4.1,2.3,9787|10460|54492,DLGAP5|TACC3|NEURL1B,-1.7,MyList
GO Biological Processes,19,GO:0032570,response to progesterone,19_GO:0050896 response to stimulus,-3.8,29,9,30284,43,73,3,4.1,2.3,857|7042|7298,CAV1|TGFB2|TYMS,-1.7,MyList
GO Biological Processes,19,GO:0001932,regulation of protein phosphorylation,19_GO:0050789 regulation of biological process,-3.8,5.2,5.2,30284,644,73,8,11,3.7,857|1894|4254|5347|7042|9928|22943|22974,CAV1|ECT2|KITLG|PLK1|TGFB2|KIF14|DKK1|TPX2,-1.6,MyList
GO Biological Processes,19,GO:0060236,regulation of mitotic spindle organization,19_GO:0050789 regulation of biological process,-3.8,28,8.9,30284,44,73,3,4.1,2.3,5347|10460|22974,PLK1|TACC3|TPX2,-1.6,MyList
GO Biological Processes,19,GO:1901800,positive regulation of proteasomal protein catabolic process,19_GO:0048518 positive regulation of biological process,-3.8,14,7.1,30284,115,73,4,5.5,2.7,857|991|5347|7018,CAV1|CDC20|PLK1|TF,-1.6,MyList
GO Biological Processes,19,GO:0032506,cytokinetic process,19_GO:0009987 cellular process,-3.8,28,8.8,30284,45,73,3,4.1,2.3,54443|55165|128239,ANLN|CEP55|IQGAP3,-1.6,MyList
Reactome Gene Sets,6,R-HSA-5663220,RHO GTPases Activate Formins,,-3.7,14,7,30284,117,73,4,5.5,2.7,991|1063|5347|11004,CDC20|CENPF|PLK1|KIF2C,-1.6,MyList
Reactome Gene Sets,6,R-HSA-9013405,RHOD GTPase cycle,,-3.7,27,8.7,30284,46,73,3,4.1,2.3,857|3930|4001,CAV1|LBR|LMNB1,-1.6,MyList
Reactome Gene Sets,6,R-HSA-174154,APC/C:Cdc20 mediated degradation of Securin,,-3.7,26,8.6,30284,47,73,3,4.1,2.3,991|9232|11065,CDC20|PTTG1|UBE2C,-1.6,MyList
Reactome Gene Sets,6,R-HSA-453279,Mitotic G1 phase and G1/S transition,,-3.7,14,6.9,30284,120,73,4,5.5,2.7,890|6241|7298|51053,CCNA2|RRM2|TYMS|GMNN,-1.6,MyList
GO Biological Processes,19,GO:0006334,nucleosome assembly,19_GO:0009987 cellular process,-3.7,14,6.9,30284,120,73,4,5.5,2.7,3009|3148|8340|29028,H1-5|HMGB2|H2BC13|ATAD2,-1.6,MyList
GO Biological Processes,19,GO:0090224,regulation of spindle organization,19_GO:0050789 regulation of biological process,-3.7,26,8.5,30284,48,73,3,4.1,2.3,5347|10460|22974,PLK1|TACC3|TPX2,-1.5,MyList
WikiPathways,27,WP2848,Pluripotent stem cell differentiation pathway,,-3.7,26,8.5,30284,48,73,3,4.1,2.3,4254|7018|22943,KITLG|TF|DKK1,-1.5,MyList
GO Biological Processes,19,GO:0000086,G2/M transition of mitotic cell cycle,19_GO:0009987 cellular process,-3.6,25,8.3,30284,50,73,3,4.1,2.3,332|890|5347,BIRC5|CCNA2|PLK1,-1.5,MyList
Reactome Gene Sets,6,R-HSA-174184,Cdc20:Phospho-APC/C mediated degradation of Cyclin A,,-3.6,24,8.2,30284,51,73,3,4.1,2.3,890|991|11065,CCNA2|CDC20|UBE2C,-1.5,MyList
Reactome Gene Sets,6,R-HSA-9013148,CDC42 GTPase cycle,,-3.6,13,6.7,30284,128,73,4,5.5,2.7,857|1894|3930|128239,CAV1|ECT2|LBR|IQGAP3,-1.5,MyList
Reactome Gene Sets,6,R-HSA-69242,S Phase,,-3.5,13,6.6,30284,131,73,4,5.5,2.7,890|9837|11065|51053,CCNA2|GINS1|UBE2C|GMNN,-1.4,MyList
Reactome Gene Sets,6,R-HSA-5688426,Deubiquitination,,-3.5,8.6,5.8,30284,241,73,5,6.8,3,890|991|8340|8969|440689,CCNA2|CDC20|H2BC13|H2AC11|H2BC18,-1.4,MyList
Reactome Gene Sets,6,R-HSA-983189,Kinesins,,-3.5,23,8,30284,54,73,3,4.1,2.3,9585|11004|146909,KIF20B|KIF2C|KIF18B,-1.4,MyList
Reactome Gene Sets,6,R-HSA-68875,Mitotic Prophase,,-3.5,12,6.5,30284,133,73,4,5.5,2.7,4001|5347|8340|10051,LMNB1|PLK1|H2BC13|SMC4,-1.4,MyList
GO Biological Processes,19,GO:1903322,positive regulation of protein modification by small protein conjugation or removal,19_GO:0048518 positive regulation of biological process,-3.5,12,6.5,30284,133,73,4,5.5,2.7,857|991|5347|11065,CAV1|CDC20|PLK1|UBE2C,-1.4,MyList
GO Biological Processes,19,GO:0007093,mitotic cell cycle checkpoint signaling,19_GO:0048519 negative regulation of biological process,-3.5,12,6.5,30284,133,73,4,5.5,2.7,332|991|1063|5347,BIRC5|CDC20|CENPF|PLK1,-1.4,MyList
Reactome Gene Sets,6,R-HSA-109582,Hemostasis,,-3.5,5.4,5.1,30284,535,73,7,9.6,3.4,857|3672|7018|7042|9585|11004|146909,CAV1|ITGA1|TF|TGFB2|KIF20B|KIF2C|KIF18B,-1.4,MyList
GO Biological Processes,19,GO:1901875,positive regulation of post-translational protein modification,19_GO:0048518 positive regulation of biological process,-3.5,12,6.5,30284,134,73,4,5.5,2.7,857|991|5347|11065,CAV1|CDC20|PLK1|UBE2C,-1.4,MyList
GO Biological Processes,19,GO:0044839,cell cycle G2/M phase transition,19_GO:0009987 cellular process,-3.5,23,7.9,30284,55,73,3,4.1,2.3,332|890|5347,BIRC5|CCNA2|PLK1,-1.4,MyList
GO Biological Processes,19,GO:1903052,positive regulation of proteolysis involved in protein catabolic process,19_GO:0048518 positive regulation of biological process,-3.5,12,6.4,30284,138,73,4,5.5,2.7,857|991|5347|7018,CAV1|CDC20|PLK1|TF,-1.4,MyList
GO Biological Processes,19,GO:0051129,negative regulation of cellular component organization,19_GO:0048519 negative regulation of biological process,-3.4,4.5,4.8,30284,730,73,8,11,3.7,332|857|991|1063|5347|9928|22943|22974,BIRC5|CAV1|CDC20|CENPF|PLK1|KIF14|DKK1|TPX2,-1.3,MyList
GO Biological Processes,19,GO:0045786,negative regulation of cell cycle,19_GO:0048519 negative regulation of biological process,-3.4,6.3,5.2,30284,392,73,6,8.2,3.2,332|991|1063|4751|5347|51053,BIRC5|CDC20|CENPF|NEK2|PLK1|GMNN,-1.3,MyList
GO Biological Processes,19,GO:0034728,nucleosome organization,19_GO:0009987 cellular process,-3.4,12,6.3,30284,140,73,4,5.5,2.7,3009|3148|8340|29028,H1-5|HMGB2|H2BC13|ATAD2,-1.3,MyList
GO Biological Processes,19,GO:0006998,nuclear envelope organization,19_GO:0009987 cellular process,-3.4,21,7.7,30284,58,73,3,4.1,2.3,4001|5347|23306,LMNB1|PLK1|NEMP1,-1.3,MyList
GO Biological Processes,19,GO:0051293,establishment of spindle localization,19_GO:0051179 localization,-3.4,20,7.5,30284,61,73,3,4.1,2.3,5347|51203|89958,PLK1|NUSAP1|SAPCD2,-1.3,MyList
GO Biological Processes,19,GO:0008584,male gonad development,19_GO:0022414 reproductive process,-3.3,11,6.1,30284,148,73,4,5.5,2.7,3148|4254|7042|259266,HMGB2|KITLG|TGFB2|ASPM,-1.3,MyList
Reactome Gene Sets,6,R-HSA-8854518,AURKA Activation by TPX2,,-3.3,20,7.4,30284,62,73,3,4.1,2.3,4751|5347|22974,NEK2|PLK1|TPX2,-1.3,MyList
GO Biological Processes,19,GO:0031109,microtubule polymerization or depolymerization,19_GO:0009987 cellular process,-3.3,20,7.4,30284,62,73,3,4.1,2.3,11004|22974|146909,KIF2C|TPX2|KIF18B,-1.3,MyList
GO Biological Processes,19,GO:0090090,negative regulation of canonical Wnt signaling pathway,19_GO:0048519 negative regulation of biological process,-3.3,11,6.1,30284,149,73,4,5.5,2.7,857|3485|22943|27122,CAV1|IGFBP2|DKK1|DKK3,-1.3,MyList
GO Biological Processes,19,GO:0046546,development of primary male sexual characteristics,19_GO:0022414 reproductive process,-3.3,11,6.1,30284,149,73,4,5.5,2.7,3148|4254|7042|259266,HMGB2|KITLG|TGFB2|ASPM,-1.3,MyList
GO Biological Processes,19,GO:0031507,heterochromatin formation,19_GO:0048519 negative regulation of biological process,-3.3,11,6,30284,152,73,4,5.5,2.7,3930|4001|8969|29128,LBR|LMNB1|H2AC11|UHRF1,-1.2,MyList
GO Biological Processes,19,GO:0006997,nucleus organization,19_GO:0009987 cellular process,-3.3,11,6,30284,152,73,4,5.5,2.7,3148|4001|5347|23306,HMGB2|LMNB1|PLK1|NEMP1,-1.2,MyList
Reactome Gene Sets,6,R-HSA-9013149,RAC1 GTPase cycle,,-3.3,11,6,30284,154,73,4,5.5,2.7,857|1894|3930|128239,CAV1|ECT2|LBR|IQGAP3,-1.2,MyList
Reactome Gene Sets,6,R-HSA-2559583,Cellular Senescence,,-3.3,11,6,30284,155,73,4,5.5,2.7,890|4001|8340|11065,CCNA2|LMNB1|H2BC13|UBE2C,-1.2,MyList
Reactome Gene Sets,6,R-HSA-2559586,DNA Damage/Telomere Stress Induced Senescence,,-3.3,19,7.1,30284,66,73,3,4.1,2.3,890|4001|8340,CCNA2|LMNB1|H2BC13,-1.2,MyList
GO Biological Processes,19,GO:0060828,regulation of canonical Wnt signaling pathway,19_GO:0050896 response to stimulus,-3.3,7.5,5.3,30284,277,73,5,6.8,3,857|3485|22943|27122|259266,CAV1|IGFBP2|DKK1|DKK3|ASPM,-1.2,MyList
GO Biological Processes,19,GO:0048732,gland development,19_GO:0032502 developmental process,-3.2,5.8,4.9,30284,428,73,6,8.2,3.2,857|7042|7298|8835|27122|128239,CAV1|TGFB2|TYMS|SOCS2|DKK3|IQGAP3,-1.2,MyList
Reactome Gene Sets,6,R-HSA-69052,Switching of origins to a post-replicative state,,-3.2,18,7,30284,68,73,3,4.1,2.3,890|11065|51053,CCNA2|UBE2C|GMNN,-1.2,MyList
GO Biological Processes,19,GO:0048545,response to steroid hormone,19_GO:0050896 response to stimulus,-3.2,7.3,5.2,30284,284,73,5,6.8,3,857|3148|3485|7042|7298,CAV1|HMGB2|IGFBP2|TGFB2|TYMS,-1.2,MyList
GO Biological Processes,19,GO:0097435,supramolecular fiber organization,19_GO:0009987 cellular process,-3.2,4.8,4.6,30284,608,73,7,9.6,3.4,7018|7042|11004|22974|128239|146909|283431,TF|TGFB2|KIF2C|TPX2|IQGAP3|KIF18B|GAS2L3,-1.1,MyList
Reactome Gene Sets,6,R-HSA-2299718,Condensation of Prophase Chromosomes,,-3.2,18,6.9,30284,71,73,3,4.1,2.3,5347|8340|10051,PLK1|H2BC13|SMC4,-1.1,MyList
GO Biological Processes,19,GO:0006879,intracellular iron ion homeostasis,19_GO:0042592 homeostatic process,-3.1,17,6.7,30284,73,73,3,4.1,2.3,1356|7018|654483,CP|TF|BOLA2B,-1.1,MyList
Canonical Pathways,11,M40,PID E2F PATHWAY,,-3.1,17,6.7,30284,73,73,3,4.1,2.3,890|6241|7298,CCNA2|RRM2|TYMS,-1.1,MyList
GO Biological Processes,19,GO:0000075,cell cycle checkpoint signaling,19_GO:0048519 negative regulation of biological process,-3.1,9.8,5.7,30284,169,73,4,5.5,2.7,332|991|1063|5347,BIRC5|CDC20|CENPF|PLK1,-1.1,MyList
GO Biological Processes,19,GO:0046425,regulation of receptor signaling pathway via JAK-STAT,19_GO:0050896 response to stimulus,-3.1,17,6.7,30284,74,73,3,4.1,2.3,857|1154|8835,CAV1|CISH|SOCS2,-1.1,MyList
GO Biological Processes,19,GO:0046661,male sex differentiation,19_GO:0022414 reproductive process,-3.1,9.6,5.6,30284,172,73,4,5.5,2.7,3148|4254|7042|259266,HMGB2|KITLG|TGFB2|ASPM,-1.1,MyList
GO Biological Processes,19,GO:0140013,meiotic nuclear division,19_GO:0022414 reproductive process,-3.1,9.6,5.6,30284,173,73,4,5.5,2.7,5347|9232|10051|259266,PLK1|PTTG1|SMC4|ASPM,-1.1,MyList
GO Biological Processes,19,GO:0010948,negative regulation of cell cycle process,19_GO:0048519 negative regulation of biological process,-3.1,6.8,5,30284,303,73,5,6.8,3,332|991|1063|4751|5347,BIRC5|CDC20|CENPF|NEK2|PLK1,-1.1,MyList
GO Biological Processes,19,GO:0007265,Ras protein signal transduction,19_GO:0050896 response to stimulus,-3,16,6.5,30284,78,73,3,4.1,2.3,890|4254|128239,CCNA2|KITLG|IQGAP3,-1,MyList
GO Biological Processes,19,GO:0030178,negative regulation of Wnt signaling pathway,19_GO:0048519 negative regulation of biological process,-3,9.2,5.4,30284,181,73,4,5.5,2.7,857|3485|22943|27122,CAV1|IGFBP2|DKK1|DKK3,-0.99,MyList
GO Biological Processes,19,GO:0032436,positive regulation of proteasomal ubiquitin-dependent protein catabolic process,19_GO:0048518 positive regulation of biological process,-3,15,6.4,30284,81,73,3,4.1,2.3,991|5347|7018,CDC20|PLK1|TF,-0.98,MyList
GO Biological Processes,19,GO:0051310,metaphase chromosome alignment,19_GO:0051179 localization,-3,15,6.3,30284,83,73,3,4.1,2.3,1063|9928|11004,CENPF|KIF14|KIF2C,-0.95,MyList
Reactome Gene Sets,6,R-HSA-3214815,HDACs deacetylate histones,,-2.9,15,6.2,30284,85,73,3,4.1,2.3,8340|8969|440689,H2BC13|H2AC11|H2BC18,-0.92,MyList
GO Biological Processes,19,GO:1901991,negative regulation of mitotic cell cycle phase transition,19_GO:0048519 negative regulation of biological process,-2.9,8.7,5.2,30284,191,73,4,5.5,2.7,332|991|1063|5347,BIRC5|CDC20|CENPF|PLK1,-0.91,MyList
WikiPathways,27,WP2840,Hair follicle development cytodifferentiation stage 3 of 3,,-2.9,14,6.1,30284,87,73,3,4.1,2.3,4254|22943|27122,KITLG|DKK1|DKK3,-0.9,MyList
GO Biological Processes,19,GO:0045664,regulation of neuron differentiation,19_GO:0032502 developmental process,-2.9,8.5,5.2,30284,195,73,4,5.5,2.7,1894|8835|22943|259266,ECT2|SOCS2|DKK1|ASPM,-0.88,MyList
GO Biological Processes,19,GO:0010638,positive regulation of organelle organization,19_GO:0048518 positive regulation of biological process,-2.9,5,4.4,30284,499,73,6,8.2,3.2,991|4751|9787|10051|11065|51203,CDC20|NEK2|DLGAP5|SMC4|UBE2C|NUSAP1,-0.88,MyList
Reactome Gene Sets,6,R-HSA-157118,Signaling by NOTCH,,-2.9,8.4,5.1,30284,197,73,4,5.5,2.7,8340|9787|10460|54492,H2BC13|DLGAP5|TACC3|NEURL1B,-0.87,MyList
KEGG Pathway,24,hsa04814,Motor proteins,,-2.9,8.4,5.1,30284,197,73,4,5.5,2.7,9585|9928|11004|146909,KIF20B|KIF14|KIF2C|KIF18B,-0.87,MyList
GO Biological Processes,19,GO:0051052,regulation of DNA metabolic process,19_GO:0050789 regulation of biological process,-2.9,4.9,4.4,30284,505,73,6,8.2,3.2,890|3009|3838|4751|5347|51053,CCNA2|H1-5|KPNA2|NEK2|PLK1|GMNN,-0.86,MyList
GO Biological Processes,19,GO:0061136,regulation of proteasomal protein catabolic process,19_GO:0050789 regulation of biological process,-2.9,8.3,5.1,30284,200,73,4,5.5,2.7,857|991|5347|7018,CAV1|CDC20|PLK1|TF,-0.85,MyList
GO Biological Processes,19,GO:0031396,regulation of protein ubiquitination,19_GO:0050789 regulation of biological process,-2.8,8.3,5.1,30284,201,73,4,5.5,2.7,857|991|5347|11065,CAV1|CDC20|PLK1|UBE2C,-0.85,MyList
Reactome Gene Sets,6,R-HSA-8957275,Post-translational protein phosphorylation,,-2.8,14,5.9,30284,92,73,3,4.1,2.3,1356|1462|7018,CP|VCAN|TF,-0.84,MyList
GO Biological Processes,19,GO:1904892,regulation of receptor signaling pathway via STAT,19_GO:0050896 response to stimulus,-2.8,13,5.9,30284,93,73,3,4.1,2.3,857|1154|8835,CAV1|CISH|SOCS2,-0.83,MyList
Reactome Gene Sets,6,R-HSA-6811434,COPI-dependent Golgi-to-ER retrograde traffic,,-2.8,13,5.9,30284,93,73,3,4.1,2.3,9585|11004|146909,KIF20B|KIF2C|KIF18B,-0.83,MyList
KEGG Pathway,24,hsa05203,Viral carcinogenesis,,-2.8,8.1,5,30284,205,73,4,5.5,2.7,890|991|8340|440689,CCNA2|CDC20|H2BC13|H2BC18,-0.82,MyList
GO Biological Processes,19,GO:0010639,negative regulation of organelle organization,19_GO:0048519 negative regulation of biological process,-2.8,6,4.6,30284,348,73,5,6.8,3,332|991|1063|5347|22974,BIRC5|CDC20|CENPF|PLK1|TPX2,-0.82,MyList
GO Biological Processes,19,GO:0030111,regulation of Wnt signaling pathway,19_GO:0050896 response to stimulus,-2.8,5.9,4.6,30284,350,73,5,6.8,3,857|3485|22943|27122|259266,CAV1|IGFBP2|DKK1|DKK3|ASPM,-0.82,MyList
GO Biological Processes,19,GO:0045666,positive regulation of neuron differentiation,19_GO:0032502 developmental process,-2.8,13,5.8,30284,96,73,3,4.1,2.3,1894|8835|22943,ECT2|SOCS2|DKK1,-0.8,MyList
GO Biological Processes,19,GO:0045860,positive regulation of protein kinase activity,19_GO:0048518 positive regulation of biological process,-2.8,7.9,4.9,30284,210,73,4,5.5,2.7,1894|7042|9928|22974,ECT2|TGFB2|KIF14|TPX2,-0.79,MyList
GO Biological Processes,19,GO:0008283,cell population proliferation,19_GO:0009987 cellular process,-2.8,4,4.1,30284,718,73,7,9.6,3.4,857|4254|7042|9837|9928|128239|259266,CAV1|KITLG|TGFB2|GINS1|KIF14|IQGAP3|ASPM,-0.78,MyList
GO Biological Processes,19,GO:0045732,positive regulation of protein catabolic process,19_GO:0048518 positive regulation of biological process,-2.7,7.8,4.9,30284,214,73,4,5.5,2.7,857|991|5347|7018,CAV1|CDC20|PLK1|TF,-0.77,MyList
Reactome Gene Sets,6,R-HSA-2559582,Senescence-Associated Secretory Phenotype (SASP),,-2.7,12,5.6,30284,101,73,3,4.1,2.3,890|8340|11065,CCNA2|H2BC13|UBE2C,-0.75,MyList
GO Biological Processes,19,GO:0045859,regulation of protein kinase activity,19_GO:0050789 regulation of biological process,-2.7,5.6,4.4,30284,369,73,5,6.8,3,1894|5347|7042|9928|22974,ECT2|PLK1|TGFB2|KIF14|TPX2,-0.73,MyList
GO Biological Processes,19,GO:0033674,positive regulation of kinase activity,19_GO:0048518 positive regulation of biological process,-2.7,7.4,4.7,30284,223,73,4,5.5,2.7,1894|7042|9928|22974,ECT2|TGFB2|KIF14|TPX2,-0.71,MyList
KEGG Pathway,24,hsa05166,Human T-cell leukemia virus 1 infection,,-2.7,7.4,4.7,30284,224,73,4,5.5,2.7,890|991|7042|9232,CCNA2|CDC20|TGFB2|PTTG1,-0.7,MyList
Reactome Gene Sets,6,R-HSA-9610379,HCMV Late Events,,-2.7,12,5.4,30284,106,73,3,4.1,2.3,8340|8969|440689,H2BC13|H2AC11|H2BC18,-0.7,MyList
GO Biological Processes,19,GO:2000060,positive regulation of ubiquitin-dependent protein catabolic process,19_GO:0048518 positive regulation of biological process,-2.7,12,5.4,30284,106,73,3,4.1,2.3,991|5347|7018,CDC20|PLK1|TF,-0.7,MyList
GO Biological Processes,19,GO:0010389,regulation of G2/M transition of mitotic cell cycle,19_GO:0050789 regulation of biological process,-2.6,11,5.4,30284,109,73,3,4.1,2.3,1063|5347|9928,CENPF|PLK1|KIF14,-0.66,MyList
KEGG Pathway,24,hsa04820,Cytoskeleton in muscle cells,,-2.6,7.2,4.6,30284,232,73,4,5.5,2.7,1462|3672|3930|4001,VCAN|ITGA1|LBR|LMNB1,-0.66,MyList
GO Biological Processes,19,GO:0008406,gonad development,19_GO:0022414 reproductive process,-2.6,7.2,4.6,30284,232,73,4,5.5,2.7,3148|4254|7042|259266,HMGB2|KITLG|TGFB2|ASPM,-0.66,MyList
WikiPathways,27,WP3391,Senescence associated secretory phenotype SASP,,-2.6,11,5.2,30284,113,73,3,4.1,2.3,890|8340|11065,CCNA2|H2BC13|UBE2C,-0.63,MyList
GO Biological Processes,19,GO:0001824,blastocyst development,19_GO:0032502 developmental process,-2.6,11,5.2,30284,113,73,3,4.1,2.3,4751|6241|9837,NEK2|RRM2|GINS1,-0.63,MyList
GO Biological Processes,19,GO:0045137,development of primary sexual characteristics,19_GO:0022414 reproductive process,-2.6,7,4.6,30284,237,73,4,5.5,2.7,3148|4254|7042|259266,HMGB2|KITLG|TGFB2|ASPM,-0.63,MyList
GO Biological Processes,19,GO:0097191,extrinsic apoptotic signaling pathway,19_GO:0050896 response to stimulus,-2.6,11,5.2,30284,114,73,3,4.1,2.3,3148|4254|7042,HMGB2|KITLG|TGFB2,-0.62,MyList
GO Biological Processes,19,GO:1903050,regulation of proteolysis involved in protein catabolic process,19_GO:0050789 regulation of biological process,-2.6,6.9,4.5,30284,239,73,4,5.5,2.7,857|991|5347|7018,CAV1|CDC20|PLK1|TF,-0.62,MyList
GO Biological Processes,19,GO:0045930,negative regulation of mitotic cell cycle,19_GO:0048519 negative regulation of biological process,-2.6,6.9,4.5,30284,240,73,4,5.5,2.7,332|991|1063|5347,BIRC5|CDC20|CENPF|PLK1,-0.61,MyList
GO Biological Processes,19,GO:0043549,regulation of kinase activity,19_GO:0050789 regulation of biological process,-2.6,5.2,4.2,30284,397,73,5,6.8,3,1894|5347|7042|9928|22974,ECT2|PLK1|TGFB2|KIF14|TPX2,-0.61,MyList
GO Biological Processes,19,GO:1903320,regulation of protein modification by small protein conjugation or removal,19_GO:0050789 regulation of biological process,-2.5,6.8,4.5,30284,244,73,4,5.5,2.7,857|991|5347|11065,CAV1|CDC20|PLK1|UBE2C,-0.59,MyList
GO Biological Processes,19,GO:0032355,response to estradiol,19_GO:0050896 response to stimulus,-2.5,10,5.1,30284,120,73,3,4.1,2.3,890|3485|8835,CCNA2|IGFBP2|SOCS2,-0.57,MyList
GO Biological Processes,19,GO:0050678,regulation of epithelial cell proliferation,19_GO:0050789 regulation of biological process,-2.5,5.1,4.1,30284,409,73,5,6.8,3,857|3148|7042|29128|128239,CAV1|HMGB2|TGFB2|UHRF1|IQGAP3,-0.56,MyList
GO Biological Processes,19,GO:1901873,regulation of post-translational protein modification,19_GO:0050789 regulation of biological process,-2.5,6.7,4.4,30284,249,73,4,5.5,2.7,857|991|5347|11065,CAV1|CDC20|PLK1|UBE2C,-0.56,MyList
Reactome Gene Sets,6,R-HSA-9609690,HCMV Early Events,,-2.5,10,5,30284,122,73,3,4.1,2.3,8340|8969|440689,H2BC13|H2AC11|H2BC18,-0.55,MyList
GO Biological Processes,19,GO:1902749,regulation of cell cycle G2/M phase transition,19_GO:0050789 regulation of biological process,-2.5,10,5,30284,122,73,3,4.1,2.3,1063|5347|9928,CENPF|PLK1|KIF14,-0.55,MyList
Reactome Gene Sets,6,R-HSA-68867,Assembly of the pre-replicative complex,,-2.5,10,5,30284,122,73,3,4.1,2.3,8340|11065|51053,H2BC13|UBE2C|GMNN,-0.55,MyList
Reactome Gene Sets,6,R-HSA-8856688,Golgi-to-ER retrograde transport,,-2.5,10,5,30284,123,73,3,4.1,2.3,9585|11004|146909,KIF20B|KIF2C|KIF18B,-0.55,MyList
Reactome Gene Sets,6,R-HSA-3214847,HATs acetylate histones,,-2.5,10,5,30284,123,73,3,4.1,2.3,8340|8969|440689,H2BC13|H2AC11|H2BC18,-0.55,MyList
WikiPathways,27,WP5115,Network map of SARS CoV 2 signaling,,-2.5,6.5,4.4,30284,254,73,4,5.5,2.7,332|6241|7018|8836,BIRC5|RRM2|TF|GGH,-0.54,MyList
GO Biological Processes,19,GO:0043523,regulation of neuron apoptotic process,19_GO:0050789 regulation of biological process,-2.5,6.5,4.3,30284,255,73,4,5.5,2.7,3672|7042|9928|22943,ITGA1|TGFB2|KIF14|DKK1,-0.54,MyList
GO Biological Processes,19,GO:1901988,negative regulation of cell cycle phase transition,19_GO:0048519 negative regulation of biological process,-2.5,6.5,4.3,30284,256,73,4,5.5,2.7,332|991|1063|5347,BIRC5|CDC20|CENPF|PLK1,-0.54,MyList
GO Biological Processes,19,GO:0030879,mammary gland development,19_GO:0032502 developmental process,-2.4,9.8,4.9,30284,127,73,3,4.1,2.3,857|8835|128239,CAV1|SOCS2|IQGAP3,-0.52,MyList
WikiPathways,27,WP2004,miR targeted genes in lymphocytes,,-2.4,4.9,4,30284,424,73,5,6.8,3,5347|7298|25840|29128|128239,PLK1|TYMS|TMT1A|UHRF1|IQGAP3,-0.52,MyList
GO Biological Processes,19,GO:0061982,meiosis I cell cycle process,19_GO:0022414 reproductive process,-2.4,9.7,4.9,30284,128,73,3,4.1,2.3,991|5347|9232,CDC20|PLK1|PTTG1,-0.51,MyList
GO Biological Processes,19,GO:0021987,cerebral cortex development,19_GO:0032502 developmental process,-2.4,9.6,4.8,30284,130,73,3,4.1,2.3,9928|10460|259266,KIF14|TACC3|ASPM,-0.49,MyList
GO Biological Processes,19,GO:0097529,myeloid leukocyte migration,19_GO:0002376 immune system process,-2.4,9.5,4.8,30284,131,73,3,4.1,2.3,3672|4254|7042,ITGA1|KITLG|TGFB2,-0.48,MyList
GO Biological Processes,19,GO:0032434,regulation of proteasomal ubiquitin-dependent protein catabolic process,19_GO:0050789 regulation of biological process,-2.4,9.4,4.8,30284,132,73,3,4.1,2.3,991|5347|7018,CDC20|PLK1|TF,-0.48,MyList
Reactome Gene Sets,6,R-HSA-69002,DNA Replication Pre-Initiation,,-2.3,9.1,4.7,30284,137,73,3,4.1,2.3,8340|11065|51053,H2BC13|UBE2C|GMNN,-0.43,MyList
Canonical Pathways,11,M145,PID P53 DOWNSTREAM PATHWAY,,-2.3,9.1,4.7,30284,137,73,3,4.1,2.3,857|1462|22943,CAV1|VCAN|DKK1,-0.43,MyList
GO Biological Processes,19,GO:0007018,microtubule-based movement,19_GO:0009987 cellular process,-2.3,4.6,3.8,30284,447,73,5,6.8,3,9585|9787|9928|11004|146909,KIF20B|DLGAP5|KIF14|KIF2C|KIF18B,-0.43,MyList
GO Biological Processes,19,GO:0051053,negative regulation of DNA metabolic process,19_GO:0048519 negative regulation of biological process,-2.3,9,4.6,30284,138,73,3,4.1,2.3,3009|5347|51053,H1-5|PLK1|GMNN,-0.43,MyList
GO Biological Processes,19,GO:0003018,vascular process in circulatory system,19_GO:0032501 multicellular organismal process,-2.3,6,4.1,30284,278,73,4,5.5,2.7,857|3672|9153|222962,CAV1|ITGA1|SLC28A2|SLC29A4,-0.43,MyList
KEGG Pathway,24,hsa04114,Oocyte meiosis,,-2.3,9,4.6,30284,139,73,3,4.1,2.3,991|5347|9232,CDC20|PLK1|PTTG1,-0.42,MyList
Reactome Gene Sets,6,R-HSA-9609646,HCMV Infection,,-2.3,8.9,4.6,30284,140,73,3,4.1,2.3,8340|8969|440689,H2BC13|H2AC11|H2BC18,-0.42,MyList
GO Biological Processes,19,GO:0010498,proteasomal protein catabolic process,19_GO:0009987 cellular process,-2.3,4.6,3.8,30284,454,73,5,6.8,3,991|8507|8835|9928|11065,CDC20|ENC1|SOCS2|KIF14|UBE2C,-0.41,MyList
KEGG Pathway,24,hsa05322,Systemic lupus erythematosus,,-2.3,8.8,4.6,30284,141,73,3,4.1,2.3,8340|8969|440689,H2BC13|H2AC11|H2BC18,-0.41,MyList
GO Biological Processes,19,GO:0000018,regulation of DNA recombination,19_GO:0050789 regulation of biological process,-2.3,8.8,4.6,30284,142,73,3,4.1,2.3,3009|3838|5347,H1-5|KPNA2|PLK1,-0.4,MyList
Reactome Gene Sets,6,R-HSA-5693532,DNA Double-Strand Break Repair,,-2.3,8.7,4.5,30284,143,73,3,4.1,2.3,890|3838|8340,CCNA2|KPNA2|H2BC13,-0.4,MyList
GO Biological Processes,19,GO:0043009,chordate embryonic development,19_GO:0032502 developmental process,-2.3,3.8,3.5,30284,658,73,6,8.2,3.2,4751|6241|7042|9585|9837|22943,NEK2|RRM2|TGFB2|KIF20B|GINS1|DKK1,-0.39,MyList
GO Biological Processes,19,GO:0007548,sex differentiation,19_GO:0022414 reproductive process,-2.3,5.7,4,30284,289,73,4,5.5,2.7,3148|4254|7042|259266,HMGB2|KITLG|TGFB2|ASPM,-0.38,MyList
GO Biological Processes,19,GO:0001649,osteoblast differentiation,19_GO:0032502 developmental process,-2.3,8.5,4.5,30284,146,73,3,4.1,2.3,1462|3485|25840,VCAN|IGFBP2|TMT1A,-0.38,MyList
GO Biological Processes,19,GO:0051603,proteolysis involved in protein catabolic process,19_GO:0009987 cellular process,-2.3,3.7,3.5,30284,666,73,6,8.2,3.2,991|8507|8835|9928|11065|29128,CDC20|ENC1|SOCS2|KIF14|UBE2C|UHRF1,-0.37,MyList
GO Biological Processes,19,GO:0045862,positive regulation of proteolysis,19_GO:0048518 positive regulation of biological process,-2.3,5.6,3.9,30284,294,73,4,5.5,2.7,857|991|5347|7018,CAV1|CDC20|PLK1|TF,-0.36,MyList
GO Biological Processes,19,GO:0032984,protein-containing complex disassembly,19_GO:0009987 cellular process,-2.2,8.4,4.4,30284,149,73,3,4.1,2.3,11004|29028|146909,KIF2C|ATAD2|KIF18B,-0.36,MyList
Reactome Gene Sets,6,R-HSA-983231,Factors involved in megakaryocyte development and platelet production,,-2.2,8.3,4.4,30284,150,73,3,4.1,2.3,9585|11004|146909,KIF20B|KIF2C|KIF18B,-0.35,MyList
GO Biological Processes,19,GO:0009792,embryo development ending in birth or egg hatching,19_GO:0032502 developmental process,-2.2,3.7,3.4,30284,680,73,6,8.2,3.2,4751|6241|7042|9585|9837|22943,NEK2|RRM2|TGFB2|KIF20B|GINS1|DKK1,-0.33,MyList
GO Biological Processes,19,GO:0051056,regulation of small GTPase mediated signal transduction,19_GO:0050896 response to stimulus,-2.2,5.5,3.8,30284,303,73,4,5.5,2.7,1894|4254|7042|9928,ECT2|KITLG|TGFB2|KIF14,-0.32,MyList
GO Biological Processes,19,GO:1904375,regulation of protein localization to cell periphery,19_GO:0051179 localization,-2.2,8,4.3,30284,155,73,3,4.1,2.3,5347|11004|89958,PLK1|KIF2C|SAPCD2,-0.32,MyList
GO Biological Processes,19,GO:0048608,reproductive structure development,19_GO:0022414 reproductive process,-2.2,5.5,3.8,30284,304,73,4,5.5,2.7,3148|4254|7042|259266,HMGB2|KITLG|TGFB2|ASPM,-0.32,MyList
GO Biological Processes,19,GO:0030099,myeloid cell differentiation,19_GO:0032502 developmental process,-2.2,5.4,3.8,30284,305,73,4,5.5,2.7,3930|4254|7018|23306,LBR|KITLG|TF|NEMP1,-0.31,MyList
GO Biological Processes,19,GO:0030097,hemopoiesis,19_GO:0032502 developmental process,-2.2,3.6,3.4,30284,690,73,6,8.2,3.2,3930|4254|7018|7042|23306|54443,LBR|KITLG|TF|TGFB2|NEMP1|ANLN,-0.31,MyList
GO Biological Processes,19,GO:0061458,reproductive system development,19_GO:0032502 developmental process,-2.2,5.4,3.8,30284,308,73,4,5.5,2.7,3148|4254|7042|259266,HMGB2|KITLG|TGFB2|ASPM,-0.3,MyList
GO Biological Processes,19,GO:0002573,myeloid leukocyte differentiation,19_GO:0032502 developmental process,-2.2,7.7,4.2,30284,161,73,3,4.1,2.3,3930|4254|7018,LBR|KITLG|TF,-0.28,MyList
GO Biological Processes,19,GO:0000902,cell morphogenesis,19_GO:0032502 developmental process,-2.1,3.5,3.3,30284,706,73,6,8.2,3.2,1894|3672|7042|9585|22943|340547,ECT2|ITGA1|TGFB2|KIF20B|DKK1|VSIG1,-0.27,MyList
KEGG Pathway,24,hsa05161,Hepatitis B,,-2.1,7.6,4.2,30284,163,73,3,4.1,2.3,332|890|7042,BIRC5|CCNA2|TGFB2,-0.27,MyList
GO Biological Processes,19,GO:0070507,regulation of microtubule cytoskeleton organization,19_GO:0050789 regulation of biological process,-2.1,7.5,4.1,30284,166,73,3,4.1,2.3,5347|10460|22974,PLK1|TACC3|TPX2,-0.25,MyList
GO Biological Processes,19,GO:0007517,muscle organ development,19_GO:0032502 developmental process,-2.1,5.1,3.7,30284,323,73,4,5.5,2.7,857|1063|3009|7042,CAV1|CENPF|H1-5|TGFB2,-0.24,MyList
GO Biological Processes,19,GO:0090092,regulation of transmembrane receptor protein serine/threonine kinase signaling pathway,19_GO:0050896 response to stimulus,-2.1,5,3.6,30284,329,73,4,5.5,2.7,857|7042|22943|27122,CAV1|TGFB2|DKK1|DKK3,-0.21,MyList
GO Biological Processes,19,GO:2000058,regulation of ubiquitin-dependent protein catabolic process,19_GO:0050789 regulation of biological process,-2.1,7.2,4,30284,172,73,3,4.1,2.3,991|5347|7018,CDC20|PLK1|TF,-0.21,MyList
GO Biological Processes,19,GO:0097190,apoptotic signaling pathway,19_GO:0050896 response to stimulus,-2.1,5,3.6,30284,332,73,4,5.5,2.7,857|3148|4254|7042,CAV1|HMGB2|KITLG|TGFB2,-0.2,MyList
GO Biological Processes,19,GO:1901617,organic hydroxy compound biosynthetic process,19_GO:0009987 cellular process,-2.1,7.1,4,30284,175,73,3,4.1,2.3,3930|7042|165679,LBR|TGFB2|SPTSSB,-0.19,MyList
GO Biological Processes,19,GO:0030162,regulation of proteolysis,19_GO:0050789 regulation of biological process,-2,3.9,3.3,30284,538,73,5,6.8,3,332|857|991|5347|7018,BIRC5|CAV1|CDC20|PLK1|TF,-0.15,MyList
Reactome Gene Sets,6,R-HSA-6811442,Intra-Golgi and retrograde Golgi-to-ER traffic,,-2,6.8,3.9,30284,183,73,3,4.1,2.3,9585|11004|146909,KIF20B|KIF2C|KIF18B,-0.14,MyList
