_MEMBER_MyList,_LogP_MyList,GO,_PATTERN_,_RANK_,GiniIndex,Category,CategoryID,Description,PARENT_GO,LogP,Enrichment,Z-score,#TotalGeneInLibrary,#GeneInGO,#GeneInHitList,#GeneInGOAndHitList,%InGO,STDV %InGO,GeneID,Hits,Log(q-value),EvidenceCutoff,GROUP_ID,FirstInGroupByEnrichment,FirstInGroupByLogP,BestLogPInGroup,BestEnrichmentInGroup,URL
1,-10.702152431593472,WP2873,M1,1,0,WikiPathways,27,Aryl hydrocarbon receptor pathway,,-10.702152431593472,61.984795321637435,20.53474778487057,30284,45,76,7,9.210526315789474,3.317058852129114,218|1543|1545|3484|8140|54658|57491,ALDH3A1|CYP1A1|CYP1B1|IGFBP1|SLC7A5|UGT1A1|AHRR,-6.625835760623856,0,1,1,1,-10.702152431593472,91.95546558704453,
1,-10.668135568037481,WP2882,M1,1,0,WikiPathways,27,Nuclear receptors meta pathway,,-10.668135568037481,15.228293664096547,12.71216528186859,30284,314,76,12,15.789473684210526,4.18273375915277,218|1543|1545|3484|5465|5743|8140|8856|8878|23764|54658|57491,ALDH3A1|CYP1A1|CYP1B1|IGFBP1|PPARA|PTGS2|SLC7A5|NR1I2|SQSTM1|MAFF|UGT1A1|AHRR,-6.625835760623856,0,1,0,0,-10.702152431593472,91.95546558704453,
1,-6.0807600908678445,GO:0006805,M1,1,0,GO Biological Processes,19,xenobiotic metabolic process,19_GO:0050896 response to stimulus,-6.0807600908678445,18.82552838789888,10.097072223592631,30284,127,76,6,7.894736842105263,3.093173328826495,218|1543|1545|8856|54658|57491,ALDH3A1|CYP1A1|CYP1B1|NR1I2|UGT1A1|AHRR,-2.6405202747821814,0,1,0,0,-10.702152431593472,91.95546558704453,
1,-5.550112744833348,GO:0008210,M1,1,0,GO Biological Processes,19,estrogen metabolic process,19_GO:0065007 biological regulation,-5.550112744833348,40.869095816464245,12.496464324763823,30284,39,76,4,5.2631578947368425,2.5613908599594084,1543|1545|25976|54658,CYP1A1|CYP1B1|TIPARP|UGT1A1,-2.2859641878033665,0,1,0,0,-10.702152431593472,91.95546558704453,
1,-5.411386897074645,GO:0008202,M1,1,0,GO Biological Processes,19,steroid metabolic process,19_GO:0009987 cellular process,-5.411386897074645,10.853368830636905,7.956839307804421,30284,257,76,7,9.210526315789474,3.317058852129114,1543|1545|1591|8856|25976|25987|54658,CYP1A1|CYP1B1|CYP24A1|NR1I2|TIPARP|TSKU|UGT1A1,-2.2141851296752764,0,1,0,0,-10.702152431593472,91.95546558704453,
1,-5.369980166205389,WP2881,M1,1,0,WikiPathways,27,Estrogen receptor pathway,,-5.369980166205389,91.95546558704453,16.4525171247176,30284,13,76,3,3.9473684210526314,2.233580806491709,1543|1545|5465,CYP1A1|CYP1B1|PPARA,-2.2027416221834635,0,1,0,0,-10.702152431593472,91.95546558704453,
1,-5.1805289596733655,R-HSA-211945,M1,1,0,Reactome Gene Sets,6,Phase I - Functionalization of compounds,,-5.1805289596733655,19.15738866396761,9.303700040441546,30284,104,76,5,6.578947368421052,2.8437655456270314,218|1543|1545|1591|57491,ALDH3A1|CYP1A1|CYP1B1|CYP24A1|AHRR,-2.0818478273595566,0,1,0,0,-10.702152431593472,91.95546558704453,
1,-4.978284380519611,GO:0071466,M1,1,0,GO Biological Processes,19,cellular response to xenobiotic stimulus,19_GO:0050896 response to stimulus,-4.978284380519611,12.13625434143735,7.865531405049038,30284,197,76,6,7.894736842105263,3.093173328826495,218|1543|1545|8856|54658|57491,ALDH3A1|CYP1A1|CYP1B1|NR1I2|UGT1A1|AHRR,-1.9571738721759238,0,1,0,0,-10.702152431593472,91.95546558704453,
1,-4.91858128638769,WP697,M1,1,0,WikiPathways,27,Estrogen metabolism,,-4.91858128638769,66.41228070175438,13.923976721399281,30284,18,76,3,3.9473684210526314,2.233580806491709,1543|1545|54658,CYP1A1|CYP1B1|UGT1A1,-1.9176741641322899,0,1,0,0,-10.702152431593472,91.95546558704453,
1,-4.850580459800354,GO:0009410,M1,1,0,GO Biological Processes,19,response to xenobiotic stimulus,19_GO:0050896 response to stimulus,-4.850580459800354,7.2947127544261114,6.648314422678795,30284,437,76,8,10.526315789473685,3.520295021368098,218|1543|1545|4862|5743|8856|54658|57491,ALDH3A1|CYP1A1|CYP1B1|NPAS2|PTGS2|NR1I2|UGT1A1|AHRR,-1.8767532801747966,0,1,0,0,-10.702152431593472,91.95546558704453,
1,-4.763093563488338,hsa05207,M1,1,0,KEGG Pathway,24,Chemical carcinogenesis - receptor activation,,-4.763093563488338,11.120195838433293,7.469540945327313,30284,215,76,6,7.894736842105263,3.093173328826495,1543|1545|5465|6654|54658|84699,CYP1A1|CYP1B1|PPARA|SOS1|UGT1A1|CREB3L3,-1.8347371083815498,0,1,0,0,-10.702152431593472,91.95546558704453,
1,-4.65608547575778,R-HSA-211897,M1,1,0,Reactome Gene Sets,6,Cytochrome P450 - arranged by substrate type,,-4.65608547575778,24.521457489878546,9.521954920375393,30284,65,76,4,5.2631578947368425,2.5613908599594084,1543|1545|1591|57491,CYP1A1|CYP1B1|CYP24A1|AHRR,-1.7441194368391606,0,1,0,0,-10.702152431593472,91.95546558704453,
1,-4.474035805270908,GO:0042178,M1,1,0,GO Biological Processes,19,xenobiotic catabolic process,19_GO:0050896 response to stimulus,-4.474035805270908,47.816842105263156,11.746002610766586,30284,25,76,3,3.9473684210526314,2.233580806491709,1543|8856|54658,CYP1A1|NR1I2|UGT1A1,-1.6220676960275744,0,1,0,0,-10.702152431593472,91.95546558704453,
1,-4.32142022961899,hsa00980,M1,1,0,KEGG Pathway,24,Metabolism of xenobiotics by cytochrome P450,,-4.32142022961899,20.175882744836777,8.560019404384368,30284,79,76,4,5.2631578947368425,2.5613908599594084,218|1543|1545|54658,ALDH3A1|CYP1A1|CYP1B1|UGT1A1,-1.4966043664192714,0,1,0,0,-10.702152431593472,91.95546558704453,
1,-4.2372734241903505,GO:0001523,M1,1,0,GO Biological Processes,19,retinoid metabolic process,19_GO:0009987 cellular process,-4.2372734241903505,19.20355104629043,8.329707640008115,30284,83,76,4,5.2631578947368425,2.5613908599594084,1543|1545|54658|195814,CYP1A1|CYP1B1|UGT1A1|SDR16C5,-1.446686068380155,0,1,0,0,-10.702152431593472,91.95546558704453,
1,-4.187738607212543,GO:0046209,M1,1,0,GO Biological Processes,19,nitric oxide metabolic process,19_GO:0009987 cellular process,-4.187738607212543,38.56196943972835,10.495188334741187,30284,31,76,3,3.9473684210526314,2.233580806491709,1543|1545|5465,CYP1A1|CYP1B1|PPARA,-1.4356659279820685,0,1,0,0,-10.702152431593472,91.95546558704453,
1,-4.137937711230022,GO:0016101,M1,1,0,GO Biological Processes,19,diterpenoid metabolic process,19_GO:0009987 cellular process,-4.137937711230022,18.112440191387563,8.063504434084233,30284,88,76,4,5.2631578947368425,2.5613908599594084,1543|1545|54658|195814,CYP1A1|CYP1B1|UGT1A1|SDR16C5,-1.4073917648721515,0,1,0,0,-10.702152431593472,91.95546558704453,
1,-4.105161558281222,GO:2001057,M1,1,0,GO Biological Processes,19,reactive nitrogen species metabolic process,19_GO:0009987 cellular process,-4.105161558281222,36.22488038277512,10.155045818794905,30284,33,76,3,3.9473684210526314,2.233580806491709,1543|1545|5465,CYP1A1|CYP1B1|PPARA,-1.395300210783202,0,1,0,0,-10.702152431593472,91.95546558704453,
1,-3.939005333667268,GO:0006721,M1,1,0,GO Biological Processes,19,terpenoid metabolic process,19_GO:0009987 cellular process,-3.939005333667268,16.099946836788945,7.5481875675565835,30284,99,76,4,5.2631578947368425,2.5613908599594084,1543|1545|54658|195814,CYP1A1|CYP1B1|UGT1A1|SDR16C5,-1.2946455349256802,0,1,0,0,-10.702152431593472,91.95546558704453,
1,-3.7713068180043656,GO:0042445,M1,1,0,GO Biological Processes,19,hormone metabolic process,19_GO:0065007 biological regulation,-3.7713068180043656,9.718870346598202,6.282763490307854,30284,205,76,5,6.578947368421052,2.8437655456270314,1543|1545|25976|54658|195814,CYP1A1|CYP1B1|TIPARP|UGT1A1|SDR16C5,-1.1761650419329595,0,1,0,0,-10.702152431593472,91.95546558704453,
1,-3.675325499279752,R-HSA-211859,M1,1,0,Reactome Gene Sets,6,Biological oxidations,,-3.675325499279752,9.266829865361077,6.101603679729648,30284,215,76,5,6.578947368421052,2.8437655456270314,218|1543|1545|1591|57491,ALDH3A1|CYP1A1|CYP1B1|CYP24A1|AHRR,-1.1313362456557274,0,1,0,0,-10.702152431593472,91.95546558704453,
1,-3.6173800546885673,GO:0006720,M1,1,0,GO Biological Processes,19,isoprenoid metabolic process,19_GO:0009987 cellular process,-3.6173800546885673,13.28245614035088,6.762022897751065,30284,120,76,4,5.2631578947368425,2.5613908599594084,1543|1545|54658|195814,CYP1A1|CYP1B1|UGT1A1|SDR16C5,-1.0920518258814271,0,1,0,0,-10.702152431593472,91.95546558704453,
1,-3.5125208528725524,GO:0042572,M1,1,0,GO Biological Processes,19,retinol metabolic process,19_GO:0065007 biological regulation,-3.5125208528725524,22.988866396761132,7.960059811239051,30284,52,76,3,3.9473684210526314,2.233580806491709,1543|1545|195814,CYP1A1|CYP1B1|SDR16C5,-1.0016999625011822,0,1,0,0,-10.702152431593472,91.95546558704453,
1,-3.4721979304480968,GO:0045471,M1,1,0,GO Biological Processes,19,response to ethanol,19_GO:0050896 response to stimulus,-3.4721979304480968,12.167135395741262,6.424767616025335,30284,131,76,4,5.2631578947368425,2.5613908599594084,5465|7412|9962|54658,PPARA|VCAM1|SLC23A2|UGT1A1,-0.9677172181077456,0,1,0,0,-10.702152431593472,91.95546558704453,
1,-3.410488577120834,GO:0051384,M1,1,0,GO Biological Processes,19,response to glucocorticoid,19_GO:0050896 response to stimulus,-3.410488577120834,11.71981424148607,6.284528769988816,30284,136,76,4,5.2631578947368425,2.5613908599594084,1545|5743|7477|54658,CYP1B1|PTGS2|WNT7B|UGT1A1,-0.9304816341636836,0,1,0,0,-10.702152431593472,91.95546558704453,
1,-3.342087380706066,GO:0010817,M1,1,0,GO Biological Processes,19,regulation of hormone levels,19_GO:0065007 biological regulation,-3.342087380706066,5.089992316557819,4.846372095945576,30284,548,76,7,9.210526315789474,3.317058852129114,1543|1545|6520|8140|25976|54658|195814,CYP1A1|CYP1B1|SLC3A2|SLC7A5|TIPARP|UGT1A1|SDR16C5,-0.8852483028009415,0,1,0,0,-10.702152431593472,91.95546558704453,
1,-3.28701062336083,WP43,M1,1,0,WikiPathways,27,Oxidation by cytochrome P450,,-3.28701062336083,19.280984719864176,7.227350016801816,30284,62,76,3,3.9473684210526314,2.233580806491709,1543|1545|1591,CYP1A1|CYP1B1|CYP24A1,-0.841307911573665,0,1,0,0,-10.702152431593472,91.95546558704453,
1,-3.26660280308186,hsa00140,M1,1,0,KEGG Pathway,24,Steroid hormone biosynthesis,,-3.26660280308186,18.974937343358395,7.163553399412605,30284,63,76,3,3.9473684210526314,2.233580806491709,1543|1545|54658,CYP1A1|CYP1B1|UGT1A1,-0.826362986996197,0,1,0,0,-10.702152431593472,91.95546558704453,
1,-3.1869780814085136,GO:0097305,M1,1,0,GO Biological Processes,19,response to alcohol,19_GO:0050896 response to stimulus,-3.1869780814085136,7.244976076555023,5.2181507590032,30284,275,76,5,6.578947368421052,2.8437655456270314,1545|5465|7412|9962|54658,CYP1B1|PPARA|VCAM1|SLC23A2|UGT1A1,-0.7730672040451998,0,1,0,0,-10.702152431593472,91.95546558704453,
1,-3.1756707894039082,GO:0031960,M1,1,0,GO Biological Processes,19,response to corticosteroid,19_GO:0050896 response to stimulus,-3.1756707894039082,10.152195776064366,5.7669002859177905,30284,157,76,4,5.2631578947368425,2.5613908599594084,1545|5743|7477|54658,CYP1B1|PTGS2|WNT7B|UGT1A1,-0.7668394375698695,0,1,0,0,-10.702152431593472,91.95546558704453,
1,-3.1694434616734397,hsa00830,M1,1,0,KEGG Pathway,24,Retinol metabolism,,-3.1694434616734397,17.5797213622291,6.8652831851909495,30284,68,76,3,3.9473684210526314,2.233580806491709,1543|54658|195814,CYP1A1|UGT1A1|SDR16C5,-0.7665072274554235,0,1,0,0,-10.702152431593472,91.95546558704453,
1,-3.136358457696713,GO:0048732,M1,1,0,GO Biological Processes,19,gland development,19_GO:0032502 developmental process,-3.136358457696713,5.586079685194294,4.792839966638682,30284,428,76,6,7.894736842105263,3.093173328826495,1543|1545|7477|8140|54658|79152,CYP1A1|CYP1B1|WNT7B|SLC7A5|UGT1A1|FA2H,-0.7457395451704363,0,1,0,0,-10.702152431593472,91.95546558704453,
1,-3.1241226058581013,GO:0048545,M1,1,0,GO Biological Processes,19,response to steroid hormone,19_GO:0050896 response to stimulus,-3.1241226058581013,7.015381764269829,5.108659952036411,30284,284,76,5,6.578947368421052,2.8437655456270314,1545|5465|5743|7477|54658,CYP1B1|PPARA|PTGS2|WNT7B|UGT1A1,-0.7410744254624575,0,1,0,0,-10.702152431593472,91.95546558704453,
1,-2.9196497155007055,WP702,M1,1,0,WikiPathways,27,Metapathway biotransformation Phase I and II,,-2.9196497155007055,8.662471395881008,5.229254612094237,30284,184,76,4,5.2631578947368425,2.5613908599594084,1543|1545|1591|54658,CYP1A1|CYP1B1|CYP24A1|UGT1A1,-0.5933532517218794,0,1,0,0,-10.702152431593472,91.95546558704453,
1,-2.775760964433154,GO:0034308,M1,1,0,GO Biological Processes,19,primary alcohol metabolic process,19_GO:0009987 cellular process,-2.775760964433154,12.853989813242784,5.742652447013115,30284,93,76,3,3.9473684210526314,2.233580806491709,1543|1545|195814,CYP1A1|CYP1B1|SDR16C5,-0.48550960483896705,0,1,0,0,-10.702152431593472,91.95546558704453,
1,-2.6961830623832066,GO:0043010,M1,1,0,GO Biological Processes,19,camera-type eye development,19_GO:0032502 developmental process,-2.6961830623832066,5.612305411415863,4.384614226015047,30284,355,76,5,6.578947368421052,2.8437655456270314,1543|1545|6654|7477|25987,CYP1A1|CYP1B1|SOS1|WNT7B|TSKU,-0.45322380442316296,0,1,0,0,-10.702152431593472,91.95546558704453,
1,-2.6020938931959754,GO:0097306,M1,1,0,GO Biological Processes,19,cellular response to alcohol,19_GO:0050896 response to stimulus,-2.6020938931959754,11.172159370388588,5.287036045363445,30284,107,76,3,3.9473684210526314,2.233580806491709,1545|9962|54658,CYP1B1|SLC23A2|UGT1A1,-0.36935380041761784,0,1,0,0,-10.702152431593472,91.95546558704453,
1,-2.4614698435182483,GO:0032355,M1,1,0,GO Biological Processes,19,response to estradiol,19_GO:0050896 response to stimulus,-2.4614698435182483,9.961842105263157,4.933881369438205,30284,120,76,3,3.9473684210526314,2.233580806491709,1545|5743|54658,CYP1B1|PTGS2|UGT1A1,-0.25928239803778436,0,1,0,0,-10.702152431593472,91.95546558704453,
1,-2.4595974008612957,GO:0001654,M1,1,0,GO Biological Processes,19,eye development,19_GO:0032502 developmental process,-2.4595974008612957,4.943842235862609,3.997787917654511,30284,403,76,5,6.578947368421052,2.8437655456270314,1543|1545|6654|7477|25987,CYP1A1|CYP1B1|SOS1|WNT7B|TSKU,-0.25928239803778436,0,1,0,0,-10.702152431593472,91.95546558704453,
1,-2.441395929719413,GO:0150063,M1,1,0,GO Biological Processes,19,visual system development,19_GO:0032502 developmental process,-2.441395929719413,4.895254105780421,3.9683481191903427,30284,407,76,5,6.578947368421052,2.8437655456270314,1543|1545|6654|7477|25987,CYP1A1|CYP1B1|SOS1|WNT7B|TSKU,-0.2501351002495579,0,1,0,0,-10.702152431593472,91.95546558704453,
1,-2.4100492837559195,GO:0048880,M1,1,0,GO Biological Processes,19,sensory system development,19_GO:0032502 developmental process,-2.4100492837559195,4.812484108822781,3.9177422439386644,30284,414,76,5,6.578947368421052,2.8437655456270314,1543|1545|6654|7477|25987,CYP1A1|CYP1B1|SOS1|WNT7B|TSKU,-0.22205551814337476,0,1,0,0,-10.702152431593472,91.95546558704453,
1,-2.327419257870333,GO:0001889,M1,1,0,GO Biological Processes,19,liver development,19_GO:0032502 developmental process,-2.327419257870333,8.921052631578947,4.609320404955293,30284,134,76,3,3.9473684210526314,2.233580806491709,1543|8140|54658,CYP1A1|SLC7A5|UGT1A1,-0.15140678954090253,0,1,0,0,-10.702152431593472,91.95546558704453,
1,-2.30068352347853,GO:0061008,M1,1,0,GO Biological Processes,19,hepaticobiliary system development,19_GO:0032502 developmental process,-2.30068352347853,8.725701114099117,4.545915865857896,30284,137,76,3,3.9473684210526314,2.233580806491709,1543|8140|54658,CYP1A1|SLC7A5|UGT1A1,-0.13490341164919017,0,1,0,0,-10.702152431593472,91.95546558704453,
1,-2.1877880000335788,GO:1901615,M1,1,0,GO Biological Processes,19,organic hydroxy compound metabolic process,19_GO:0009987 cellular process,-2.1877880000335788,4.2571974808816915,3.561948081960943,30284,468,76,5,6.578947368421052,2.8437655456270314,1543|1545|1591|25987|195814,CYP1A1|CYP1B1|CYP24A1|TSKU|SDR16C5,-0.05128407298782191,0,1,0,0,-10.702152431593472,91.95546558704453,
1,-2.1681638782544486,GO:0071383,M1,1,0,GO Biological Processes,19,cellular response to steroid hormone stimulus,19_GO:0050896 response to stimulus,-2.1681638782544486,7.813209494324045,4.237755963791133,30284,153,76,3,3.9473684210526314,2.233580806491709,1545|5465|54658,CYP1B1|PPARA|UGT1A1,-0.03967792322453993,0,1,0,0,-10.702152431593472,91.95546558704453,
1,-2.091271177132205,GO:0006066,M1,1,0,GO Biological Processes,19,alcohol metabolic process,19_GO:0009987 cellular process,-2.091271177132205,5.076097888032183,3.6417599524595383,30284,314,76,4,5.2631578947368425,2.5613908599594084,1543|1545|25987|195814,CYP1A1|CYP1B1|TSKU|SDR16C5,0.0,0,1,0,0,-10.702152431593472,91.95546558704453,
1,-8.12881367086617,GO:0007584,M1,1,0,GO Biological Processes,19,response to nutrient,19_GO:0050896 response to stimulus,-8.12881367086617,19.799934619156588,11.996800149065795,30284,161,76,8,10.526315789473685,3.520295021368098,360|1543|1545|1591|5465|5743|7412|54658,AQP3|CYP1A1|CYP1B1|CYP24A1|PPARA|PTGS2|VCAM1|UGT1A1,-4.262605122508226,0,2,1,1,-8.12881367086617,79.69473684210526,
1,-7.227161268517963,GO:0031667,M1,1,0,GO Biological Processes,19,response to nutrient levels,19_GO:0050896 response to stimulus,-7.227161268517963,8.594530443756451,8.67586292083324,30284,510,76,11,14.473684210526315,4.035827845727553,360|1543|1545|1591|5465|5743|6581|7412|8140|9518|54658,AQP3|CYP1A1|CYP1B1|CYP24A1|PPARA|PTGS2|SLC22A3|VCAM1|SLC7A5|GDF15|UGT1A1,-3.485891456768319,0,2,0,0,-8.12881367086617,79.69473684210526,
1,-6.829537752010261,R-HSA-556833,M1,1,0,Reactome Gene Sets,6,Metabolism of lipids,,-6.829537752010261,6.919948206260949,7.896010038821021,30284,691,76,12,15.789473684210526,4.18273375915277,1543|1545|1591|3032|4862|5465|5743|8605|51703|57491|64781|79152,CYP1A1|CYP1B1|CYP24A1|HADHB|NPAS2|PPARA|PTGS2|PLA2G4C|ACSL5|AHRR|CERK|FA2H,-3.1851779532686737,0,2,0,0,-8.12881367086617,79.69473684210526,
1,-6.252265409239873,GO:0019752,M1,1,0,GO Biological Processes,19,carboxylic acid metabolic process,19_GO:0009987 cellular process,-6.252265409239873,6.10687638636822,7.262114902036346,30284,783,76,12,15.789473684210526,4.18273375915277,1543|1545|3032|5465|5743|8605|9962|23042|51703|54658|79152|80201,CYP1A1|CYP1B1|HADHB|PPARA|PTGS2|PLA2G4C|SLC23A2|PDXDC1|ACSL5|UGT1A1|FA2H|HKDC1,-2.6870868565459096,0,2,0,0,-8.12881367086617,79.69473684210526,
1,-6.1127235101352575,GO:0032787,M1,1,0,GO Biological Processes,19,monocarboxylic acid metabolic process,19_GO:0009987 cellular process,-6.1127235101352575,7.589974937343358,7.640108145080769,30284,525,76,10,13.157894736842104,3.877497972069091,1543|1545|3032|5465|5743|8605|51703|54658|79152|80201,CYP1A1|CYP1B1|HADHB|PPARA|PTGS2|PLA2G4C|ACSL5|UGT1A1|FA2H|HKDC1,-2.6405202747821814,0,2,0,0,-8.12881367086617,79.69473684210526,
1,-5.7719724426494965,GO:0006631,M1,1,0,GO Biological Processes,19,fatty acid metabolic process,19_GO:0009987 cellular process,-5.7719724426494965,9.748591662642847,7.978258823504919,30284,327,76,8,10.526315789473685,3.520295021368098,1543|1545|3032|5465|5743|8605|51703|79152,CYP1A1|CYP1B1|HADHB|PPARA|PTGS2|PLA2G4C|ACSL5|FA2H,-2.42864263957189,0,2,0,0,-8.12881367086617,79.69473684210526,
1,-5.258350546476204,WP2586,M1,1,0,WikiPathways,27,Aryl hydrocarbon receptor pathway,,-5.258350546476204,34.64988558352403,11.45595329730235,30284,46,76,4,5.2631578947368425,2.5613908599594084,1543|1545|5743|57491,CYP1A1|CYP1B1|PTGS2|AHRR,-2.119140726054522,0,2,0,0,-8.12881367086617,79.69473684210526,
1,-5.169905125333857,GO:0007567,M1,1,0,GO Biological Processes,19,parturition,19_GO:0022414 reproductive process,-5.169905125333857,79.69473684210526,15.291058096898427,30284,15,76,3,3.9473684210526314,2.233580806491709,1543|8605|23764,CYP1A1|PLA2G4C|MAFF,-2.0818478273595566,0,2,0,0,-8.12881367086617,79.69473684210526,
1,-5.043452275069834,hsa04913,M1,1,0,KEGG Pathway,24,Ovarian steroidogenesis,,-5.043452275069834,30.651821862348182,10.734081115307676,30284,52,76,4,5.2631578947368425,2.5613908599594084,1543|1545|5743|8605,CYP1A1|CYP1B1|PTGS2|PLA2G4C,-2.000000136578451,0,2,0,0,-8.12881367086617,79.69473684210526,
1,-5.042299943992076,GO:0001676,M1,1,0,GO Biological Processes,19,long-chain fatty acid metabolic process,19_GO:0009987 cellular process,-5.042299943992076,17.94926505452821,8.973221172683019,30284,111,76,5,6.578947368421052,2.8437655456270314,1543|1545|5743|8605|51703,CYP1A1|CYP1B1|PTGS2|PLA2G4C|ACSL5,-2.000000136578451,0,2,0,0,-8.12881367086617,79.69473684210526,
1,-4.8236217918560955,GO:0019369,M1,1,0,GO Biological Processes,19,arachidonate metabolic process,19_GO:0009987 cellular process,-4.8236217918560955,27.015165031222125,10.03262765545062,30284,59,76,4,5.2631578947368425,2.5613908599594084,1543|1545|5743|8605,CYP1A1|CYP1B1|PTGS2|PLA2G4C,-1.8767532801747966,0,2,0,0,-8.12881367086617,79.69473684210526,
1,-4.5041413960496195,hsa05204,M1,1,0,KEGG Pathway,24,Chemical carcinogenesis - DNA adducts,,-4.5041413960496195,22.449221645663457,9.075886250171603,30284,71,76,4,5.2631578947368425,2.5613908599594084,1543|1545|5743|54658,CYP1A1|CYP1B1|PTGS2|UGT1A1,-1.6379328476916752,0,2,0,0,-8.12881367086617,79.69473684210526,
1,-4.438902494031385,GO:0120254,M1,1,0,GO Biological Processes,19,olefinic compound metabolic process,19_GO:0009987 cellular process,-4.438902494031385,13.461948790896159,7.622883359267514,30284,148,76,5,6.578947368421052,2.8437655456270314,1543|1545|5743|8605|195814,CYP1A1|CYP1B1|PTGS2|PLA2G4C|SDR16C5,-1.6007226692736847,0,2,0,0,-8.12881367086617,79.69473684210526,
1,-4.251889230569973,R-HSA-8978868,M1,1,0,Reactome Gene Sets,6,Fatty acid metabolism,,-4.251889230569973,12.298570500324885,7.232432067783311,30284,162,76,5,6.578947368421052,2.8437655456270314,1543|1545|3032|5743|51703,CYP1A1|CYP1B1|HADHB|PTGS2|ACSL5,-1.446686068380155,0,2,0,0,-8.12881367086617,79.69473684210526,
1,-4.187738607212543,GO:0033280,M1,1,0,GO Biological Processes,19,response to vitamin D,19_GO:0050896 response to stimulus,-4.187738607212543,38.56196943972835,10.495188334741187,30284,31,76,3,3.9473684210526314,2.233580806491709,360|1591|5743,AQP3|CYP24A1|PTGS2,-1.4356659279820685,0,2,0,0,-8.12881367086617,79.69473684210526,
1,-4.176935739731713,GO:0033273,M1,1,0,GO Biological Processes,19,response to vitamin,19_GO:0050896 response to stimulus,-4.176935739731713,18.533659730722157,8.167289828389412,30284,86,76,4,5.2631578947368425,2.5613908599594084,360|1543|1591|5743,AQP3|CYP1A1|CYP24A1|PTGS2,-1.4356659279820685,0,2,0,0,-8.12881367086617,79.69473684210526,
1,-3.856230411890963,GO:0033559,M1,1,0,GO Biological Processes,19,unsaturated fatty acid metabolic process,19_GO:0009987 cellular process,-3.856230411890963,15.325910931174091,7.3404816395334125,30284,104,76,4,5.2631578947368425,2.5613908599594084,1543|1545|5743|8605,CYP1A1|CYP1B1|PTGS2|PLA2G4C,-1.2418272043438023,0,2,0,0,-8.12881367086617,79.69473684210526,
1,-3.7329843096667417,GO:0071407,M1,1,0,GO Biological Processes,19,cellular response to organic cyclic compound,19_GO:0050896 response to stimulus,-3.7329843096667417,5.909567350579841,5.392174314183021,30284,472,76,7,9.210526315789474,3.317058852129114,1543|1545|1591|5465|5743|25976|54658,CYP1A1|CYP1B1|CYP24A1|PPARA|PTGS2|TIPARP|UGT1A1,-1.1455293622616265,0,2,0,0,-8.12881367086617,79.69473684210526,
1,-3.688167757456354,GO:0006690,M1,1,0,GO Biological Processes,19,icosanoid metabolic process,19_GO:0009987 cellular process,-3.688167757456354,13.859954233409612,6.930317696109439,30284,115,76,4,5.2631578947368425,2.5613908599594084,1543|1545|5743|8605,CYP1A1|CYP1B1|PTGS2|PLA2G4C,-1.1372296438770013,0,2,0,0,-8.12881367086617,79.69473684210526,
1,-3.617292570022746,GO:0070482,M1,1,0,GO Biological Processes,19,response to oxygen levels,19_GO:0050896 response to stimulus,-3.617292570022746,6.890034885484605,5.535077726648446,30284,347,76,6,7.894736842105263,3.093173328826495,360|1543|5465|5743|7412|8140,AQP3|CYP1A1|PPARA|PTGS2|VCAM1|SLC7A5,-1.0920518258814271,0,2,0,0,-8.12881367086617,79.69473684210526,
1,-3.417248431347983,R-HSA-2142753,M1,1,0,Reactome Gene Sets,6,Arachidonate metabolism,,-3.417248431347983,21.346804511278197,7.644177752937669,30284,56,76,3,3.9473684210526314,2.233580806491709,1543|1545|5743,CYP1A1|CYP1B1|PTGS2,-0.9312511247016448,0,2,0,0,-8.12881367086617,79.69473684210526,
1,-3.350892073476988,GO:0009636,M1,1,0,GO Biological Processes,19,response to toxic substance,19_GO:0050896 response to stimulus,-3.350892073476988,7.87497399625546,5.507971463637677,30284,253,76,5,6.578947368421052,2.8437655456270314,1543|1545|5743|6581|11093,CYP1A1|CYP1B1|PTGS2|SLC22A3|ADAMTS13,-0.8883758626801729,0,2,0,0,-8.12881367086617,79.69473684210526,
1,-2.9858251803100773,GO:0001666,M1,1,0,GO Biological Processes,19,response to hypoxia,19_GO:0050896 response to stimulus,-2.9858251803100773,6.532355478861087,4.87075947958771,30284,305,76,5,6.578947368421052,2.8437655456270314,360|1543|5465|5743|7412,AQP3|CYP1A1|PPARA|PTGS2|VCAM1,-0.6510955489943884,0,2,0,0,-8.12881367086617,79.69473684210526,
1,-2.8995148670424196,GO:0036293,M1,1,0,GO Biological Processes,19,response to decreased oxygen levels,19_GO:0050896 response to stimulus,-2.8995148670424196,6.245669031512951,4.724266020756563,30284,319,76,5,6.578947368421052,2.8437655456270314,360|1543|5465|5743|7412,AQP3|CYP1A1|PPARA|PTGS2|VCAM1,-0.5814909292295832,0,2,0,0,-8.12881367086617,79.69473684210526,
1,-2.826975737252428,GO:0044703,M1,1,0,GO Biological Processes,19,multi-organism reproductive process,19_GO:0022414 reproductive process,-2.826975737252428,8.173819163292848,5.040911947906296,30284,195,76,4,5.2631578947368425,2.5613908599594084,1543|5743|8605|23764,CYP1A1|PTGS2|PLA2G4C|MAFF,-0.5170696896617711,0,2,0,0,-8.12881367086617,79.69473684210526,
1,-2.7631402986381017,GO:0044706,M1,1,0,GO Biological Processes,19,multi-multicellular organism process,19_GO:0032501 multicellular organismal process,-2.7631402986381017,7.851698211044854,4.912984206936731,30284,203,76,4,5.2631578947368425,2.5613908599594084,1543|5743|8605|23764,CYP1A1|PTGS2|PLA2G4C|MAFF,-0.4823355766569415,0,2,0,0,-8.12881367086617,79.69473684210526,
1,-2.7447068252762885,GO:0010038,M1,1,0,GO Biological Processes,19,response to metal ion,19_GO:0050896 response to stimulus,-2.7447068252762885,5.75829023425616,4.465014195764005,30284,346,76,5,6.578947368421052,2.8437655456270314,360|1543|5743|7412|11093,AQP3|CYP1A1|PTGS2|VCAM1|ADAMTS13,-0.4695628839448437,0,2,0,0,-8.12881367086617,79.69473684210526,
1,-2.451343400360988,GO:0006633,M1,1,0,GO Biological Processes,19,fatty acid biosynthetic process,19_GO:0009987 cellular process,-2.451343400360988,9.879512831665942,4.908963640291802,30284,121,76,3,3.9473684210526314,2.233580806491709,1543|5743|79152,CYP1A1|PTGS2|FA2H,-0.2541416329616195,0,2,0,0,-8.12881367086617,79.69473684210526,
1,-2.391528243952842,GO:0008610,M1,1,0,GO Biological Processes,19,lipid biosynthetic process,19_GO:0009987 cellular process,-2.391528243952842,3.971498513726176,3.69379203712164,30284,602,76,6,7.894736842105263,3.093173328826495,1543|5743|8605|51703|64781|79152,CYP1A1|PTGS2|PLA2G4C|ACSL5|CERK|FA2H,-0.2065609329704851,0,2,0,0,-8.12881367086617,79.69473684210526,
1,-2.382908935492136,GO:0097237,M1,1,0,GO Biological Processes,19,cellular response to toxic substance,19_GO:0050896 response to stimulus,-2.382908935492136,9.33922697368421,4.742301593013021,30284,128,76,3,3.9473684210526314,2.233580806491709,1545|5743|6581,CYP1B1|PTGS2|SLC22A3,-0.2009471346495042,0,2,0,0,-8.12881367086617,79.69473684210526,
1,-2.036268051717354,GO:0072330,M1,1,0,GO Biological Processes,19,monocarboxylic acid biosynthetic process,19_GO:0009987 cellular process,-2.036268051717354,6.990766389658356,3.940475991719203,30284,171,76,3,3.9473684210526314,2.233580806491709,1543|5743|79152,CYP1A1|PTGS2|FA2H,0.0,0,2,0,0,-8.12881367086617,79.69473684210526,
1,-5.959149780102748,GO:0071396,M1,1,0,GO Biological Processes,19,cellular response to lipid,19_GO:0050896 response to stimulus,-5.959149780102748,7.298052824368614,7.448897527177171,30284,546,76,10,13.157894736842104,3.877497972069091,1545|1591|2635|3032|5465|5743|7477|8140|11093|54658,CYP1B1|CYP24A1|GBP3|HADHB|PPARA|PTGS2|WNT7B|SLC7A5|ADAMTS13|UGT1A1,-2.570062486464466,0,3,1,1,-5.959149780102748,11.007560337307357,
1,-5.655845359313222,GO:0032496,M1,1,0,GO Biological Processes,19,response to lipopolysaccharide,19_GO:0044419 biological process involved in interspecies interaction between organisms,-5.655845359313222,9.403508771929825,7.804473426831126,30284,339,76,8,10.526315789473685,3.520295021368098,1543|2635|3032|5743|7412|8140|11093|54658,CYP1A1|GBP3|HADHB|PTGS2|VCAM1|SLC7A5|ADAMTS13|UGT1A1,-2.3539082413938406,0,3,0,0,-5.959149780102748,11.007560337307357,
1,-5.454280254739651,GO:0002237,M1,1,0,GO Biological Processes,19,response to molecule of bacterial origin,19_GO:0044419 biological process involved in interspecies interaction between organisms,-5.454280254739651,8.830441755357924,7.507279000706344,30284,361,76,8,10.526315789473685,3.520295021368098,1543|2635|3032|5743|7412|8140|11093|54658,CYP1A1|GBP3|HADHB|PTGS2|VCAM1|SLC7A5|ADAMTS13|UGT1A1,-2.224893803968882,0,3,0,0,-5.959149780102748,11.007560337307357,
1,-4.0724599934283034,GO:0009617,M1,1,0,GO Biological Processes,19,response to bacterium,19_GO:0044419 biological process involved in interspecies interaction between organisms,-4.0724599934283034,4.939756415832972,5.389462041522377,30284,726,76,9,11.842105263157896,3.706280354898464,1543|2635|3032|4938|5743|7412|8140|11093|54658,CYP1A1|GBP3|HADHB|OAS1|PTGS2|VCAM1|SLC7A5|ADAMTS13|UGT1A1,-1.3725828668368845,0,3,0,0,-5.959149780102748,11.007560337307357,
1,-4.024266104741044,GO:0034612,M1,1,0,GO Biological Processes,19,response to tumor necrosis factor,19_GO:0050896 response to stimulus,-4.024266104741044,11.007560337307357,6.773417936417087,30284,181,76,5,6.578947368421052,2.8437655456270314,1545|2635|5743|7412|11093,CYP1B1|GBP3|PTGS2|VCAM1|ADAMTS13,-1.3436941333450119,0,3,0,0,-5.959149780102748,11.007560337307357,
1,-3.7035963195563224,GO:0071222,M1,1,0,GO Biological Processes,19,cellular response to lipopolysaccharide,19_GO:0044419 biological process involved in interspecies interaction between organisms,-3.7035963195563224,9.397964250248261,6.154688165041164,30284,212,76,5,6.578947368421052,2.8437655456270314,2635|3032|5743|8140|11093,GBP3|HADHB|PTGS2|SLC7A5|ADAMTS13,-1.1372296438770013,0,3,0,0,-5.959149780102748,11.007560337307357,
1,-3.575260981653895,GO:0071219,M1,1,0,GO Biological Processes,19,cellular response to molecule of bacterial origin,19_GO:0044419 biological process involved in interspecies interaction between organisms,-3.575260981653895,8.81578947368421,5.915511327571611,30284,226,76,5,6.578947368421052,2.8437655456270314,2635|3032|5743|8140|11093,GBP3|HADHB|PTGS2|SLC7A5|ADAMTS13,-1.0580059812771152,0,3,0,0,-5.959149780102748,11.007560337307357,
1,-3.3587180241467136,GO:0071216,M1,1,0,GO Biological Processes,19,cellular response to biotic stimulus,19_GO:0050896 response to stimulus,-3.3587180241467136,7.906223893065998,5.521970148132054,30284,252,76,5,6.578947368421052,2.8437655456270314,2635|3032|5743|8140|11093,GBP3|HADHB|PTGS2|SLC7A5|ADAMTS13,-0.8883758626801729,0,3,0,0,-5.959149780102748,11.007560337307357,
1,-3.1965200059132024,GO:0071356,M1,1,0,GO Biological Processes,19,cellular response to tumor necrosis factor,19_GO:0050896 response to stimulus,-3.1965200059132024,10.283191850594228,5.81187244799558,30284,155,76,4,5.2631578947368425,2.5613908599594084,1545|2635|7412|11093,CYP1B1|GBP3|VCAM1|ADAMTS13,-0.7774694888974776,0,3,0,0,-5.959149780102748,11.007560337307357,
1,-3.098126922540654,GO:0071345,M1,1,0,GO Biological Processes,19,cellular response to cytokine stimulus,19_GO:0050896 response to stimulus,-3.098126922540654,4.050558416371297,4.349336866185941,30284,787,76,8,10.526315789473685,3.520295021368098,1545|2069|2635|4938|6654|7032|7412|11093,CYP1B1|EREG|GBP3|OAS1|SOS1|TFF2|VCAM1|ADAMTS13,-0.724873220664336,0,3,0,0,-5.959149780102748,11.007560337307357,
1,-4.8221430745803655,GO:0048514,M1,1,0,GO Biological Processes,19,blood vessel morphogenesis,19_GO:0032502 developmental process,-4.8221430745803655,7.228547559374628,6.6089139661136524,30284,441,76,8,10.526315789473685,3.520295021368098,290|1545|2069|2838|5743|6654|7477|25976,ANPEP|CYP1B1|EREG|GPR15|PTGS2|SOS1|WNT7B|TIPARP,-1.8767532801747966,0,4,1,1,-4.8221430745803655,7.228547559374628,
1,-4.233263658227457,GO:0001568,M1,1,0,GO Biological Processes,19,blood vessel development,19_GO:0032502 developmental process,-4.233263658227457,5.969643209146462,5.811625379583797,30284,534,76,8,10.526315789473685,3.520295021368098,290|1545|2069|2838|5743|6654|7477|25976,ANPEP|CYP1B1|EREG|GPR15|PTGS2|SOS1|WNT7B|TIPARP,-1.446686068380155,0,4,0,0,-4.8221430745803655,7.228547559374628,
1,-4.221814147390766,GO:0035239,M1,1,0,GO Biological Processes,19,tube morphogenesis,19_GO:0032502 developmental process,-4.221814147390766,5.167526164113454,5.570970334021228,30284,694,76,9,11.842105263157896,3.706280354898464,290|1545|2069|2838|5743|6654|7477|25976|84913,ANPEP|CYP1B1|EREG|GPR15|PTGS2|SOS1|WNT7B|TIPARP|ATOH8,-1.446686068380155,0,4,0,0,-4.8221430745803655,7.228547559374628,
1,-4.111197340406407,GO:0001944,M1,1,0,GO Biological Processes,19,vasculature development,19_GO:0032502 developmental process,-4.111197340406407,5.73343430518743,5.650360558313802,30284,556,76,8,10.526315789473685,3.520295021368098,290|1545|2069|2838|5743|6654|7477|25976,ANPEP|CYP1B1|EREG|GPR15|PTGS2|SOS1|WNT7B|TIPARP,-1.395300210783202,0,4,0,0,-4.8221430745803655,7.228547559374628,
1,-3.120616401194509,GO:0043434,M1,1,0,GO Biological Processes,19,response to peptide hormone,19_GO:0050896 response to stimulus,-3.120616401194509,5.547197460007327,4.769070212461711,30284,431,76,6,7.894736842105263,3.093173328826495,1545|2069|3484|5465|5743|6654,CYP1B1|EREG|IGFBP1|PPARA|PTGS2|SOS1,-0.7410744254624575,0,4,0,0,-4.8221430745803655,7.228547559374628,
1,-2.739243417333299,GO:0001525,M1,1,0,GO Biological Processes,19,angiogenesis,19_GO:0032502 developmental process,-2.739243417333299,5.741695737903837,4.4559421082708965,30284,347,76,5,6.578947368421052,2.8437655456270314,290|1545|2069|2838|5743,ANPEP|CYP1B1|EREG|GPR15|PTGS2,-0.46779562156181803,0,4,0,0,-4.8221430745803655,7.228547559374628,
1,-2.5373787507269117,GO:0032870,M1,1,0,GO Biological Processes,19,cellular response to hormone stimulus,19_GO:0050896 response to stimulus,-2.5373787507269117,4.25416744708747,3.905838637855803,30284,562,76,6,7.894736842105263,3.093173328826495,1545|1591|3484|5465|6654|54658,CYP1B1|CYP24A1|IGFBP1|PPARA|SOS1|UGT1A1,-0.31132024330506936,0,4,0,0,-4.8221430745803655,7.228547559374628,
1,-2.286543319240291,GO:1901699,M1,1,0,GO Biological Processes,19,cellular response to nitrogen compound,19_GO:0050896 response to stimulus,-2.286543319240291,3.7770017460713396,3.5416333090057814,30284,633,76,6,7.894736842105263,3.093173328826495,1545|3484|5743|6654|7412|8140,CYP1B1|IGFBP1|PTGS2|SOS1|VCAM1|SLC7A5,-0.1335452143329761,0,4,0,0,-4.8221430745803655,7.228547559374628,
1,-2.1008010943468416,hsa05206,M1,1,0,KEGG Pathway,24,MicroRNAs in cancer,,-2.1008010943468416,5.108636977058031,3.6590004556156113,30284,312,76,4,5.2631578947368425,2.5613908599594084,1545|1591|5743|6654,CYP1B1|CYP24A1|PTGS2|SOS1,0.0,0,4,0,0,-4.8221430745803655,7.228547559374628,
1,-2.0217743306084923,GO:0001819,M1,1,0,GO Biological Processes,19,positive regulation of cytokine production,19_GO:0032501 multicellular organismal process,-2.0217743306084923,3.876203153798894,3.298807387248765,30284,514,76,5,6.578947368421052,2.8437655456270314,1545|2069|4938|5743|8140,CYP1B1|EREG|OAS1|PTGS2|SLC7A5,0.0,0,4,0,0,-4.8221430745803655,7.228547559374628,
1,-4.578342612553298,GO:0006081,M1,1,0,GO Biological Processes,19,aldehyde metabolic process,19_GO:0009987 cellular process,-4.578342612553298,23.43962848297214,9.29173661850782,30284,68,76,4,5.2631578947368425,2.5613908599594084,218|1545|132158|195814,ALDH3A1|CYP1B1|GLYCTK|SDR16C5,-1.6821708408179108,0,5,1,1,-4.578342612553298,23.43962848297214,
1,-4.528768759074213,GO:0032098,M1,1,0,GO Biological Processes,19,regulation of appetite,19_GO:0050896 response to stimulus,-4.528768759074213,49.80921052631579,11.998258106825968,30284,24,76,3,3.9473684210526314,2.233580806491709,5465|6581|9518,PPARA|SLC22A3|GDF15,-1.6478369538955622,0,6,1,1,-4.528768759074213,49.80921052631579,
1,-3.8527632475984404,GO:0045923,M1,1,0,GO Biological Processes,19,positive regulation of fatty acid metabolic process,19_GO:0048518 positive regulation of biological process,-3.8527632475984404,29.885526315789473,9.169294553673026,30284,40,76,3,3.9473684210526314,2.233580806491709,5465|5743|9518,PPARA|PTGS2|GDF15,-1.2418272043438023,0,6,0,0,-4.528768759074213,49.80921052631579,
1,-3.777594413305413,GO:0019217,M1,1,0,GO Biological Processes,19,regulation of fatty acid metabolic process,19_GO:0050789 regulation of biological process,-3.777594413305413,14.62288749396427,7.146675081529233,30284,109,76,4,5.2631578947368425,2.5613908599594084,5465|5743|9518|54658,PPARA|PTGS2|GDF15|UGT1A1,-1.1761650419329595,0,6,0,0,-4.528768759074213,49.80921052631579,
1,-3.447214354838393,GO:0045834,M1,1,0,GO Biological Processes,19,positive regulation of lipid metabolic process,19_GO:0048518 positive regulation of biological process,-3.447214354838393,11.98417095370004,6.367771952551986,30284,133,76,4,5.2631578947368425,2.5613908599594084,1917|5465|5743|9518,EEF1A2|PPARA|PTGS2|GDF15,-0.9489825917750434,0,6,0,0,-4.528768759074213,49.80921052631579,
1,-3.3280917698754173,GO:0010565,M1,1,0,GO Biological Processes,19,regulation of ketone metabolic process,19_GO:0050789 regulation of biological process,-3.3280917698754173,11.146117040853884,6.100062941766624,30284,143,76,4,5.2631578947368425,2.5613908599594084,5465|5743|9518|54658,PPARA|PTGS2|GDF15|UGT1A1,-0.8768565694882913,0,6,0,0,-4.528768759074213,49.80921052631579,
1,-2.7612073905076295,GO:0019216,M1,1,0,GO Biological Processes,19,regulation of lipid metabolic process,19_GO:0050789 regulation of biological process,-2.7612073905076295,5.808654288783182,4.492444522934822,30284,343,76,5,6.578947368421052,2.8437655456270314,1917|5465|5743|9518|54658,EEF1A2|PPARA|PTGS2|GDF15|UGT1A1,-0.4823355766569415,0,6,0,0,-4.528768759074213,49.80921052631579,
1,-2.1374164038313626,GO:0062013,M1,1,0,GO Biological Processes,19,positive regulation of small molecule metabolic process,19_GO:0048518 positive regulation of biological process,-2.1374164038313626,7.614146832048274,4.167647435667485,30284,157,76,3,3.9473684210526314,2.233580806491709,5465|5743|9518,PPARA|PTGS2|GDF15,-0.016803071901339357,0,6,0,0,-4.528768759074213,49.80921052631579,
1,-2.129864937460197,GO:0009746,M1,1,0,GO Biological Processes,19,response to hexose,19_GO:0050896 response to stimulus,-2.129864937460197,7.565956029313791,4.150505901781577,30284,158,76,3,3.9473684210526314,2.233580806491709,5465|5743|10723,PPARA|PTGS2|SLC12A7,-0.011844416108453408,0,6,0,0,-4.528768759074213,49.80921052631579,
1,-2.0784460372235323,GO:0034284,M1,1,0,GO Biological Processes,19,response to monosaccharide,19_GO:0050896 response to stimulus,-2.0784460372235323,7.244976076555024,4.034574459900215,30284,165,76,3,3.9473684210526314,2.233580806491709,5465|5743|10723,PPARA|PTGS2|SLC12A7,0.0,0,6,0,0,-4.528768759074213,49.80921052631579,
1,-4.027693583032935,WP299,M1,1,0,WikiPathways,27,Nuclear receptors in lipid metabolism and toxicity,,-4.027693583032935,34.15488721804511,9.84399363569665,30284,35,76,3,3.9473684210526314,2.233580806491709,1591|5465|8856,CYP24A1|PPARA|NR1I2,-1.3436941333450119,0,7,1,1,-4.027693583032935,34.15488721804511,
1,-3.9907068446331317,GO:0005996,M1,1,0,GO Biological Processes,19,monosaccharide metabolic process,19_GO:0009987 cellular process,-3.9907068446331317,10.828089244851258,6.707180798004551,30284,184,76,5,6.578947368421052,2.8437655456270314,4938|5465|9962|80201|132158,OAS1|PPARA|SLC23A2|HKDC1|GLYCTK,-1.3286182789311123,0,7,0,0,-4.027693583032935,34.15488721804511,
1,-3.914663410799447,GO:0030522,M1,1,0,GO Biological Processes,19,intracellular receptor signaling pathway,19_GO:0050896 response to stimulus,-3.914663410799447,10.431248277762469,6.558407188305133,30284,191,76,5,6.578947368421052,2.8437655456270314,1591|4938|5465|8856|57491,CYP24A1|OAS1|PPARA|NR1I2|AHRR,-1.2789037838197768,0,7,0,0,-4.027693583032935,34.15488721804511,
1,-3.134826838808718,GO:0019318,M1,1,0,GO Biological Processes,19,hexose metabolic process,19_GO:0009987 cellular process,-3.134826838808718,9.899967309578294,5.679335131167578,30284,161,76,4,5.2631578947368425,2.5613908599594084,4938|5465|80201|132158,OAS1|PPARA|HKDC1|GLYCTK,-0.7457395451704363,0,7,0,0,-4.027693583032935,34.15488721804511,
1,-3.048811931790424,GO:0005975,M1,1,0,GO Biological Processes,19,carbohydrate metabolic process,19_GO:0009987 cellular process,-3.048811931790424,5.372678888231816,4.661017323470432,30284,445,76,6,7.894736842105263,3.093173328826495,4938|5465|6520|9962|80201|132158,OAS1|PPARA|SLC3A2|SLC23A2|HKDC1|GLYCTK,-0.6922538629790624,0,7,0,0,-4.027693583032935,34.15488721804511,
1,-2.4614698435182483,GO:0006006,M1,1,0,GO Biological Processes,19,glucose metabolic process,19_GO:0009987 cellular process,-2.4614698435182483,9.961842105263157,4.933881369438205,30284,120,76,3,3.9473684210526314,2.233580806491709,4938|5465|80201,OAS1|PPARA|HKDC1,-0.25928239803778436,0,7,0,0,-4.027693583032935,34.15488721804511,
1,-2.122366251950427,hsa05160,M1,1,0,KEGG Pathway,24,Hepatitis C,,-2.122366251950427,7.5183714001986095,4.13351382300722,30284,159,76,3,3.9473684210526314,2.233580806491709,4938|5465|6654,OAS1|PPARA|SOS1,-0.0069231534864941475,0,7,0,0,-4.027693583032935,34.15488721804511,
1,-3.9908356047814726,R-HSA-1989781,M1,1,0,Reactome Gene Sets,6,PPARA activates gene expression,,-3.9908356047814726,16.6030701754386,7.68022185937777,30284,96,76,4,5.2631578947368425,2.5613908599594084,1543|4862|5465|57491,CYP1A1|NPAS2|PPARA|AHRR,-1.3286182789311123,0,8,1,1,-3.9908356047814726,21.734928229665073,
1,-3.9733696405975096,R-HSA-400206,M1,1,0,Reactome Gene Sets,6,Regulation of lipid metabolism by PPARalpha,,-3.9733696405975096,16.43190450352686,7.635556146324532,30284,97,76,4,5.2631578947368425,2.5613908599594084,1543|4862|5465|57491,CYP1A1|NPAS2|PPARA|AHRR,-1.3202359175484168,0,8,0,0,-3.9908356047814726,21.734928229665073,
1,-3.440378571181938,R-HSA-400253,M1,1,0,Reactome Gene Sets,6,Circadian Clock,,-3.440378571181938,21.734928229665073,7.719999087861642,30284,55,76,3,3.9473684210526314,2.233580806491709,4862|5465|102724428,NPAS2|PPARA|LOC102724428,-0.9483071168234068,0,8,0,0,-3.9908356047814726,21.734928229665073,
1,-2.6020938931959754,hsa04922,M1,1,0,KEGG Pathway,24,Glucagon signaling pathway,,-2.6020938931959754,11.172159370388588,5.287036045363445,30284,107,76,3,3.9473684210526314,2.233580806491709,5465|84699|102724428,PPARA|CREB3L3|LOC102724428,-0.36935380041761784,0,8,0,0,-3.9908356047814726,21.734928229665073,
1,-3.8659675206575437,GO:0031349,M1,1,0,GO Biological Processes,19,positive regulation of defense response,19_GO:0048518 positive regulation of biological process,-3.8659675206575437,6.212284609072794,5.581276383535964,30284,449,76,7,9.210526315789474,3.317058852129114,2069|2635|4862|4938|5743|9424|84699,EREG|GBP3|NPAS2|OAS1|PTGS2|KCNK6|CREB3L3,-1.2418272043438023,0,9,1,1,-3.8659675206575437,26.564912280701755,
1,-3.6994528546252115,M60,M1,1,0,Canonical Pathways,11,PID NFAT TFPATHWAY,,-3.6994528546252115,26.564912280701755,8.608195256831364,30284,45,76,3,3.9473684210526314,2.233580806491709,2635|5743|6520,GBP3|PTGS2|SLC3A2,-1.1372296438770013,0,9,0,0,-3.8659675206575437,26.564912280701755,
1,-2.471688227980829,hsa04668,M1,1,0,KEGG Pathway,24,TNF signaling pathway,,-2.471688227980829,10.045555064130916,4.959093488813573,30284,119,76,3,3.9473684210526314,2.233580806491709,5743|7412|84699,PTGS2|VCAM1|CREB3L3,-0.26189733327344017,0,9,0,0,-3.8659675206575437,26.564912280701755,
1,-2.441176558944108,GO:0032103,M1,1,0,GO Biological Processes,19,positive regulation of response to external stimulus,19_GO:0048518 positive regulation of biological process,-2.441176558944108,4.066058002148227,3.76586988201321,30284,588,76,6,7.894736842105263,3.093173328826495,2069|2635|4938|5743|9424|84699,EREG|GBP3|OAS1|PTGS2|KCNK6|CREB3L3,-0.2501351002495579,0,9,0,0,-3.8659675206575437,26.564912280701755,
1,-2.2907124938903336,GO:0050727,M1,1,0,GO Biological Processes,19,regulation of inflammatory response,19_GO:0050896 response to stimulus,-2.2907124938903336,4.507620862110026,3.7261048734479223,30284,442,76,5,6.578947368421052,2.8437655456270314,2635|5465|5743|64838|84699,GBP3|PPARA|PTGS2|FNDC4|CREB3L3,-0.13490341164919017,0,9,0,0,-3.8659675206575437,26.564912280701755,
1,-2.092886161619571,GO:0050729,M1,1,0,GO Biological Processes,19,positive regulation of inflammatory response,19_GO:0048518 positive regulation of biological process,-2.092886161619571,7.333871488537294,4.066994777711459,30284,163,76,3,3.9473684210526314,2.233580806491709,2635|5743|84699,GBP3|PTGS2|CREB3L3,0.0,0,9,0,0,-3.8659675206575437,26.564912280701755,
1,-3.7016209054709095,GO:0048871,M1,1,0,GO Biological Processes,19,multicellular organismal-level homeostasis,19_GO:0042592 homeostatic process,-3.7016209054709095,4.996535225210362,5.117480429607806,30284,638,76,8,10.526315789473685,3.520295021368098,360|4938|5743|6654|7032|8878|9518|25987,AQP3|OAS1|PTGS2|SOS1|TFF2|SQSTM1|GDF15|TSKU,-1.1372296438770013,0,10,1,1,-3.7016209054709095,18.391093117408907,
1,-3.688167757456354,WP4659,M1,1,0,WikiPathways,27,Gastrin signaling,,-3.688167757456354,13.859954233409612,6.930317696109439,30284,115,76,4,5.2631578947368425,2.5613908599594084,5743|6550|6654|7032,PTGS2|SLC9A3|SOS1|TFF2,-1.1372296438770013,0,10,0,0,-3.7016209054709095,18.391093117408907,
1,-3.2267937230332646,GO:0002931,M1,1,0,GO Biological Processes,19,response to ischemia,19_GO:0050896 response to stimulus,-3.2267937230332646,18.391093117408907,7.040261206231632,30284,65,76,3,3.9473684210526314,2.233580806491709,360|6654|8878,AQP3|SOS1|SQSTM1,-0.7972777723393748,0,10,0,0,-3.7016209054709095,18.391093117408907,
1,-3.615837693417165,GO:0042908,M1,1,0,GO Biological Processes,19,xenobiotic transport,19_GO:0051179 localization,-3.615837693417165,24.904605263157894,8.313526491850203,30284,48,76,3,3.9473684210526314,2.233580806491709,6581|8140|8856,SLC22A3|SLC7A5|NR1I2,-1.0920518258814271,0,11,1,1,-3.615837693417165,24.904605263157894,
1,-3.2170468720127565,GO:0015711,M1,1,0,GO Biological Processes,19,organic anion transport,19_GO:0051179 localization,-3.2170468720127565,5.788963935261884,4.915152188358626,30284,413,76,6,7.894736842105263,3.093173328826495,5743|6520|6581|8140|9962|219855,PTGS2|SLC3A2|SLC22A3|SLC7A5|SLC23A2|SLC37A2,-0.7927951613112239,0,11,0,0,-3.615837693417165,24.904605263157894,
1,-2.992162465010867,GO:0046942,M1,1,0,GO Biological Processes,19,carboxylic acid transport,19_GO:0051179 localization,-2.992162465010867,6.5538434903047085,4.881573948862877,30284,304,76,5,6.578947368421052,2.8437655456270314,5743|6520|6581|8140|9962,PTGS2|SLC3A2|SLC22A3|SLC7A5|SLC23A2,-0.6510955489943884,0,11,0,0,-3.615837693417165,24.904605263157894,
1,-2.9858251803100773,GO:0015849,M1,1,0,GO Biological Processes,19,organic acid transport,19_GO:0051179 localization,-2.9858251803100773,6.532355478861087,4.87075947958771,30284,305,76,5,6.578947368421052,2.8437655456270314,5743|6520|6581|8140|9962,PTGS2|SLC3A2|SLC22A3|SLC7A5|SLC23A2,-0.6510955489943884,0,11,0,0,-3.615837693417165,24.904605263157894,
1,-2.723422340378981,GO:0015695,M1,1,0,GO Biological Processes,19,organic cation transport,19_GO:0051179 localization,-2.723422340378981,12.323928377645144,5.602969543046763,30284,97,76,3,3.9473684210526314,2.233580806491709,6520|6581|8140,SLC3A2|SLC22A3|SLC7A5,-0.45927378334899915,0,11,0,0,-3.615837693417165,24.904605263157894,
1,-2.709078616635935,GO:0003013,M1,1,0,GO Biological Processes,19,circulatory system process,19_GO:0032501 multicellular organismal process,-2.709078616635935,4.606632187404928,4.156979165147535,30284,519,76,6,7.894736842105263,3.093173328826495,5465|5743|6581|8140|9424|9962,PPARA|PTGS2|SLC22A3|SLC7A5|KCNK6|SLC23A2,-0.45565392499772644,0,11,0,0,-3.615837693417165,24.904605263157894,
1,-2.2832133352770545,GO:1905039,M1,1,0,GO Biological Processes,19,carboxylic acid transmembrane transport,19_GO:0051179 localization,-2.2832133352770545,8.600151457781143,4.504714394006474,30284,139,76,3,3.9473684210526314,2.233580806491709,6520|8140|9962,SLC3A2|SLC7A5|SLC23A2,-0.1330081305539096,0,11,0,0,-3.615837693417165,24.904605263157894,
1,-2.249085365244627,GO:1903825,M1,1,0,GO Biological Processes,19,organic acid transmembrane transport,19_GO:0051179 localization,-2.249085365244627,8.359587780640412,4.424741850167425,30284,143,76,3,3.9473684210526314,2.233580806491709,6520|8140|9962,SLC3A2|SLC7A5|SLC23A2,-0.10563294189310306,0,11,0,0,-3.615837693417165,24.904605263157894,
1,-3.3511809021238914,WP2884,M1,1,0,WikiPathways,27,NRF2 pathway,,-3.3511809021238914,11.304217991787981,6.151437495673448,30284,141,76,4,5.2631578947368425,2.5613908599594084,218|8878|23764|54658,ALDH3A1|SQSTM1|MAFF|UGT1A1,-0.8883758626801729,0,12,1,1,-3.3511809021238914,11.304217991787981,
1,-3.230300463669548,M5885,M1,1,0,Canonical Pathways,11,NABA MATRISOME ASSOCIATED,,-3.230300463669548,4.244726329805873,4.516370030386475,30284,751,76,8,10.526315789473685,3.520295021368098,1953|2069|4586|7053|7477|9518|11093|80274,MEGF6|EREG|MUC5AC|TGM3|WNT7B|GDF15|ADAMTS13|SCUBE1,-0.7972777723393748,0,13,1,1,-3.230300463669548,5.808654288783182,
1,-2.7612073905076295,M5883,M1,1,0,Canonical Pathways,11,NABA SECRETED FACTORS,,-2.7612073905076295,5.808654288783182,4.492444522934822,30284,343,76,5,6.578947368421052,2.8437655456270314,1953|2069|7477|9518|80274,MEGF6|EREG|WNT7B|GDF15|SCUBE1,-0.4823355766569415,0,13,0,0,-3.230300463669548,5.808654288783182,
1,-2.244422937169545,GO:0030855,M1,1,0,GO Biological Processes,19,epithelial cell differentiation,19_GO:0032502 developmental process,-2.244422937169545,3.7009939709956003,3.480652648334754,30284,646,76,6,7.894736842105263,3.093173328826495,1543|2069|7053|7477|79152|80274,CYP1A1|EREG|TGM3|WNT7B|FA2H|SCUBE1,-0.10521311674786342,0,13,0,0,-3.230300463669548,5.808654288783182,
1,-3.1653543583828614,hsa04150,M1,1,0,KEGG Pathway,24,mTOR signaling pathway,,-3.1653543583828614,10.087941372418388,5.744716250439095,30284,158,76,4,5.2631578947368425,2.5613908599594084,6520|6654|7477|8140,SLC3A2|SOS1|WNT7B|SLC7A5,-0.7665072274554235,0,14,1,1,-3.1653543583828614,11.068713450292398,
1,-3.0792564396969553,WP5087,M1,1,0,WikiPathways,27,Pleural mesothelioma,,-3.0792564396969553,5.446109579187148,4.706758209443384,30284,439,76,6,7.894736842105263,3.093173328826495,3910|6520|6654|7477|8140|64840,LAMA4|SLC3A2|SOS1|WNT7B|SLC7A5|PORCN,-0.7145337040252308,0,14,0,0,-3.1653543583828614,11.068713450292398,
1,-2.81743810509589,hsa05165,M1,1,0,KEGG Pathway,24,Human papillomavirus infection,,-2.81743810509589,5.983088351509403,4.586277181353147,30284,333,76,5,6.578947368421052,2.8437655456270314,3910|5743|6654|7477|84699,LAMA4|PTGS2|SOS1|WNT7B|CREB3L3,-0.5155009871765084,0,14,0,0,-3.1653543583828614,11.068713450292398,
1,-2.5906373931955176,WP4321,M1,1,0,WikiPathways,27,Thermogenesis,,-2.5906373931955176,11.068713450292398,5.257754231581156,30284,108,76,3,3.9473684210526314,2.233580806491709,6654|51703|84699,SOS1|ACSL5|CREB3L3,-0.36125094242474776,0,14,0,0,-3.1653543583828614,11.068713450292398,
1,-2.1001802713222304,WP4239,M1,1,0,WikiPathways,27,Epithelial to mesenchymal transition in colorectal cancer,,-2.1001802713222304,7.379142300194932,4.083411555077358,30284,162,76,3,3.9473684210526314,2.233580806491709,6654|7477|9518,SOS1|WNT7B|GDF15,0.0,0,14,0,0,-3.1653543583828614,11.068713450292398,
1,-3.095075170142244,GO:0098739,M1,1,0,GO Biological Processes,19,import across plasma membrane,19_GO:0051179 localization,-3.095075170142244,9.659968102073366,5.594783022363415,30284,165,76,4,5.2631578947368425,2.5613908599594084,6520|6550|8140|10723,SLC3A2|SLC9A3|SLC7A5|SLC12A7,-0.724873220664336,0,15,1,1,-3.095075170142244,9.659968102073366,
1,-2.064199378432312,GO:0071805,M1,1,0,GO Biological Processes,19,potassium ion transmembrane transport,19_GO:0051179 localization,-2.064199378432312,7.158209895997479,4.002691569415363,30284,167,76,3,3.9473684210526314,2.233580806491709,6550|9424|10723,SLC9A3|KCNK6|SLC12A7,0.0,0,15,0,0,-3.095075170142244,9.659968102073366,
1,-3.075592274063269,GO:0030258,M1,1,0,GO Biological Processes,19,lipid modification,19_GO:0009987 cellular process,-3.075592274063269,9.544279861329972,5.553580918035819,30284,167,76,4,5.2631578947368425,2.5613908599594084,1543|3032|64840|79152,CYP1A1|HADHB|PORCN|FA2H,-0.7145337040252308,0,16,1,1,-3.075592274063269,9.544279861329972,
1,-2.9985235291829593,GO:0051056,M1,1,0,GO Biological Processes,19,regulation of small GTPase mediated signal transduction,19_GO:0050896 response to stimulus,-2.9985235291829593,6.575473336807365,4.892437185486054,30284,303,76,5,6.578947368421052,2.8437655456270314,6654|8878|51291|57186|253980,SOS1|SQSTM1|GMIP|RALGAPA2|KCTD13,-0.6510955489943884,0,17,1,1,-2.9985235291829593,7.662955465587045,
1,-2.1450213310372384,GO:0050806,M1,1,0,GO Biological Processes,19,positive regulation of synaptic transmission,19_GO:0048518 positive regulation of biological process,-2.1450213310372384,7.662955465587045,4.184940776792941,30284,156,76,3,3.9473684210526314,2.233580806491709,5743|8878|253980,PTGS2|SQSTM1|KCTD13,-0.021799615999686897,0,17,0,0,-2.9985235291829593,7.662955465587045,
1,-2.99597885090025,GO:0032890,M1,1,0,GO Biological Processes,19,regulation of organic acid transport,19_GO:0051179 localization,-2.99597885090025,15.32591093117409,6.354307054704284,30284,78,76,3,3.9473684210526314,2.233580806491709,5465|8140|51703,PPARA|SLC7A5|ACSL5,-0.6510955489943884,0,18,1,1,-2.99597885090025,15.32591093117409,
1,-2.1149196800741232,GO:0031099,M1,1,0,GO Biological Processes,19,regeneration,19_GO:0032502 developmental process,-2.1149196800741232,7.471381578947368,4.116668898384128,30284,160,76,3,3.9473684210526314,2.233580806491709,3484|8140|54658,IGFBP1|SLC7A5|UGT1A1,-0.004585987388670516,0,18,0,0,-2.99597885090025,15.32591093117409,
1,-2.948516154257862,R-HSA-381119,M1,1,0,Reactome Gene Sets,6,Unfolded Protein Response (UPR),,-2.948516154257862,14.758284600389864,6.219092482386471,30284,81,76,3,3.9473684210526314,2.233580806491709,3484|11015|84699,IGFBP1|KDELR3|CREB3L3,-0.6180235758854279,0,19,1,1,-2.948516154257862,14.758284600389864,
1,-2.109483320410391,R-HSA-2262752,M1,1,0,Reactome Gene Sets,6,Cellular responses to stress,,-2.109483320410391,3.464988558352403,3.285359329044393,30284,690,76,6,7.894736842105263,3.093173328826495,3484|4862|5465|8878|11015|84699,IGFBP1|NPAS2|PPARA|SQSTM1|KDELR3|CREB3L3,-0.0016819642403334781,0,19,0,0,-2.948516154257862,14.758284600389864,
1,-2.9028867982453304,GO:0097009,M1,1,0,GO Biological Processes,19,energy homeostasis,19_GO:0042592 homeostatic process,-2.9028867982453304,14.231203007518797,6.090890087638035,30284,84,76,3,3.9473684210526314,2.233580806491709,8878|9518|25987,SQSTM1|GDF15|TSKU,-0.5814909292295832,0,20,1,1,-2.9028867982453304,14.231203007518797,
1,-2.043182027646634,GO:0071559,M1,1,0,GO Biological Processes,19,response to transforming growth factor beta,19_GO:0050896 response to stimulus,-2.043182027646634,7.031888544891641,3.9558407868370096,30284,170,76,3,3.9473684210526314,2.233580806491709,9518|25987|64838,GDF15|TSKU|FNDC4,0.0,0,20,0,0,-2.9028867982453304,14.231203007518797,
1,-2.8937801818903077,WP2877,M1,1,0,WikiPathways,27,Vitamin D receptor pathway,,-2.8937801818903077,8.523501266535323,5.176359798503639,30284,187,76,4,5.2631578947368425,2.5613908599594084,1543|1591|3484|219855,CYP1A1|CYP24A1|IGFBP1|SLC37A2,-0.5798341564979108,0,21,1,1,-2.8937801818903077,11.277557100297916,
1,-2.6961830623832066,GO:0044282,M1,1,0,GO Biological Processes,19,small molecule catabolic process,19_GO:0009987 cellular process,-2.6961830623832066,5.612305411415863,4.384614226015047,30284,355,76,5,6.578947368421052,2.8437655456270314,1543|1591|3032|9615|132158,CYP1A1|CYP24A1|HADHB|GDA|GLYCTK,-0.45322380442316296,0,21,0,0,-2.8937801818903077,11.277557100297916,
1,-2.613666295742563,GO:0006766,M1,1,0,GO Biological Processes,19,vitamin metabolic process,19_GO:0009987 cellular process,-2.613666295742563,11.277557100297916,5.316708648438316,30284,106,76,3,3.9473684210526314,2.233580806491709,1543|1591|9962,CYP1A1|CYP24A1|SLC23A2,-0.3741402136209135,0,21,0,0,-2.8937801818903077,11.277557100297916,
1,-2.8188389622528174,M3008,M1,1,0,Canonical Pathways,11,NABA ECM GLYCOPROTEINS,,-2.8188389622528174,8.132116004296456,5.024525237462389,30284,196,76,4,5.2631578947368425,2.5613908599594084,3484|3910|25987|342035,IGFBP1|LAMA4|TSKU|GLDN,-0.5155009871765084,0,22,1,1,-2.8188389622528174,8.132116004296456,
1,-2.3407144055217395,GO:0007169,M1,1,0,GO Biological Processes,19,cell surface receptor protein tyrosine kinase signaling pathway,19_GO:0050896 response to stimulus,-2.3407144055217395,4.633414932680538,3.8062141405852445,30284,430,76,5,6.578947368421052,2.8437655456270314,2069|3484|6654|9518|25976,EREG|IGFBP1|SOS1|GDF15|TIPARP,-0.1617374582285701,0,22,0,0,-2.8188389622528174,8.132116004296456,
1,-2.2997234266224265,GO:0007167,M1,1,0,GO Biological Processes,19,enzyme-linked receptor protein signaling pathway,19_GO:0050896 response to stimulus,-2.2997234266224265,3.801020835076563,3.5607210822510824,30284,629,76,6,7.894736842105263,3.093173328826495,2069|3484|6654|9518|25976|25987,EREG|IGFBP1|SOS1|GDF15|TIPARP|TSKU,-0.13490341164919017,0,22,0,0,-2.8188389622528174,8.132116004296456,
1,-2.2948165808065886,GO:0040007,M1,1,0,GO Biological Processes,19,growth,19_GO:0040007 growth,-2.2948165808065886,4.517842224609142,3.7326706406554258,30284,441,76,5,6.578947368421052,2.8437655456270314,2069|3484|6654|7477|25987,EREG|IGFBP1|SOS1|WNT7B|TSKU,-0.13490341164919017,0,22,0,0,-2.8188389622528174,8.132116004296456,
1,-2.2948165808065886,GO:0048589,M1,1,0,GO Biological Processes,19,developmental growth,19_GO:0040007 growth,-2.2948165808065886,4.517842224609142,3.7326706406554258,30284,441,76,5,6.578947368421052,2.8437655456270314,2069|3484|6654|7477|25987,EREG|IGFBP1|SOS1|WNT7B|TSKU,-0.13490341164919017,0,22,0,0,-2.8188389622528174,8.132116004296456,
1,-2.2911405250718992,M5884,M1,1,0,Canonical Pathways,11,NABA CORE MATRISOME,,-2.2911405250718992,5.795980861244019,4.007405451114349,30284,275,76,4,5.2631578947368425,2.5613908599594084,3484|3910|25987|342035,IGFBP1|LAMA4|TSKU|GLDN,-0.13490341164919017,0,22,0,0,-2.8188389622528174,8.132116004296456,
1,-2.8060373981038516,GO:0042060,M1,1,0,GO Biological Processes,19,wound healing,19_GO:0050896 response to stimulus,-2.8060373981038516,5.947368421052631,4.567207586065933,30284,335,76,5,6.578947368421052,2.8437655456270314,2069|5465|11093|25987|80274,EREG|PPARA|ADAMTS13|TSKU|SCUBE1,-0.5080305738129025,0,23,1,1,-2.8060373981038516,7.158209895997479,
1,-2.2911405250718992,GO:0048511,M1,1,0,GO Biological Processes,19,rhythmic process,19_GO:0048511 rhythmic process,-2.2911405250718992,5.795980861244019,4.007405451114349,30284,275,76,4,5.2631578947368425,2.5613908599594084,1545|2069|4862|5465,CYP1B1|EREG|NPAS2|PPARA,-0.13490341164919017,0,23,0,0,-2.8060373981038516,7.158209895997479,
1,-2.266321014623745,GO:0009611,M1,1,0,GO Biological Processes,19,response to wounding,19_GO:0050896 response to stimulus,-2.266321014623745,4.447250939849623,3.687116538458912,30284,448,76,5,6.578947368421052,2.8437655456270314,2069|5465|11093|25987|80274,EREG|PPARA|ADAMTS13|TSKU|SCUBE1,-0.11889086395537216,0,23,0,0,-2.8060373981038516,7.158209895997479,
1,-2.1797086169062414,GO:0051054,M1,1,0,GO Biological Processes,19,positive regulation of DNA metabolic process,19_GO:0048518 positive regulation of biological process,-2.1797086169062414,5.384779516358464,3.802464102927212,30284,296,76,4,5.2631578947368425,2.5613908599594084,1545|2069|4862|253980,CYP1B1|EREG|NPAS2|KCTD13,-0.04856641823259273,0,23,0,0,-2.8060373981038516,7.158209895997479,
1,-2.064199378432312,GO:0051147,M1,1,0,GO Biological Processes,19,regulation of muscle cell differentiation,19_GO:0032502 developmental process,-2.064199378432312,7.158209895997479,4.002691569415363,30284,167,76,3,3.9473684210526314,2.233580806491709,2069|5465|93145,EREG|PPARA|OLFM2,0.0,0,23,0,0,-2.8060373981038516,7.158209895997479,
1,-2.783469671231335,GO:0008544,M1,1,0,GO Biological Processes,19,epidermis development,19_GO:0032502 developmental process,-2.783469671231335,5.8771929824561395,4.529527375071091,30284,339,76,5,6.578947368421052,2.8437655456270314,2069|5465|6654|7053|79152,EREG|PPARA|SOS1|TGM3|FA2H,-0.4893578908239103,0,24,1,1,-2.783469671231335,12.198174006444683,
1,-2.7106986180150483,GO:0042303,M1,1,0,GO Biological Processes,19,molting cycle,19_GO:0032501 multicellular organismal process,-2.7106986180150483,12.198174006444683,5.569327073519404,30284,98,76,3,3.9473684210526314,2.233580806491709,5743|6654|7053,PTGS2|SOS1|TGM3,-0.45565392499772644,0,24,0,0,-2.783469671231335,12.198174006444683,
1,-2.7106986180150483,GO:0042633,M1,1,0,GO Biological Processes,19,hair cycle,19_GO:0032501 multicellular organismal process,-2.7106986180150483,12.198174006444683,5.569327073519404,30284,98,76,3,3.9473684210526314,2.233580806491709,5743|6654|7053,PTGS2|SOS1|TGM3,-0.45565392499772644,0,24,0,0,-2.783469671231335,12.198174006444683,
1,-2.4820001203244595,GO:0098773,M1,1,0,GO Biological Processes,19,skin epidermis development,19_GO:0032502 developmental process,-2.4820001203244595,10.130686886708297,4.9846061437531475,30284,118,76,3,3.9473684210526314,2.233580806491709,6654|7053|79152,SOS1|TGM3|FA2H,-0.2682349992820207,0,24,0,0,-2.783469671231335,12.198174006444683,
1,-2.247565620650258,GO:0043588,M1,1,0,GO Biological Processes,19,skin development,19_GO:0032502 developmental process,-2.247565620650258,5.632136879300726,3.926919465080321,30284,283,76,4,5.2631578947368425,2.5613908599594084,2069|6654|7053|79152,EREG|SOS1|TGM3|FA2H,-0.10563294189310306,0,24,0,0,-2.783469671231335,12.198174006444683,
1,-2.723422340378981,GO:0009308,M1,1,0,GO Biological Processes,19,amine metabolic process,19_GO:0009987 cellular process,-2.723422340378981,12.323928377645144,5.602969543046763,30284,97,76,3,3.9473684210526314,2.233580806491709,1543|6581|7412,CYP1A1|SLC22A3|VCAM1,-0.45927378334899915,0,25,1,1,-2.723422340378981,12.323928377645144,
1,-2.6981133255749987,hsa05231,M1,1,0,KEGG Pathway,24,Choline metabolism in cancer,,-2.6981133255749987,12.074960127591707,5.536170242838388,30284,99,76,3,3.9473684210526314,2.233580806491709,6581|6654|8605,SLC22A3|SOS1|PLA2G4C,-0.45322380442316296,0,25,0,0,-2.723422340378981,12.323928377645144,
1,-2.524215542801556,GO:0044409,M1,1,0,GO Biological Processes,19,symbiont entry into host,19_GO:0044419 biological process involved in interspecies interaction between organisms,-2.524215542801556,10.486149584487535,5.089791561155279,30284,114,76,3,3.9473684210526314,2.233580806491709,290|2838|6520,ANPEP|GPR15|SLC3A2,-0.3047373806910353,0,26,1,1,-2.524215542801556,10.486149584487535,
1,-2.524215542801556,GO:0046718,M1,1,0,GO Biological Processes,19,symbiont entry into host cell,19_GO:0016032 viral process,-2.524215542801556,10.486149584487535,5.089791561155279,30284,114,76,3,3.9473684210526314,2.233580806491709,290|2838|6520,ANPEP|GPR15|SLC3A2,-0.3047373806910353,0,26,0,0,-2.524215542801556,10.486149584487535,
1,-2.1838726248158027,GO:0051701,M1,1,0,GO Biological Processes,19,biological process involved in interaction with host,19_GO:0044419 biological process involved in interspecies interaction between organisms,-2.1838726248158027,7.916695712791913,4.273770687840696,30284,151,76,3,3.9473684210526314,2.233580806491709,290|2838|6520,ANPEP|GPR15|SLC3A2,-0.05005783628082712,0,26,0,0,-2.524215542801556,10.486149584487535,
1,-2.481231033864621,R-HSA-5668914,M1,1,0,Reactome Gene Sets,6,Diseases of metabolism,,-2.481231033864621,6.559237600173273,4.364218021258167,30284,243,76,4,5.2631578947368425,2.5613908599594084,1545|1591|4586|11093,CYP1B1|CYP24A1|MUC5AC|ADAMTS13,-0.2682349992820207,0,27,1,1,-2.481231033864621,6.559237600173273,
1,-2.159523171945572,GO:0016042,M1,1,0,GO Biological Processes,19,lipid catabolic process,19_GO:0009987 cellular process,-2.159523171945572,5.312982456140351,3.765639946950444,30284,300,76,4,5.2631578947368425,2.5613908599594084,1545|1591|3032|8605,CYP1B1|CYP24A1|HADHB|PLA2G4C,-0.033677313081871864,0,27,0,0,-2.481231033864621,6.559237600173273,
1,-2.1149196800741232,WP706,M1,1,0,WikiPathways,27,Sudden infant death syndrome SIDS susceptibility pathways,,-2.1149196800741232,7.471381578947368,4.116668898384128,30284,160,76,3,3.9473684210526314,2.233580806491709,3032|6550|7433,HADHB|SLC9A3|VIPR1,-0.004585987388670516,0,28,1,1,-2.1149196800741232,7.471381578947368,
1,-2.0157940518753072,GO:0015850,M1,1,0,GO Biological Processes,19,organic hydroxy compound transport,19_GO:0051179 localization,-2.0157940518753072,6.8702359346642465,3.8951129976098935,30284,174,76,3,3.9473684210526314,2.233580806491709,360|6581|25987,AQP3|SLC22A3|TSKU,0.0,0,29,1,1,-2.0157940518753072,6.8702359346642465,
1,-2.0157940518753072,GO:0030856,M1,1,0,GO Biological Processes,19,regulation of epithelial cell differentiation,19_GO:0032502 developmental process,-2.0157940518753072,6.8702359346642465,3.8951129976098935,30284,174,76,3,3.9473684210526314,2.233580806491709,360|23764|84913,AQP3|MAFF|ATOH8,0.0,0,29,0,0,-2.0157940518753072,6.8702359346642465,
